# generated from hanzi_chaizi simplified data; see THIRD_PARTY_NOTICES.md
yijue	丁	ding	一+亅	4011
yibao	万	wan	一+勹	25941
yidao	万	wan	一+刀	25941
yiyi	丈	zhang	一+乂	305
yier	三	san	一+二	26761
yiyiyi	三	san	一+一+一	26761
yieyi	上	shang	一+丨+一	284918
dianeyi	上	shang	丶+丨+一	284918
yibu	下	xia	一+卜	163638
yiedian	下	xia	一+丨+丶	163638
yipiee	丌	ji	一+丿+丨	78
yipieedian	不	bu	一+丿+丨+丶	590643
xiabao	丐	gai	下+勹	128
zhengpie	丐	gai	正+丿	128
yueyi	且	qie	月+一	12175
buyi	丕	pi	不+一	143
nianeyi	世	shi	廿+丨+一	3253
niane	丗	shi	廿+丨	90
changgong	丘	qiu	厂+工	725
yirenjiong	丙	bing	一+人+冂	683
zhengyi	丞	cheng	氶+一	160
piequ	丢	diu	丿+去	5594
yishanjiong	両	liang	一+山+冂	7
diandiane	丫	ya	丶+丶+丨	5309
koue	中	zhong	口+丨	243213
pieere	丰	feng	丿+二+丨	1689
sane	丰	feng	三+丨	1689
koukoue	串	chuan	口+口+丨	1399
zhongkou	串	chuan	中+口	1399
chuanpie	丳	chan	串+丿	2
dianjiu	丸	wan	丶+九	1024
jiongdianyi	丹	dan	冂+丶+一	2418
dianwang	主	zhu	丶+王	10842
jingdian	丼	jing	井+丶	4
pieru	久	jiu	丿+入	8100
pieqi	乇	zhe	丿+七	67
piezhi	乏	fa	丿+之	328
qiupie	乒	ping	丘+丿	41
qiudian	乓	pang	丘+丶	25
changyipo	乕	hu	厂+一+巿	8
changerjin	乕	hu	厂+二+巾	8
qianbei	乖	guai	千+北	18529
hebei	乘	cheng	禾+北	2409
hepanbi	乘	cheng	禾+丬+匕	2409
pieyi	九	jiu	丿+乙	5217
pieyiyi	乞	qi	丿+一+乙	203
shanyi	乢	gai	山+乙	118
zhanyi	乩	ji	占+乙	11
fuyi	乳	ru	孚+乙	1092
shayi	乷	sha	沙+乙	3
yishi	干	gan	一+十	22116
zhuamiyi	乿	zhi	爪+糸+乙	7
guiri	亀	gui	龟+日	6
guiyue	亀	gui	龟+曰	6
daoridian	亀	gui	刀+日+电	6
sheyi	乱	luan	舌+乙	12576
yiyi	亄	yi	壹+乙	3
yikouyu	事	shi	一+口+聿	38942
yiyi	二	er	一+一	20319
yiding	亍	chu	一+丁	80
erjue	于	yu	二+亅	73708
ersi	云	yun	二+厶	8398
yiji	互	hu	一+彑	1223
yiji	亓	qi	一+丌	109
erpiee	井	jing	二+丿+丨	2051
yidan	亘	gen	一+旦	63
erri	亘	gen	二+日	63
cier	些	xie	此+二	21951
yiye	亚	ya	一+业	4107
dianyi	亠	wen	丶+一	73
dianxi	亡	wang	丶+匸	738
wenji	亢	kang	亠+几	146
wenfu	交	jiao	亠+父	14714
wenpiejueba	亦	yi	亠+丿+亅+八	5497
wenkoule	亨	heng	亠+口+了	489
wenkouzi	享	xiang	亠+口+子	608
wenkouxiao	京	jing	亠+口+小	2347
wenrixiao	亰	jing	亠+日+小	4
wenkoujiongzhe	亳	bo	亠+口+冂+乇	25
wenhuidan	亶	dan	亠+回+旦	27
wenxin	亹	men	亠+舋	8
piee	亻	ren	丿+丨	30
renyi	亼	ji	人+一	95
renshi	什	shen	人+十	890
rener	仁	ren	人+二	2400
renli	仂	le	人+力	139
rending	仃	ding	人+丁	17
changren	仄	ze	厂+人	152
renbu	仆	pu	人+卜	181
renjiu	仇	chou	人+九	664
renba	仈	ba	人+八	10
renji	仉	zhang	人+几	8
renpiee	介	jie	人+丿+丨	1122
rennai	仍	reng	人+乃	8751
rensi	仏	fo	人+厶	4
renzi	仔	zai	人+子	1416
renshi	仕	shi	人+士	761
renye	他	ta	人+也	343908
renzhang	仗	zhang	人+丈	541
rencun	付	fu	人+寸	6081
renshan	仙	xian	人+山	2749
renshan	仚	xian	人+山	4
rengong	仜	hong	人+工	7
jiongyikou	同	tong	冂+一+口	24012
renren	仞	ren	人+刃	52
renqian	仟	qian	人+千	183
renqi	仡	ge	人+乞	3
renyi	代	dai	人+弋	5504
renyidan	令	ling	人+一+卩	7764
rensan	仨	sa	人+三	328
renme	仫	mu	人+么	7
renren	仭	ren	人+刄	7
renfan	仮	fan	人+反	5
renyang	仰	yang	人+卬	425
renjin	仱	qian	人+今	7
renzhong	仲	zhong	人+中	3273
renbi	仳	pi	人+比	10
renyue	仴	wo	人+月	6
renwu	仵	wu	人+午	28
renniu	件	jian	人+牛	7286
renren	任	ren	人+壬	7851
renwang	仼	wang	人+王	5
renfen	份	fen	人+分	6408
renfang	仿	fang	人+方	1252
rengong	伀	zhong	人+公	10
renzhi	企	qi	人+止	1179
renpo	伂	pei	人+巿	6
renyu	伃	yu	人+予	5
rendiao	伄	diao	人+弔	5
rentun	伅	dun	人+屯	10
renxin	伈	xin	人+心	16
renkang	伉	kang	人+亢	13
renyin	伊	yi	人+尹	3849
renji	伋	ji	人+及	8
renwu	伍	wu	人+五	1069
renzhi	伎	ji	人+支	83
renquan	伏	fu	人+犬	826
renge	伐	fa	人+戈	10721
renmu	休	xiu	人+木	2127
renjin	伒	yin	人+斤	9
renbu	伓	pi	人+不	7
renrong	伔	shen	人+冗	4
renfu	伕	fu	人+夫	8
renhuo	伙	huo	人+火	271
renzu	伜	zu	人+卆	5
renya	伢	ya	人+牙	85
renxuan	伭	xian	人+玄	5
renbai	伯	bo	人+白	1525
rengu	估	gu	人+古	426
renni	伲	ni	人+尼	14
renshi	伳	xie	人+世	6
renban	伴	ban	人+半	1657
renling	伶	ling	人+令	174
renshen	伸	shen	人+申	997
renqie	伹	zu	人+且	4
rensi	伺	si	人+司	66
renping	伻	beng	人+平	6
renyi	似	si	人+以	3298
renjia	伽	ga	人+加	335
renpi	伾	pi	人+丕	13
renzhi	伿	yi	人+只	3
rentai	佁	yi	人+台	4
rentian	佃	dian	人+田	48
rendan	但	dan	人+旦	115581
renbaoyi	伫	zhu	人+宀+一	48
renbaodingzhu	伫	zhu	人+宀+丁+佇	48
yipiejin	布	bu	一+丿+巾	4781
renqu	佉	qu	人+去	13
renci	佌	ci	人+此	7
renli	位	wei	人+立	14033
rendi	低	di	人+氐	15738
renzhu	住	zhu	人+主	21924
renzuo	佐	zuo	人+左	1852
renyou	佑	you	人+右	608
renyang	佒	yang	人+央	6
renzhan	佔	zhan	人+占	20
renke	何	he	人+可	6636
renbi	佖	bi	人+必	7
renta	佗	tuo	人+它	53
renshi	佘	she	人+示	257
renyuba	余	yu	人+于+八	4431
renshi	佚	yi	人+失	83
renfu	佛	fo	人+弗	4148
renzha	作	zuo	人+乍	19307
renju	佝	gou	人+句	7
renernv	佞	ning	人+二+女	30
rendong	佟	tong	人+冬	395
rener	你	ni	人+尔	973526
renxian	佡	xian	人+仚	7
renju	佢	qu	人+巨	2904
renyong	佣	yong	人+用	103
renwa	佤	wa	人+瓦	31
renka	佧	ka	人+卡	7
renhui	佪	hui	人+回	6
renge	佫	he	人+各	5
renlao	佬	lao	人+老	686
renhe	佮	ge	人+合	4
renyang	佯	yang	人+羊	97
renbai	佰	bai	人+百	274
rengui	佳	jia	人+圭	2904
rentutu	佳	jia	人+土+土	2904
rener	佴	nai	人+耳	3
renji	佶	ji	人+吉	22
rengen	佷	heng	人+艮	41
renshe	佸	huo	人+舌	44
renwei	佹	gui	人+危	31
renquan	佺	quan	人+全	37
renzhao	佻	tiao	人+兆	15
renjiao	佼	jiao	人+交	18
renci	佽	ci	人+次	19
renbayue	佾	yi	人+八+月	13
renbarou	佾	yi	人+八+肉	13
renli	使	shi	人+吏	34422
renxing	侀	xing	人+刑	17
renxian	侁	shen	人+先	10
renguangzhe	侂	tuo	人+广+乇	14
renkouchuan	侃	kan	人+口+川	543
renzhi	侄	zhi	人+至	100
renhai	侅	hai	人+亥	5
yimi	来	lai	一+米	233997
renyi	侇	yi	人+夷	11
renduo	侈	chi	人+多	31
renkua	侉	kua	人+夸	9
renguang	侊	guang	人+光	7
renlie	例	li	人+列	2655
rensi	侍	shi	人+寺	363
renzhu	侏	zhu	人+朱	27
renxue	侐	xu	人+血	4
renyou	侑	you	人+有	71
renan	侒	an	人+安	4
renmou	侔	mou	人+牟	21
rener	侕	er	人+而	5
renbi	仑	lun	人+匕	200
rentong	侗	dong	人+同	44
renzhai	侘	cha	人+宅	6
renxun	侚	xun	人+旬	5
rengong	供	gong	人+共	4781
renzhou	侜	zhou	人+舟	4
renyi	依	yi	人+衣	3390
renru	侞	ru	人+如	7
renjie	价	jia	人+介	5685
renwang	侫	ning	人+忘	5
renjin	侭	jin	人+尽	2
renmei	侮	wu	人+每	45
renchen	侲	zhen	人+辰	4
renzuo	侳	zuo	人+坐	3
renlv	侣	lv	人+吕	241
renju	侷	ju	人+局	3
renting	侹	ting	人+廷	5
rencen	侺	shen	人+岑	2
rendui	侻	tuo	人+兌	4
rengeng	便	bian	人+更	16095
rentuo	俀	tui	人+妥	4
renwu	俣	yu	人+吴	14
piemi	系	xi	丿+糸	23892
pieyaoxiao	系	xi	丿+幺+小	23892
renzu	促	cu	人+足	1409
renwo	俄	e	人+我	11525
renqiu	俅	qiu	人+求	11
renkuang	俇	guang	人+狂	4
renwu	俉	wu	人+吾	4
renqun	俊	jun	人+夋	2406
renyi	俋	yi	人+邑	6
renliang	俍	liang	人+良	4
renrenqie	俎	zu	人+人+且	41
renxiao	俏	qiao	人+肖	369
renli	俐	li	人+利	176
renyong	俑	yong	人+甬	80
renfou	俖	pei	人+否	2
rengu	俗	su	人+谷	1370
renfu	俘	fu	人+孚	61
renxi	俙	xi	人+希	3
renli	俚	li	人+里	35
renmian	俛	mian	人+免	7
renping	俜	ping	人+甹	4
rendai	保	bao	人+呆	4532
renyiyuedao	俞	shu	人+一+月+刀	510
renyi	俟	si	人+矣	66
renjia	侠	xia	人+夹	855
renyan	信	xin	人+言	11312
rendi	俤	di	人+弟	8
yousan	修	xiu	攸+彡	6710
renfu	俯	fu	人+府	194
renju	俱	ju	人+具	1027
renfei	俳	pai	人+非	16
renbiao	俵	biao	人+表	8
renshu	俶	ti	人+叔	14
renfei	俷	fei	人+肥	22
renfeng	俸	feng	人+奉	56
renyan	俺	an	人+奄	16897
renbei	俾	bi	人+卑	1617
renhu	俿	hu	人+虎	6
renchang	伥	chang	人+长	14
renbing	併	bing	人+并	10
renzu	倅	zu	人+卒	4
renliang	俩	lia	人+两	5217
renwan	倇	wan	人+宛	4
rendan	仓	cang	人+卩	2113
rene	个	ge	人+丨	245957
renguan	倌	guan	人+官	56
renlikou	倍	bei	人+立+口	3368
rendian	倎	tian	人+典	12
youquan	倏	shu	攸+犬	44
renmen	们	men	人+门	65806
rendao	倒	dao	人+到	13603
renyan	倓	tan	人+炎	12
renqu	倔	jue	人+屈	146
renchui	倕	zhui	人+垂	11
tuyang	幸	xing	土+羊	881
renpeng	倗	ping	人+朋	6
renshang	倘	tang	人+尚	183
houe	候	hou	侯+丨	941
renqi	倚	yi	人+奇	622
renqi	倛	qi	人+其	6
renzhou	倜	ti	人+周	24
renjing	倞	liang	人+京	4
renxi	借	jie	人+昔	7169
renzhui	倠	sui	人+隹	3
renchang	倡	chang	人+昌	97
renqie	倢	jie	人+疌	4
renfang	倣	fang	人+放	9
renzhi	値	zhi	人+直	12
renkong	倥	kong	人+空	13
renjuan	倦	juan	人+卷	285
renzong	倧	zong	人+宗	5
renju	倨	ju	人+居	16
renqing	倩	qian	人+青	599
rener	倪	ni	人+兒	894
renlun	伦	lun	人+仑	1356
renzhuo	倬	zhuo	人+卓	34
renwei	倭	wo	人+委	157
renguo	倮	luo	人+果	24
rensong	倯	song	人+松	3
renling	倰	ling	人+夌	3
renkun	倱	hun	人+昆	4
renshi	倳	zi	人+事	11
renwu	倵	wu	人+武	7
renju	倶	ju	人+具	12
rennai	倷	nai	人+奈	10
renqian	俭	jian	人+佥	224
renye	倻	ye	人+耶	6
renzhi	值	zhi	人+直	9175
renying	偀	ying	人+英	4
renqian	偂	jian	人+前	7
renyan	偃	yan	人+匽	78
renzhong	偅	tong	人+重	15
renchun	偆	chun	人+春	11
renhe	偈	ji	人+曷	70
renwei	伟	wei	人+韦	2561
renyu	偊	yu	人+禹	6
renping	偋	bing	人+屏	6
renruo	偌	ruo	人+若	38
renshi	偍	ti	人+是	8
renwei	偎	wei	人+畏	82
renbian	偏	pian	人+扁	3153
renyan	偐	yan	人+彦	11
renwu	偓	wo	人+屋	30
renjie	偕	xie	人+皆	121
renzhe	偖	che	人+者	6
rensheng	偗	sheng	人+省	6
rengu	做	zuo	人+故	154137
rencha	偛	cha	人+臿	11
renting	停	ting	人+亭	5939
renbei	偝	bei	人+背	7
renhuang	偟	huang	人+皇	9
renyao	偠	yao	人+要	13
renshen	偡	zhan	人+甚	4
renqiu	偢	zou	人+秋	6
renyin	偣	yan	人+音	7
renqiu	偤	you	人+酋	7
renjian	健	jian	人+建	1820
renzha	偨	ci	人+奓	8
rendai	偫	zhi	人+待	3
rencong	偬	zong	人+怱	10
renmian	偭	mian	人+面	4
renqi	偮	ji	人+咠	5
renai	偯	yi	人+哀	5
renqi	偰	xie	人+契	9
rensi	偲	cai	人+思	10
renzhuan	偳	duan	人+耑	4
renze	侧	ce	人+则	2221
renzhen	侦	zhen	人+贞	100
renyu	偶	ou	人+禺	24864
renshu	偷	tou	人+俞	3462
renzan	偺	zan	人+昝	10
renwei	伪	wei	人+为	978
rengui	傀	kui	人+鬼	12
rensi	傂	zhi	人+虒	4
rensu	傃	su	人+素	5
renfucun	傅	fu	人+甫+寸	1163
renpo	傅	fu	亻+尃	1163
renrong	傇	rong	人+茸	3
renli	傈	li	人+栗	112
rengou	傋	jiang	人+冓	4
renma	傌	ma	人+馬	3
renpang	傍	bang	人+旁	514
renzhen	傎	dian	人+真	5
muhuo	杰	jie	木+火	2963
renxi	傒	xi	人+奚	9
rendiandianjian	傔	qian	人+丶+丶+兼	4
rencang	伧	chen	人+仓	5
dongtian	备	bei	夂+田	1571
renjiaopo	傚	xiao	人+交+攴	36
renjiaofan	傚	xiao	人+交+攵	36
renrong	傛	yong	人+容	19
renriyu	傝	tan	人+日+羽	15
rencha	傞	suo	人+差	10
baoshi	家	jia	宀+豕	52256
rentai	傣	dai	人+泰	49
rencui	催	cui	人+崔	2436
rencao	傮	zao	人+曹	1
rencong	傯	zong	人+悤	3
renbeng	傰	peng	人+崩	3
renao	傲	ao	人+敖	597
renzhuan	传	chuan	人+专	14495
renqu	伛	yu	人+区	4
renze	债	zhai	人+责	898
renqi	傶	zu	人+戚	1
renpieyili	伤	shang	人+丿+一+力	5552
renshuang	傸	chuang	人+爽	2
renji	傺	chi	人+祭	7
renxinerxi	傻	sha	人+囟+儿+夕	7160
renxinerdong	傻	sha	亻+囟+儿+夂	7160
renzhang	傽	zhang	人+章	2
renqing	倾	qing	人+顷	1211
renyan	傿	yin	人+焉	2
renxi	僁	xie	人+悉	2
renlou	偻	lou	人+娄	7
renpiao	僄	piao	人+票	3
renyou	仅	jin	人+又	6472
renlu	僇	lu	人+翏	3
renman	僈	man	人+曼	3
renyixiaoyi	佥	qian	人+一+小+一	33
renxidaji	僊	xian	人+西+大+己	3
renxun	僎	zun	人+巽	2
renxiang	像	xiang	人+象	34680
renqiao	侨	qiao	人+乔	341
renzun	僔	zun	人+尊	4
renxi	僖	xi	人+喜	40
renchang	僘	chang	人+敞	2
renliao	僚	liao	人+尞	88
renqi	僛	qi	人+欺	2
renchan	僝	zhuan	人+孱	3
renfan	僠	bo	人+番	1
renti	僣	tie	人+替	4
renyao	侥	jiao	人+尧	33
renjiu	僦	jiu	人+就	45
renzeng	僧	seng	人+曽	792
renceng	僧	seng	人+曾	792
renben	偾	fen	人+贲	9
renyu	僪	yu	人+矞	3
renjiao	僬	jiao	人+焦	9
renqian	僭	jian	人+朁	37
rentong	僮	tong	人+童	17
jiren	僰	bo	棘+人	14
huzhui	雇	gu	户+隹	349
rensu	僳	su	人+粟	15
renjiang	僵	jiang	人+畺	337
renjin	僸	jin	人+禁	3
renbi	僻	pi	人+辟	84
renchou	僽	zhou	人+愁	3
rensai	僿	sai	人+塞	1
renyi	仪	yi	人+义	1797
renjuan	儁	jun	人+雋	3
rennong	侬	nong	人+农	1991
rendan	儃	tan	人+亶	3
renyi	亿	yi	人+乙	8567
renjing	儆	jing	人+敬	20
renhui	侩	kuai	人+会	80
renchu	儊	chu	人+楚	8
renzhan	儋	dan	人+詹	34
renjiao	儌	jiao	人+敫	12
renbin	傧	bin	人+宾	8
renxu	儒	ru	人+需	855
renshou	俦	chou	人+寿	22
renqi	侪	chai	人+齐	15
renyi	儗	yi	人+疑	5
chibing	尽	jin	尺+冰	4781
renchang	偿	chang	人+尝	192
renlei	儡	lei	人+畾	7
rentiantiantian	儡	lei	人+田+田+田	7
renbao	儤	bao	人+暴	6
renpao	儦	biao	人+麃	2
renyou	优	you	人+尤	1968
renzhu	储	chu	人+诸	685
renchan	儳	chan	人+毚	10
renxiang	儴	xiang	人+襄	9
youhei	儵	tiao	攸+黑	6
renli	俪	li	人+丽	83
rennan	傩	nuo	人+难	47
rendang	傥	tang	人+党	12
renyan	俨	yan	人+严	40
renlei	儽	luo	人+纍	1
yier	兀	wu	一+儿	164
sier	允	yun	厶+儿	476
erer	元	yuan	二+儿	30885
kouer	兄	xiong	口+儿	2729
wenyun	充	chong	亠+允	2904
bingerdiandian	兆	zhao	冰+儿+丶+丶	1548
pietuer	先	xian	丿+土+儿	84326
xiaowu	光	guang	小+兀	12327
shixiong	克	ke	十+兄	7151
shikouer	克	ke	十+口+儿	7151
daokoueer	免	mian	刀+口+丨+儿	2805
daokoueerdian	兔	tu	刀+口+丨+儿+丶	1422
jiuer	児	ni	旧+儿	19
aoer	兕	si	凹+儿	15
wenrui	兖	yan	亠+兊	19
wendui	兗	yan	亠+兌	6
xianxian	兟	shen	先+先	13
keke	兢	jing	克+克	49
jiongren	内	nei	冂+人	40881
renwang	全	quan	人+王	25876
yijiongerenren	两	liang	一+冂+丨+人+人	16584
basi	公	gong	八+厶	5026
wenba	六	liu	亠+八	8090
jingba	共	gong	井+八	9924
shieyiba	共	gong	十+丨+一+八	9924
ereeba	共	gong	二+丨+丨+八	9924
qiuba	兵	bing	丘+八	4611
ganyiba	其	qi	甘+一+八	58168
muyiba	具	ju	目+一+八	2344
quba	典	dian	曲+八	809
caoyi	艺	yi	草+乙	1221
beiyi	冀	ji	北+異	432
eyi	冂	jiong	丨+乙	79
weiyuan	圆	yuan	囗+员	2854
yipiejiong	冇	mao	一+丿+冂	3377
jiongshiyi	冉	ran	冂+十+一	442
yijiongshiyi	再	zai	一+冂+十+一	120734
jiongbakou	冏	jiong	冂+八+口	23
jiongeryue	冐	mao	冂+二+月	2
yueyue	冐	mao	曰+月	2
riyue	冐	mao	日+月	2
youjionger	冑	zhou	由+冂+二	4
youyue	冑	zhou	由+月	4
jiongermu	冒	mao	冂+二+目	3290
yuemu	冒	mao	曰+目	3290
rimu	冒	mao	日+目	3290
jingzai	冓	gou	井+再	2
jiongeryu	冔	xu	冂+二+吁	1
jiongermian	冕	mian	冂+二+勉	84
yuemian	冕	mian	曰+勉	84
rimian	冕	mian	日+勉	84
xibing	冬	dong	夕+冰	1996
bingshui	冰	bing	冰+水	4841
binghu	冱	hu	冰+互	2
bingya	冴	hu	冰+牙	3
bingtai	冶	ye	冰+台	326
bingling	冷	leng	冰+令	6135
bingba	冹	fu	冰+犮	4
bingxian	冼	xian	冰+先	148
binglie	冽	lie	冰+列	61
binghe	冾	qia	冰+合	3
binggu	凅	gu	冰+固	2
bingzhui	准	zhun	冰+隹	4543
bingsong	凇	song	冰+松	22
bingzheng	净	jing	冰+争	2577
bingqing	凊	qing	冰+青	9
bingzhou	凋	diao	冰+周	245
bingling	凌	ling	冰+夌	1764
bingdong	冻	dong	冰+东	967
bingjin	凎	gan	冰+金	1
bingyin	凐	yin	冰+垔	2
bingcui	凗	cui	冰+崔	1
bingsi	凘	si	冰+斯	1
bingbing	凛	lin	冰+禀	129
bingyi	凝	ning	冰+疑	1031
bingxi	凞	xi	冰+熙	1
pieyi	几	ji	丿+乙	16625
jidian	凡	fan	几+丶	4520
xibu	处	chu	夕+卜	13722
dongbu	处	chu	夂+卜	13722
jijin	凧	zheng	几+巾	72
jiyiri	凬	feng	几+一+日	0
jihuang	凰	huang	几+皇	120
qiji	凯	kai	岂+几	1983
dengji	凳	deng	登+几	147
shanshan	出	chu	山+山	55547
ejue	刂	dao	丨+亅	72
daodian	刃	ren	刀+丶	557
badao	分	fen	八+刀	28803
qidao	切	qie	七+刀	9716
yidao	刈	yi	乂+刀	49
qidao	刉	ji	乞+刀	0
gandao	刊	kan	干+刀	522
qiandao	刋	qian	千+刀	4
cundao	刌	cun	寸+刀	0
daoxue	刍	chu	刀+彐	45
wudao	刎	wen	勿+刀	84
dandao	刐	dan	丹+刀	1
kaidao	刑	xing	开+刀	819
gedao	划	hua	戈+刀	1591
yuandao	刓	wan	元+刀	2
guaidao	刔	jue	夬+刀	1
daodaodao	刕	li	刀+刀+刀	1
yuedao	刖	yue	月+刀	12
daidao	列	lie	歹+刀	6282
fudao	刜	fu	弗+刀	1
yidao	初	chu	衣+刀	4757
qiedao	刞	qu	且+刀	1
mindao	刡	min	民+刀	0
bandao	判	pan	半+刀	1165
lingdao	别	bie	另+刀	48130
quli	劫	jie	去+力	740
baodao	刨	pao	包+刀	308
hedao	利	li	禾+刀	4951
cedao	删	shan	册+刀	4393
shedao	刮	gua	舌+刀	1343
zhidao	到	dao	至+刀	296879
guidao	刲	kui	圭+刀	3
kuadao	刳	ku	夸+刀	23
duodao	剁	duo	朵+刀	268
erdao	刵	er	耳+刀	1
pieerjindao	制	zhi	丿+二+巾+刀	4902
shijindao	刷	shua	尸+巾+刀	14316
cidao	刺	ci	朿+刀	1445
mujiongdao	刺	ci	木+冂+刀	1445
haidao	刻	ke	亥+刀	2370
didao	剃	ti	弟+刀	268
shengdao	刭	jing	圣+刀	14
gendao	剆	luo	艮+刀	0
beidao	则	ze	贝+刀	28270
zuodao	剉	cuo	坐+刀	6
xiaodao	削	xiao	肖+刀	381
shudao	剌	la	束+刀	132
shadao	刹	sha	杀+刀	256
bingren	剏	chuang	并+刃	1
xidao	剒	cuo	昔+刀	2
yidao	剔	ti	易+刀	146
feidao	剕	fei	非+刀	3
likoudao	剖	pou	立+口+刀	251
shidao	剚	zi	事+刀	5
gangdao	刚	gang	冈+刀	33324
wandao	剜	wan	宛+刀	66
ludao	剥	bo	录+刀	503
qidao	剞	ji	奇+刀	17
yandao	剡	shan	炎+刀	10
chudao	剢	zhuo	豖+刀	9
qiandao	剑	jian	佥+刀	5532
qidao	剂	ji	齐+刀	1693
chengdao	剩	sheng	乘+刀	1579
qiandao	剪	jian	前+刀	1712
dudao	剫	duo	度+刀	1
zhuandao	剬	zhi	耑+刀	8
wudao	剭	wu	屋+刀	1
guodao	剐	gua	呙+刀	94
haidao	割	ge	害+刀	1546
tadao	剳	zha	荅+刀	4
qidao	剀	kai	岂+刀	23
cangdao	创	chuang	仓+刀	2712
weifanchangdao	剺	li	未+攵+厂+刀	3
bengdao	剻	peng	崩+刀	1
piaodao	剽	piao	票+刀	28
chaodao	剿	jiao	巢+刀	57
yudao	劀	gua	矞+刀	2
jiaodao	劁	qiao	焦+刀	6
juedao	劂	jue	厥+刀	6
dadao	劄	zha	答+刀	4
judao	剧	ju	居+刀	2266
bidao	劈	pi	辟+刀	469
wendao	刘	liu	文+刀	11439
huidao	刽	gui	会+刀	4
zaodao	劋	jiao	喿+刀	3
suidao	刿	gui	岁+刀	22
bidao	劓	yi	鼻+刀	11
chandao	劖	chan	毚+刀	4
midao	劘	mo	靡+刀	2
lidao	劙	li	蠡+刀	5
gongli	功	gong	工+力	2090
likou	加	jia	力+口	44110
shaoli	劣	lie	少+力	291
jinli	劤	jing	斤+力	2
lilili	劦	xie	力+力+力	5
qieli	助	zhu	且+力	1559
nuli	努	nu	奴+力	418
juli	劬	qu	句+力	7
zhaoli	劭	shao	召+力	44
shili	劮	yi	失+力	2
shili	劯	zhu	石+力	2
jiaoli	効	xiao	交+力	4
kuangli	劻	kuang	匡+力	8
jili	劼	jie	吉+力	24
haili	劾	he	亥+力	24
keli	勀	kei	克+力	1
shengli	劲	jin	圣+力	2175
gaoli	勂	gao	告+力	0
beili	勃	bo	孛+力	347
shuli	勅	chi	束+力	5
yongli	勇	yong	甬+力	1939
mianli	勉	mian	免+力	153
jingli	勍	qing	京+力	8
mengli	勐	meng	孟+力	63
geli	勒	le	革+力	3034
jieli	勓	kai	皆+力	0
yunli	动	dong	云+力	9465
maoli	勖	xu	冒+力	33
rizhu	勗	xu	日+助	4
shenli	勘	kan	甚+力	133
xili	务	wu	夕+力	885
dongli	务	wu	夂+力	885
yuanli	勋	xun	员+力	530
rousheng	胜	sheng	肉+生	3699
yuesheng	胜	sheng	月+生	3699
moli	募	mu	莫+力	300
luli	勠	lu	翏+力	0
yilishi	势	shi	埶+力+勢	1112
zhilishi	势	shi	执+力+勢	1112
jinli	勤	qin	堇+力	1394
chaoli	勦	jiao	巢+力	2
youli	劝	quan	又+力	2132
fanli	勫	fan	番+力	54
danli	勯	dan	亶+力	24
xiesi	勰	xie	劦+思	16
wanli	劢	mai	万+力	85
donghuo	勲	xun	動+火	5
xunli	勳	xun	熏+力	11
lili	励	li	厉+力	244
xiangli	勷	rang	襄+力	2
baodian	勺	shao	勹+丶	437
baobing	匀	yun	勹+冰	343
baojiu	勼	jiu	勹+九	2
baosi	勾	gou	勹+厶	1280
baopiepie	勿	wu	勹+丿+丿	1214
baoji	包	bao	勹+己	15389
wudian	匆	cong	勿+丶	39
baoxiong	匈	xiong	勹+凶	56
baoping	匉	peng	勹+平	1
baomi	匊	ju	勹+米	2
baofou	匋	tao	勹+缶	4
baofu	匍	pu	勹+甫	9
baoyan	匎	e	勹+奄	0
kuabao	匏	pao	夸+包	12
baogong	匑	gong	勹+躬	1
baota	匒	da	勹+荅	1
renbi	化	hua	人+匕	11875
panbi	北	bei	丬+匕	6464
shibi	匙	shi	是+匕	125
xier	匹	pi	匸+儿	432
xihe	匼	ke	匸+合	3
xibian	匾	bian	匸+扁	111
xiruo	匿	ni	匸+若	149
xiyi	区	qu	匸+乂	25334
yie	十	shi	一+丨	5976
pieshi	千	qian	丿+十	5217
shie	卄	nian	十+丨	72
yiee	卄	nian	一+丨+丨	72
chuanyi	卅	sa	川+一	153
jiushi	卆	zu	九+十	71
qiane	升	sheng	千+丨	6266
pieshipie	升	sheng	丿+十+丿	6266
piegan	午	wu	丿+干	820
bayishi	半	ban	八+一+十	13186
pieeeeeyi	卌	xi	丿+丨+丨+丨+丨+一	4
chuaneyi	卌	xi	川+丨+一	4
diantianpieshi	卑	bei	丶+田+丿+十	457
wenrenshi	卒	zu	亠+人+十	365
burishi	卓	zhuo	卜+日+十	1329
shiban	协	xie	十+办	907
shijiongyaer	南	nan	十+冂+丫+二	7350
xiaojiayi	単	shan	小+甲+一	4
xiaorishi	単	shan	小+日+十	4
xiaoyueshi	単	shan	小+曰+十	4
shipo	博	bo	十+尃	5007
shifucun	博	bo	十+甫+寸	5007
edian	卜	bu	丨+丶	487
dianxia	卞	bian	丶+下	249
koubu	卟	bu	口+卜	139
bukou	占	zhan	卜+口	10562
shangbu	卡	ka	上+卜	30770
shangxia	卡	ka	上+下	30770
guibu	卦	gua	圭+卜	641
changyidan	卮	zhi	厂+一+卩	20
yangpie	卯	mao	卬+丿	177
xipiedan	卯	mao	匸+丿+卩	177
yangyi	印	yin	卬+一	3118
xiyidan	印	yin	匸+一+卩	3118
daochangdan	危	wei	刀+厂+卩	487
zhaodan	卲	shao	召+卩	3
gendan	即	ji	艮+卩	17366
maodiandian	卵	luan	卯+丶+丶	824
wuzhidan	卸	xie	午+止+卩	502
xuedan	卹	xu	血+卩	2
chengdan	卺	jin	丞+卩	6
qudan	却	que	去+卩	43347
wuwei	卼	kui	兀+危	1
maogendan	卿	qing	卯+艮+卩	950
xipieji	卿	qing	匸+丿+即	950
changdan	厄	e	厂+卩	2289
changya	厊	ya	厂+牙	1
changdi	厎	di	厂+氐	4
changzha	厏	zhai	厂+乍	0
changfou	厒	qie	厂+缶	4
changgui	厓	ya	厂+圭	6
changzhi	厔	zhi	厂+至	13
changpang	厖	mang	厂+尨	32
changxin	厗	ti	厂+辛	10
changche	厍	she	厂+车	14
changrizi	厚	hou	厂+日+子	3079
changding	厅	ting	厂+丁	2289
changchui	厜	zui	厂+垂	7
changxi	厝	cuo	厂+昔	65
changfei	厞	fei	厂+非	3
changbaixiao	原	yuan	厂+白+小	11213
changquan	原	yuan	厂+泉	11213
changli	厤	li	厂+秝	7
changzhen	厧	dian	厂+真	5
changgui	厬	gui	厂+晷	1
changquan	厌	yan	厂+犬	325
changchang	厰	chang	厂+敞	2
changwan	厉	li	厂+万	528
yapie	严	yan	亚+丿	2385
yanjia	厣	yan	厌+甲	20
changquanjia	厣	yan	厂+犬+甲	20
jiusi	厹	rou	九+厶	123
tusi	去	qu	土+厶	330876
sidasan	参	can	厶+大+彡	1023
sidasan	叁	san	厶+大+三	445
youdian	叉	cha	又+丶	853
yipieyou	友	you	一+丿+又	4041
changyou	反	fan	厂+又	6966
shangxiaoyou	叔	shu	上+小+又	1178
eryou	取	qu	耳+又	15876
banfan	叛	pan	半+反	135
quji	叝	ji	去+及	1
jiueyou	叟	sou	臼+丨+又	112
ruiyou	叡	rui	睿+又	11
congyi	丛	cong	从+一	550
jiongyi	口	kou	冂+一	8827
shikou	古	gu	十+口	4404
baokou	句	ju	勹+口	4021
kouli	另	ling	口+力	10842
koudao	叨	dao	口+刀	86
koudan	叩	kou	口+卩	198
kouba	只	zhi	口+八	38748
daokou	召	zhao	刀+口	649
kouba	叭	ba	口+八	131
kouding	叮	ding	口+丁	306
yikoujue	可	ke	一+口+亅	68911
dingkou	可	ke	丁+口	68911
sikou	台	tai	厶+口	13451
koubi	叱	chi	口+匕	78
kouyi	史	shi	口+乂	3635
yipiekou	右	you	一+丿+口	3635
kouru	叺	chi	口+入	119
kouli	叻	le	口+力	827
koudiao	叼	diao	口+刁	1868
kouyu	吁	yu	口+于	106
kouqi	吃	chi	口+乞	65315
dongkou	各	ge	夂+口	29019
kouyao	吆	yao	口+幺	81
kouzi	吇	ji	口+子	7
renyikou	合	he	人+一+口	6297
shikou	吉	ji	士+口	2529
koucun	吋	cun	口+寸	74
xikou	名	ming	夕+口	21788
changyikou	后	hou	厂+一+口	134560
yikouyi	吏	li	一+口+乂	261
koutu	吐	tu	口+土	2812
dianjiongkou	向	xiang	丶+冂+口	52126
kouzhaizha	咤	zha	口+宅+吒	20
kouxia	吓	xia	口+下	3197
kouya	吖	a	口+丫	3034
kouwu	吘	ou	口+午	1
kouhuo	吙	huo	口+火	5
yinkou	君	jun	尹+口	5013
kouchou	吜	chou	口+丑	2
wenkou	吝	lin	文+口	68
tiankou	吞	tun	天+口	745
koujin	吟	yin	口+今	719
kouquan	吠	fei	口+犬	111
koubi	吡	bi	口+比	80
kouxin	吣	qin	口+心	6
koujie	吤	ge	口+介	1
koubu	吥	bu	口+不	114
bukou	否	fou	不+口	3931
kouba	吧	ba	口+巴	385205
koufen	吩	fen	口+分	18
kouhua	吪	hua	口+化	1
jinkou	含	han	今+口	5223
koukang	吭	keng	口+亢	97
kouyun	吮	shun	口+允	107
kouzhi	吱	zhi	口+支	117
kouyin	吲	yin	口+引	8
koutian	吴	wu	口+天	7222
koushao	吵	chao	口+少	2570
kounei	呐	na	口+内	1861
kouguai	吷	xue	口+夬	2
kouji	吸	xi	口+及	2095
kouqian	吹	chui	口+欠	5133
kouwu	吻	wen	口+勿	1838
koukong	吼	hou	口+孔	1376
kouniu	吽	hong	口+牛	21
wukou	吾	wu	五+口	4951
kouya	呀	ya	口+牙	79232
kouyun	呁	jun	口+勻	0
koukou	吕	lv	口+口	2205
koue	呃	e	口+厄	7259
kouwen	呅	wen	口+文	3
koumu	呆	dai	口+木	4817
shuikou	呇	qi	水+口	1
kouwang	呈	cheng	口+王	3576
niukou	告	gao	牛+口	2532
koufu	呋	fu	口+夫	26
kouchi	呎	chi	口+尺	17
kousheng	呏	sheng	口+升	1
koutai	呔	dai	口+太	13
kouxuan	呟	juan	口+玄	1
kouben	呠	pen	口+本	1
koumin	呡	wen	口+民	3
kouni	呢	ne	口+尼	239902
kouling	呤	ling	口+令	90
kouran	呥	ran	口+冉	1
kouyou	呦	you	口+幼	409
koudi	呧	di	口+氐	1
jiongtukou	周	zhou	冂+土+口	16297
kouxiong	呪	zhou	口+兄	6
kouzhan	呫	tie	口+占	2
kousi	呬	xi	口+四	13
kouping	呯	ping	口+平	23
cikou	呰	zi	此+口	14
kougua	呱	gua	口+瓜	99
kouci	呲	zi	口+此	65
kouwei	味	wei	口+未	3099
kouju	呴	xu	口+句	14
kouke	呵	he	口+可	3423
kounu	呶	nao	口+奴	42
koujia	呷	xia	口+甲	98
koupi	呸	pei	口+丕	416
koubuyi	呸	pei	口+不+一	416
kouhao	呺	xiao	口+号	3
koushen	呻	shen	口+申	24
kouhu	呼	hu	口+乎	1920
renyikou	命	ming	人+一+叩	4908
koudan	呾	ya	口+旦	4
kouqu	呿	qu	口+去	11
kouqie	咀	zui	口+且	96
kouza	咂	za	口+匝	119
kouchu	咄	duo	口+出	16
koubao	咆	pao	口+包	20
koubi	咇	bie	口+必	1
koufu	咈	fu	口+弗	1
kouhe	咊	huo	口+禾	1
kouzha	咋	za	口+乍	12160
hekou	和	he	禾+口	664874
koutai	咍	tai	口+台	2
jiurenkou	咎	jiu	久+人+口	94
dongrenkou	咎	jiu	夂+人+口	94
koufu	咐	fu	口+付	20
kouda	咑	da	口+打	7
koukouji	咒	zhou	口+口+几	637
kouka	咔	ka	口+卡	126
kougu	咕	gu	口+古	92
koujia	咖	ga	口+加	725
koubu	咘	bu	口+布	5
koudong	咚	dong	口+冬	147
kouer	咠	qi	口+耳	1
kouer	咡	er	口+耳	1
koukoukui	咢	e	口+口+亏	1
kouguang	咣	guang	口+光	60
kouzhai	咤	zha	口+宅	20
kouzhi	咥	die	口+至	1
kouyi	咦	yi	口+夷	593
koulie	咧	lie	口+列	3501
cikou	咨	zi	次+口	67
kouyang	咩	mie	口+羊	8191
koumi	咪	mi	口+米	1406
chizhi	咫	zhi	尺+只	21
koujiao	咬	yao	口+交	3558
kouji	咭	ji	口+吉	27
kouzhu	咮	zhou	口+朱	1
kouge	咯	lo	口+各	27403
kouxun	咰	xun	口+旬	1
kouzi	咱	zan	口+自	5532
kouguan	咲	xiao	口+关	22
kouhai	咳	hai	口+亥	1176
kouhui	咴	hui	口+灰	13
koushe	咶	shi	口+舌	2
kouzhao	咷	tiao	口+兆	1
wuyikou	咸	xian	戊+一+口	1073
kougen	咺	xuan	口+亘	1
kouxiu	咻	xiu	口+休	59
kounei	呙	guo	口+内	16
kouyin	咽	yan	口+因	542
koulao	咾	lao	口+老	10
kouyi	咿	yi	口+伊	72
yikou	哀	ai	衣+口	567
koukoukou	品	pin	口+口+口	4693
kouxi	哂	shen	口+西	35
koutong	哃	tong	口+同	4
kougong	哄	hong	口+共	1341
kouxiong	哅	xiong	口+匈	1
kouduo	哆	duo	口+多	171
kougui	哇	wa	口+圭	15817
koututu	哇	wa	口+土+土	15817
kouhe	哈	ha	口+合	53642
shigekou	哉	zai	十+戈+口	712
tugekou	哉	zai	土+戈+口	712
kouchangshi	哌	pai	口+厂+氏	120
kouxiang	响	xiang	口+向	2554
kouai	哎	ai	口+艾	17453
kougen	哏	gen	口+艮	64
koukuang	哐	kuang	口+匡	35
kouduo	哚	duo	口+朵	24
koumou	哞	mou	口+牟	42
kougao	哠	hao	口+告	2
koubei	员	yuan	口+贝	4026
kounong	哢	long	口+弄	2
koupang	哤	mang	口+尨	1
keke	哥	ge	可+可	9418
kouwo	哦	o	口+我	15582
kouchi	哧	chi	口+赤	29
kouxiao	哨	shao	口+肖	250
kouli	哩	li	口+里	1723
kouna	哪	na	口+那	31902
kouzu	哫	zu	口+足	1
koukouquan	哭	ku	口+口+犬	9073
kouxiao	哮	xiao	口+孝	53
koubei	哱	po	口+孛	2
zhekou	哲	zhe	折+口	1185
kouzhe	哳	zha	口+折	5
koutuo	哸	sui	口+妥	1
koufu	哺	bu	口+甫	85
kouhan	哻	han	口+旱	1
kouxiang	哼	heng	口+享	2072
kougeng	哽	geng	口+更	56
jiake	哿	ge	加+可	5
kouyan	唁	yan	口+言	10
koujiao	唃	gu	口+角	0
koubei	呗	bei	口+贝	8019
kouhan	唅	han	口+含	1
kouqun	唆	suo	口+夋	359
kouchen	唇	chun	口+辰	920
kouyi	唈	yi	口+邑	1
kouyi	唉	ai	口+矣	27403
kouyu	唋	tu	口+余	1
kouyan	唌	yan	口+延	1
kouli	唎	li	口+利	22
kouxi	唏	xi	口+希	28
guangyukou	唐	tang	广+聿+口	4509
kouzuo	唑	zuo	口+坐	187
kouyou	唒	qiu	口+酉	0
kouwu	唔	wu	口+吾	9244
kouya	哑	ya	口+亚	382
kouzou	唗	dou	口+走	1
kouzao	唣	zao	口+皂	4
kousha	唦	sha	口+沙	43
kouji	唧	ji	口+即	78
koufeng	唪	feng	口+奉	2
kouhu	唬	hu	口+虎	124
kouqi	唭	qi	口+其	5
zhuikou	售	shou	隹+口	1358
kouzhui	唯	wei	口+隹	1815
koushua	唰	shua	口+刷	92
kouchang	唱	chang	口+昌	7744
kouer	唲	wa	口+兒	13
kouti	唳	li	口+戻	27
kouqiang	唴	qiang	口+羌	17
kouyan	唵	an	口+奄	33
kouxi	唶	jie	口+昔	10
kouyu	唷	yo	口+育	254
jinxin	念	nian	今+心	4327
kouyu	唹	yu	口+於	6
kouqie	唼	sha	口+妾	4
kouchui	唾	tuo	口+垂	66
kouhu	唿	hu	口+忽	9
kouya	啀	ai	口+厓	2
kouzhou	啁	zhao	口+周	3
kouken	啃	ken	口+肯	1105
kouchu	啄	zhuo	口+豖	151
kouzhuo	啅	zhuo	口+卓	3
kouxing	啈	heng	口+幸	1
koulin	啉	lin	口+林	53
koua	啊	a	口+阿	83803
koucai	啋	xiao	口+采	3
koukong	啌	xiang	口+空	2
kouxiang	啍	zhun	口+享	3
wuwu	啎	wu	午+吾	2
menkou	问	wen	门+口	49777
kouzu	啐	cui	口+卒	71
kouqie	啑	ti	口+疌	2
kouqu	啒	gu	口+屈	1
hukou	启	qi	户+口	1356
koutao	啕	tao	口+匋	7
kouyan	啖	dan	口+炎	115
kouxian	啗	dan	口+陷	5
kouhe	啝	he	口+和	11
koufei	啡	fei	口+非	70
kouxie	啣	xian	口+卸	2
koubei	啤	pi	口+卑	132
koushe	啥	sha	口+舍	40526
koula	啦	la	口+拉	102549
koupai	啪	pa	口+拍	244
koubo	啵	bo	口+波	792
kouding	啶	ding	口+定	48
koulang	啷	lang	口+郎	65
dikou	啻	chi	帝+口	10
koudi	啼	ti	口+帝	211
kouyan	啽	an	口+弇	1
kouqiu	啾	jiu	口+秋	36
koushen	啿	dan	口+甚	4
kouke	喀	ka	口+客	211
kouyu	喁	yong	口+禺	2
kouwei	喂	wei	口+畏	3754
kounan	喃	nan	口+南	1485
koula	喇	la	口+剌	2106
koujie	喈	jie	口+皆	91
kouhou	喉	hou	口+侯	505
kouxian	喊	han	口+咸	7142
koushimu	喋	die	口+世+木	39
koukouzhou	喌	zhou	口+口+州	3
kouchai	喍	chai	口+柴	1
kouruo	喏	nuo	口+若	217
kouyin	喑	yin	口+音	21
kouzan	喒	zan	口+昝	2
kouyao	喓	yao	口+要	16
kouwu	喔	wo	口+屋	3527
koumian	喕	mian	口+面	4
kouzhuan	喘	chuan	口+耑	513
koushaner	喘	chuan	口+山+而	513
koutuan	喙	hui	口+彖	71
kouhuan	唤	huan	口+奂	531
kouhe	喝	he	口+曷	15293
kouwei	喟	kui	口+胃	10
koucha	喢	sha	口+臿	1
xuhuo	喣	xu	呴+火	1
kouhuang	喤	huang	口+皇	4
koudu	喥	zha	口+度	3
pinshan	喦	yan	品+山	4
kouxuan	喧	xuan	口+宣	206
kouliang	喨	liang	口+亮	4
koushu	喩	yu	口+俞	1
kouqi	喫	chi	口+契	4
yaopiee	乔	qiao	夭+丿+丨	1913
kouyan	喭	yan	口+彦	1
koushi	喰	sun	口+食	1
kouli	喱	li	口+厘	76
kouyueyo	哟	yo	口+约+喲	7696
koucha	喳	zha	口+查	83
koumiao	喵	miao	口+苗	696
koukui	喹	kui	口+奎	36
koushu	喻	yu	口+俞	766
koukoukoumu	喿	zao	口+口+口+木	1
kougao	嗃	xiao	口+高	1
kouxia	嗄	a	口+夏	160
kouchou	嗅	xiu	口+臭	301
koucang	呛	qiang	口+仓	315
kouyong	嗈	yong	口+邕	1
kousu	嗉	su	口+素	8
kouxie	嗋	xie	口+脅	1
kouyi	嗌	ai	口+益	23
koushuo	嗍	suo	口+朔	11
kouma	吗	ma	口+马	220136
koucha	嗏	cha	口+茶	2
kouhai	嗐	hai	口+害	10
kouhe	嗑	ke	口+盍	102
kouqumin	嗑	ke	口+去+皿	102
kouta	嗒	da	口+荅	322
kousang	嗓	sang	口+桑	99
kouzhen	嗔	chen	口+真	197
kouru	嗕	ru	口+辱	6
kousou	嗖	sou	口+叟	83
koupang	嗙	pang	口+旁	12
kouwu	呜	wu	口+乌	314
koujian	嗛	qian	口+兼	11
kouqi	嗜	shi	口+耆	325
koulaori	嗜	shi	口+老+日	325
kouli	嗝	ge	口+鬲	77
koucha	嗟	jie	口+差	237
kouweng	嗡	weng	口+翁	102
koucesi	嗣	si	口+冊+司	210
kouchi	嗤	chi	口+蚩	51
kougao	嗥	hao	口+皋	26
kousuo	嗦	suo	口+索	443
kouhai	嗨	hai	口+海	1333
kouxiaobei	唢	suo	口+小+贝	5
kouqin	嗪	qin	口+秦	63
kouhe	嗬	he	口+荷	30
kouen	嗯	n	口+恩	31982
koudie	嗲	dia	口+爹	1341
koutong	嗵	tong	口+通	19
koubi	哔	bi	口+毕	35
kouao	嗷	ao	口+敖	205
koucui	嗺	zui	口+崔	1
koumo	嗼	mo	口+莫	2
kousou	嗽	sou	口+欶	55
koushuqian	嗽	sou	口+束+欠	55
kouzu	嗾	sou	口+族	5
kouqi	嘁	qi	口+戚	43
kouyou	叹	tan	口+又	873
koucao	嘈	cao	口+曹	84
koupiao	嘌	piao	口+票	13
koulou	喽	lou	口+娄	2847
koujia	嘎	ga	口+戛	3558
koulu	嘐	xiao	口+翏	2
kouhui	嘒	hui	口+彗	2
kouqu	呕	ou	口+区	357
kouyan	嘕	xian	口+焉	0
kouze	啧	ze	口+责	125
kouma	嘛	ma	口+麻	70738
koumai	唛	mai	口+麦	81
kouhu	嘝	hu	口+斛	0
koule	嘞	lei	口+勒	765
koudou	嘟	du	口+都	237
koupeng	嘣	beng	口+朋	64
koumi	嘧	mi	口+密	15
kousu	啸	xiao	口+肃	604
kouhua	哗	hua	口+华	208
kouzui	嘬	zuo	口+最	67
koupeng	嘭	peng	口+彭	34
koulao	唠	lao	口+劳	126
kouji	叽	ji	口+几	320
kouchao	嘲	chao	口+朝	141
kouzui	嘴	zui	口+觜	4583
kouyao	哓	xiao	口+尧	50
kousi	嘶	si	口+斯	87
kouwu	呒	m	口+无	17
kouliao	嘹	liao	口+尞	38
kouxi	嘻	xi	口+喜	153
kouqin	嘾	tan	口+覃	1
kouhei	嘿	hei	口+黑	2355
kouxun	噀	xun	口+巽	3
yaxin	恶	e	亚+心	7036
kouzun	噂	zun	口+尊	1
koujijiri	噆	zan	口+旡+旡+日	1
kouqian	噆	zan	口+朁	1
koujiu	噈	za	口+就	8
kougan	噉	dan	口+敢	13
kouyu	噊	yu	口+矞	0
kouzeng	噌	ceng	口+曽	105
kouceng	噌	ceng	口+曾	105
koujiao	噍	jiao	口+焦	11
kouyi	噎	ye	口+壹	143
koukougongkoukou	噐	qi	口+口+工+口+口	3
kouxu	嘘	xu	口+虚	423
koudeng	噔	deng	口+登	78
koujue	噘	jue	口+厥	51
kouqin	噙	qin	口+禽	56
kouchi	啮	nie	口+齿	57
kousi	咝	si	口+丝	8
kouda	哒	da	口+达	1540
kouao	噢	o	口+奥	7268
koushu	噣	zhuo	口+蜀	3
koujin	噤	jin	口+禁	167
kounong	哝	nong	口+农	28
kousui	哕	yue	口+岁	18
koukoudakoukou	器	qi	口+口+大+口+口	6578
wangkoukoukoukou	噩	e	王+口+口+口+口	86
yikoukouyikoukouyie	噩	e	一+口+口+一+口+口+一+丨	86
kouzao	噪	zao	口+喿	286
koupinmu	噪	zao	口+品+木	286
kouyi	噫	yi	口+意	38
koushi	噬	shi	口+筮	141
koujiao	噭	qiao	口+敫	8
kouai	嗳	ai	口+爱	105
kouyong	噰	yong	口+雍	38
kouju	噱	jue	口+豦	11
kouhui	哙	kuai	口+会	24
kouyu	噳	yu	口+虞	6
kouben	喷	pen	口+贲	2059
kouge	噶	ga	口+葛	6258
kouxin	噷	hm	口+歆	6
koutun	吨	dun	口+屯	2100
xiaoxue	当	dang	小+彐	52846
kousai	噻	sai	口+塞	1027
koubi	噼	pi	口+辟	35
kouxun	噾	yin	口+窨	8
koucui	噿	zui	口+翠	1
kouning	咛	ning	口+宁	29
kouzhai	嚁	di	口+翟	1
kouta	嚃	ta	口+遝	1
kouxu	嚅	ru	口+需	22
kouhao	嚆	hao	口+蒿	12
koubi	嚊	xiu	口+鼻	1
kouqi	哜	zhai	口+齐	11
kouhao	嚎	hao	口+豪	185
kouzhi	嚏	ti	口+疐	11
koucha	嚓	cha	口+察	25
koulu	噜	lu	口+鲁	177
koubao	嚗	pao	口+暴	8
kouyou	嚘	you	口+憂	1
koukouchenkoukou	嚚	yin	口+口+臣+口+口	2
koumo	嚜	me	口+墨	15
kouli	呖	li	口+历	27
koulong	咙	long	口+龙	18
xifou	嚭	pi	喜+否	17
kouhuo	嚯	huo	口+霍	45
kouchan	嚵	chan	口+毚	1
kouying	嘤	ying	口+婴	11
kouxiang	嚷	rang	口+襄	201
koujue	嚼	jiao	口+爵	505
kouhuan	嚾	huan	口+雚	1
kouzhuan	啭	zhuan	口+转	22
kounie	嗫	nie	口+聂	53
koukouyekoukou	嚣	xiao	口+口+页+口+口	84
kouza	囃	zha	口+雜	4
danzhan	冁	chan	单+展	3
kouyi	呓	yi	口+艺	20
caoban	苏	su	草+办	4634
koushu	嘱	zhu	口+属	109
kounang	囔	nang	口+囊	56
jiongyi	囗	wei	冂+一	78
weikou	回	hui	囗+口	31665
weiren	囚	qiu	囗+人	164
weier	四	si	囗+儿	15010
weizi	囝	nan	囗+子	24
dianweiyi	囟	xin	丶+囗+乂	14
weida	因	yin	囗+大	19893
weinv	囡	nan	囗+女	169
weicun	団	tuan	囗+寸	10
weitun	囤	tun	囗+屯	117
weikang	囥	kang	囗+亢	8
weierjiong	囧	jiong	囗+儿+冂	2904
dianweipiepiedian	囪	cong	丶+囗+丿+丿+丶	7
weiwu	囫	hu	囗+勿	6
weihua	囮	e	囗+化	5
weimu	困	kun	囗+木	3946
dianweixi	囱	cong	丶+囗+夕	13
weiwei	围	wei	囗+韦	1581
weidong	图	tu	囗+冬	20548
weihe	囷	qun	囗+禾	7
weiling	囹	ling	囗+令	10
weigu	固	gu	囗+古	977
weiyou	囿	you	囗+有	102
weierfang	圀	guo	囗+儿+方	1
weiyan	圁	yin	囗+言	1
weishi	圂	hun	囗+豕	2
weifu	圃	pu	囗+甫	126
weiwu	圄	yu	囗+吾	7
weilun	囵	lun	囗+仑	11
weijuan	圈	quan	囗+卷	3567
weixing	圉	yu	囗+幸	16
weiqing	圊	qing	囗+青	7
weiyu	国	guo	囗+玉	10112
weizhuan	圌	chui	囗+耑	5
weiyuan	园	yuan	囗+元	3927
weihe	圔	ya	囗+盍	1
weicai	团	tuan	囗+才	7027
shiyi	土	tu	十+一	5101
tuding	圢	ting	土+丁	0
yirentu	在	zai	一+人+土	974740
tuyu	圩	wei	土+于	62
tuqi	圪	ge	土+乞	34
tukui	圬	wu	土+亏	15
tutu	圭	gui	土+土	252
tuji	圮	pi	土+己	34
tuyi	圯	yi	土+已	26
tusi	圯	yi	土+巳	26
tuye	地	di	土+也	101785
tuchuan	圳	zhen	土+川	66
tushao	圴	zhuo	土+勺	3
tujin	圻	qi	土+斤	47
tuji	圾	ji	土+及	20
tuzhi	址	zhi	土+止	251
tushi	坁	zhi	土+氏	0
tufan	坂	ban	土+反	155
tujin	坅	qin	土+今	0
tuyun	均	jun	土+匀	9826
tutun	坉	tun	土+屯	1
tufang	坊	fang	土+方	1509
tufen	坋	fen	土+分	1
tufen	坌	ben	土+分	6
tudan	坍	tan	土+丹	37
tuqian	坎	kan	土+欠	660
renrentu	坐	zuo	人+人+土	11583
tukang	坑	keng	土+亢	1708
bitu	坒	bi	比+土	1
yichuantu	坙	xing	一+巛+土	1
tupi	坡	po	土+皮	1135
tuban	坢	pan	土+半	0
tushen	坤	kun	土+申	1221
tuqie	坥	qu	土+且	0
tudan	坦	tan	土+旦	728
tuta	坨	tuo	土+它	251
tugan	坩	gan	土+甘	12
tuping	坪	ping	土+平	752
tuzhan	坫	dian	土+占	7
tuni	坭	ni	土+尼	20
tutai	坮	tai	土+台	0
tupi	坯	pi	土+丕	184
tuyang	坱	yang	土+央	2
tufu	坲	fo	土+弗	1
tuyou	坳	ao	土+幼	92
tubatu	坴	lu	土+八+土	1
tuqiu	坵	qiu	土+丘	1
tumu	坶	mu	土+母	4
tuke	坷	ke	土+可	89
tudi	坻	di	土+氐	6
tuchi	坼	che	土+斥	18
tuling	坽	ling	土+令	0
tufu	坿	fu	土+付	1
tuhu	垀	hu	土+乎	1
pieertuee	垂	chui	丿+二+土+丨+丨	773
tuli	垃	la	土+立	46
tubao	垉	pao	土+包	2
xingtu	型	xing	刑+土	14298
tutong	垌	dong	土+同	11
tuyu	垏	lv	土+聿	13
tuhai	垓	gai	土+亥	12
xitu	垔	yin	西+土	11
houtu	垕	hou	后+土	7
tuzhao	垗	zhao	土+兆	6
tufu	垘	fu	土+伏	2
tuguang	垙	guang	土+光	6
tututu	垚	yao	土+土+土	48
tuduo	垛	duo	土+朵	107
tuwei	垝	gui	土+危	9
tuzhai	垞	cha	土+宅	3
tuyang	垟	yang	土+羊	21
tugen	垠	yin	土+艮	39
fatu	垡	fa	伐+土	20
tuhou	垢	gou	土+后	203
tugen	垣	yuan	土+亘	173
tuzhi	垤	die	土+至	7
tuhe	垥	xie	土+合	1
tuxiang	垧	shang	土+向	7
tugong	垬	hong	土+共	6
tukua	垮	kua	土+夸	498
tuan	垵	an	土+安	8
tuxin	垶	xing	土+辛	5
tuwan	垸	yuan	土+完	32
tubang	垹	bang	土+邦	9
tufu	垺	pou	土+孚	6
tubei	坝	ba	土+贝	701
yitu	垼	yi	役+土	3
yitu	垽	yin	沂+土	3
tuxu	垿	xu	土+序	6
guaier	埀	zhui	乖+二	10
guaitu	埀	zhui	乖+土	10
tucen	埁	qin	土+岑	1
tugeng	埂	geng	土+更	51
tuyi	埃	ai	土+矣	834
tujiao	埆	que	土+角	5
tuyong	埇	yong	土+甬	14
tuqun	埈	jun	土+夋	2
tuli	埋	mai	土+里	2001
tuliang	埌	lang	土+良	10
tucheng	城	cheng	土+成	7812
tuyan	埏	shan	土+延	2
tufu	埔	pu	土+甫	102
tucheng	埕	cheng	土+呈	20
lintu	埜	ye	林+土	3
tunian	埝	nian	土+念	16
tuhuo	域	yu	土+或	1643
tufu	埠	bu	土+阜	258
tuya	垭	ya	土+亚	39
tujuan	埢	quan	土+卷	3
tuzu	埣	sui	土+卒	2
tubei	埤	pi	土+卑	5
tuqing	埥	zheng	土+青	2
tuju	埧	ju	土+具	3
tuli	埭	dai	土+隶	43
tuyan	埮	tan	土+炎	1
tuyan	埯	an	土+奄	3
tucai	埰	cai	土+采	1
tushu	埱	tou	土+叔	0
tufeng	埲	beng	土+奉	2
tuzhi	埴	zhi	土+直	7
tuchui	埵	duo	土+垂	22
luwan	埶	yi	坴+丸	3
shouwan	执	zhi	手+丸	826
caiwan	执	zhi	才+丸	826
tuyi	埸	yi	土+易	28
qitu	基	ji	其+土	3694
tuxiang	埻	zhun	土+享	3
tuqi	埼	qi	土+奇	8
tuzhou	埽	sao	土+帚	8
tuqu	堀	ku	土+屈	34
tuguo	堁	ke	土+果	1
shangtu	堂	tang	尚+土	3364
ribi	昆	kun	日+比	767
tuer	堄	ni	土+兒	1
eeyoutu	坚	jian	丨+丨+又+土	894
tuzhui	堆	dui	土+隹	2183
niankoufeng	堇	jin	廿+口+丰	62
tuyu	堉	yu	土+育	7
yatu	垩	e	亚+土	19
tupeng	堋	peng	土+朋	11
tugu	堌	gu	土+固	2
tutu	堍	tu	土+兔	8
tuling	堎	leng	土+夌	2
tuya	堐	ya	土+厓	1
tuxitu	堙	yin	土+西+土	8
tujian	堜	lian	土+柬	11
tuguo	埚	guo	土+呙	8
tuhou	堠	hou	土+侯	8
baotu	堡	bao	保+土	873
tuyu	堣	yu	土+禺	7
tushi	堤	di	土+是	478
turuan	堧	ruan	土+耎	4
tuhe	堨	ye	土+曷	5
tuheng	堩	geng	土+恆	1
tushen	堪	kan	土+甚	473
tushu	堬	yu	土+俞	2
tuhuang	堭	huang	土+皇	1
tue	堮	e	土+咢	1
tuyan	堰	yan	土+匽	191
shoudanyou	报	bao	手+卩+又	11312
caidanyou	报	bao	才+卩+又	11312
jitu	堲	ji	即+土	1
tumei	堳	mei	土+眉	0
tugongpiepie	场	chang	土+弓+丿+丿	5636
tuzhe	堵	du	土+者	1280
tuzuoyue	堶	tuo	土+左+月	0
tuyin	堷	yin	土+音	2
tuzhong	堹	zhong	土+重	0
tujie	堺	jie	土+界	12
jintu	堻	jin	津+土	0
tugang	堽	gang	土+罡	2
tuxian	堿	xian	土+咸	3
tumufang	塄	leng	土+目+方	7
jitu	塈	ji	既+土	1
tuji	塉	ji	土+脊	0
tuguai	块	kuai	土+夬	16563
turiyu	塌	ta	土+日+羽	503
tuyueyu	塌	ta	土+曰+羽	503
turong	塎	yong	土+容	0
tuqi	垲	kai	土+岂	5
shuotu	塑	su	朔+土	439
tushi	埘	shi	土+时	11
tuming	塓	mi	土+冥	0
tuta	塔	ta	土+荅	3616
tuweng	塕	weng	土+翁	0
shuiyu	涂	tu	水+余	1910
shuiyututu	涂	tu	氵+余+土+塗	1910
tutang	塘	tang	土+唐	1020
tugao	塙	que	土+高	2
tuzhong	塚	zhong	土+冢	31
tuli	塛	li	土+栗	0
tupang	塝	bang	土+旁	3
baojingdatu	塞	sai	宀+井+大+土	2504
tuzhen	填	tian	土+真	4606
tuwu	坞	wu	土+乌	160
zhengtu	塣	zheng	浧+土	0
tuyuan	埙	xun	土+员	37
tuli	塥	ge	土+鬲	1
tugong	塨	gong	土+恭	4
tubumin	盐	yan	土+卜+皿	2175
tuyuan	塬	yuan	土+原	60
tuliu	塯	liu	土+留	1
langtu	塱	lang	朗+土	4
tupeng	塴	beng	土+朋	0
xiaotu	尘	chen	小+土	1493
tulu	塶	lu	土+鹿	0
zhantu	堑	qian	斩+土	40
matu	塺	mei	麻+土	0
tumo	塻	mo	土+莫	0
tushuang	塽	shuang	土+爽	3
shutu	塾	shu	孰+土	64
tuxi	墀	chi	土+犀	25
tuman	墁	man	土+曼	8
tupiao	墂	biao	土+票	1
tujing	境	jing	土+竟	761
yetu	墅	shu	野+土	132
tuzhang	墇	zhang	土+章	0
tukan	墈	kan	土+勘	3
tuyong	墉	yong	土+庸	36
zhitu	垫	dian	执+土	1057
tuguo	墎	guo	土+郭	3
tujin	墐	qin	土+堇	2
tushang	墒	shang	土+商	52
motu	墓	mu	莫+土	943
tucui	墔	cui	土+崔	1
tuceng	增	zeng	土+曾	2658
tuqian	墘	qian	土+乾	17
tuliang	墚	liang	土+梁	3
duitu	坠	zhui	队+土	543
tuxu	墟	xu	土+虚	110
tushan	墡	shan	土+善	3
tutong	墥	tuan	土+童	1
tufan	墦	fan	土+番	5
heitu	墨	mo	黑+土	1585
tudun	墩	dun	土+敦	390
tuzun	墫	zun	土+尊	3
futuantu	墬	di	阜+彖+土	6
suitu	堕	duo	陏+土	272
duotu	墯	duo	惰+土	3
tudeng	墱	deng	土+登	1
tuwen	坟	fen	土+文	503
tuao	墺	ao	土+奧	2
tuse	墙	qiang	土+啬	2861
tujiao	墽	qiao	土+敫	7
gentu	垦	ken	艮+土	93
bitu	壁	bi	辟+土	1041
diantu	壂	dian	殿+土	1
yongtu	壅	yong	雍+土	56
tuyun	坛	tan	土+云	910
tuju	壉	ju	土+豦	1
tubu	坏	huai	土+不	10112
tuyibajingyi	壌	rang	土+衣+八+井+一	2
tuxun	壎	xun	土+熏	1
tugai	壒	ai	土+蓋	8
changtudian	压	ya	厂+土+丶	4148
tuhao	壕	hao	土+豪	64
tuxu	壖	ruan	土+需	1
sisisitu	垒	lei	厶+厶+厶+土	357
tuguang	圹	kuang	土+广	176
tulu	垆	lu	土+卢	16
tuyan	壛	yan	土+閻	1
tulong	垄	long	土+龙	120
tulong	垅	long	土+龙	47
tuli	坜	li	土+历	12
tuxiang	壤	rang	土+襄	96
tiantiantiantiantu	壨	lei	田+田+田+田+土	0
shiyi	士	shi	十+一	2309
pieshi	壬	ren	丿+士	139
panshi	壮	zhuang	丬+士	1103
shimai	卖	mai	十+买	35689
shidou	壴	zhu	十+豆	0
tuxu	壻	xu	土+胥	1
fengcun	寿	shou	丰+寸	1058
zhuju	壾	mang	壴+巨	0
tuzun	壿	dun	土+尊	0
dongfeng	夆	pang	夂+丰	2
yiyou	变	bian	亦+又	13218
sibadong	夋	qun	厶+八+夂	18
tubadong	夌	ling	土+八+夂	11
zuodong	夎	cuo	坐+夂	10
yizixi	夏	xia	一+自+夕	4503
yizidong	夏	xia	一+自+夂	4503
yizizhiyibaxi	夒	nao	一+自+止+已+八+夕	2
yizizhiyibadong	夒	nao	一+自+止+已+八+夂	2
piepiedian	夕	xi	丿+丿+丶	663
xibu	外	wai	夕+卜	20471
xidan	夗	yuan	夕+卩	1
xidan	夘	wan	夕+卩	71
jidai	夙	su	几+歹	62
xixi	多	duo	夕+夕	154137
xuexi	夛	zhi	彐+夕	6
wenrenxidian	夜	ye	亠+人+夕+丶	5146
juduo	够	gou	句+多	14732
mumuxi	梦	meng	木+木+夕	9302
xiyin	夤	yin	夕+寅	5
guoduo	夥	huo	果+多	9
renyi	大	da	人+一	106058
yida	天	tian	一+大	44055
dadian	太	tai	大+丶	71180
yida	夫	fu	一+大	2742
erren	夫	fu	二+人	2742
pieda	夭	yao	丿+大	118
jiongda	央	yang	冂+大	435
dali	夯	hang	大+力	135
piefu	失	shi	丿+夫	1804
dianfu	失	shi	丶+夫	1804
dashi	夲	tao	大+十	84
dagong	夷	yi	大+弓	424
yigongren	夷	yi	一+弓+人	424
dakui	夸	kua	大+亏	1613
dachuan	夼	kuang	大+川	10
buda	奀	di	不+大	5
dadian	奄	yan	大+电	41
damao	奅	pao	大+卯	1
dake	奇	qi	大+可	2926
dashi	奈	nai	大+示	828
eyiguida	奊	xie	丨+一+圭+大	1
dagui	奎	kui	大+圭	670
datutu	奎	kui	大+土+土	670
daojiongda	奂	huan	刀+冂+大	48
fengdaoda	契	qi	丰+刀+大	295
daduo	奓	zha	大+多	2
dahui	奔	ben	大+卉	1469
yida	奕	yi	亦+大	410
zhuangda	奘	zang	壯+大	6
zhuayaoda	奚	xi	爪+幺+大	215
daming	奛	huang	大+明	0
feida	奜	fei	非+大	1
dazhou	奝	diao	大+周	0
qiuda	奠	dian	酋+大	57
dazhe	奢	she	大+者	136
tianming	奣	weng	天+明	1
dianjiongmida	奥	ao	丶+冂+米+大	5814
panxida	奖	jiang	丬+夕+大	4629
daqu	奁	lian	大+区	19
dacun	夺	duo	大+寸	1083
dabaibai	奭	shi	大+百+百	11
datian	奋	fen	大+田	277
mumumuda	奰	bi	目+目+目+大	1
nvyou	奴	nu	女+又	1077
nvnai	奶	nai	女+乃	2952
nvqian	奷	qian	女+千	2
nvgan	奸	jian	女+干	548
nvye	她	ta	女+也	204022
nvnv	奻	nuan	女+女	3
nvzhe	奼	cha	女+乇	1
nvzi	好	hao	女+子	378543
nvshan	奾	xian	女+山	1
wannv	奿	fan	丸+女	1
jinv	妀	ji	己+女	3
nvshao	妁	shuo	女+勺	6
nvkou	如	ru	女+口	37936
nvji	妃	fei	女+己	806
wangnv	妄	wang	亡+女	267
nvgong	妅	hong	女+工	1
nvren	妊	ren	女+壬	43
nvkai	妍	yan	女+开	1097
nvjie	妎	jie	女+介	1
nvwen	妏	wen	女+文	8
nvgong	妐	zhong	女+公	0
nvhu	妒	du	女+戶	141
nvzhi	妓	ji	女+支	242
nvyao	妖	yao	女+夭	1653
nvjin	妗	jin	女+今	19
nvyun	妘	yun	女+云	2
nvshao	妙	miao	女+少	1375
pannv	妆	zhuang	丬+女	849
nvchou	妞	niu	女+丑	1474
nvnei	妠	nan	女+內	1
nvjin	妡	xin	女+斤	1
nvfen	妢	fen	女+分	2
nvbi	妣	bi	女+比	30
nvyu	妤	yu	女+予	110
zhuanv	妥	tuo	爪+女	361
nvfeng	妦	feng	女+丰	1
nvyuan	妧	yuan	女+元	5
nvfang	妨	fang	女+方	73
nvshi	妬	du	女+石	2
nvni	妮	ni	女+尼	1163
nvyou	妯	zhou	女+由	13
nvzhao	妱	zhao	女+召	2
nvdan	妲	da	女+旦	51
yuannv	妴	yuan	夗+女	6
nvzhu	妵	tou	女+主	5
nvxuan	妶	xuan	女+玄	9
nvwei	妹	mei	女+未	2507
nvmo	妺	mo	女+末	15
yiyunv	妻	qi	一+聿+女	1463
nvbi	妼	bi	女+必	12
nvshen	妽	shen	女+申	6
linv	妾	qie	立+女	427
nvhe	姀	he	女+禾	6
nvju	姁	xu	女+句	4
nvzheng	姃	zheng	女+正	4
nvban	姅	ban	女+半	2
nvmu	姆	mu	女+母	752
funv	姇	fu	付+女	5
nvling	姈	ling	女+令	2
nvshi	姉	zi	女+市	2
nvtai	始	shi	女+台	1371
nvran	姌	ran	女+冉	2
nvce	姗	shan	女+册	125
nvyang	姎	yang	女+央	2
nvgan	姏	man	女+甘	8
nvqie	姐	jie	女+且	5089
nvgu	姑	gu	女+古	592
nvyi	姒	si	女+以	29
nvsheng	姓	xing	女+生	3576
henv	委	wei	禾+女	1840
nvju	姖	ju	女+巨	34
nvbing	姘	pin	女+并	57
nvren	姙	ren	女+任	4
nvzhao	姚	yao	女+兆	2108
nvtong	姛	dong	女+同	3
yangnv	姜	jiang	羊+女	2467
nvzhu	姝	shu	女+朱	210
nvji	姞	ji	女+吉	7
nvxiang	姠	xiang	女+向	5
nvshe	姡	huo	女+舌	2
nvjiao	姣	jiao	女+交	129
nvhou	姤	gou	女+后	8
nvlao	姥	lao	女+老	77
nvyi	姨	yi	女+夷	605
nvnian	姩	nian	女+年	14
nvzhi	姪	zhi	女+至	7
nvchen	姫	zhen	女+臣	11
nvxiekoue	姬	ji	女+匸+丨+口+丨	1070
xienv	姭	xian	劦+女	1
nvgen	姮	heng	女+亘	16
nvkua	姱	kua	女+夸	3
nvan	姲	yan	女+安	0
nvming	姳	ming	女+名	7
lienv	姴	lie	列+女	7
nvhe	姶	ya	女+合	1
nvyou	姷	you	女+有	6
nvjian	姸	yan	女+幵	3
nvzhai	姹	cha	女+宅	35
nvxian	姺	xian	女+先	2
nvyin	姻	yin	女+因	30
nvduo	姼	ti	女+多	1
nvwei	姽	gui	女+危	8
nvquan	姾	quan	女+全	1
cinv	姿	zi	次+女	597
nvrong	娀	song	女+戎	5
wuyinv	威	wei	戊+一+女	2373
nvgui	娃	wa	女+圭	1868
nvtutu	娃	wa	女+土+土	1868
nvping	娉	ping	女+甹	59
nvli	娌	li	女+里	17
nvpang	娏	mang	女+尨	1
shanv	娑	suo	沙+女	66
nvyi	娓	wei	女+尾	30
nvshu	娕	lai	女+束	1
nvzu	娖	chuo	女+足	2
nvting	娗	ting	女+廷	1
nvliang	娘	niang	女+良	3079
nvnan	娚	nan	女+男	6
nvwu	娱	yu	女+吴	367
nvna	娜	na	女+那	1998
nvtuo	娞	sui	女+妥	1
nvyuan	娟	juan	女+肙	1004
nvkouyue	娟	juan	女+口+月	1004
nvchen	娠	shen	女+辰	6
nvdi	娣	di	女+弟	210
nvwo	娥	e	女+我	525
nvmian	娩	mian	女+免	12
nvyi	娭	ai	女+矣	2
nvyan	娮	yan	女+言	2
nvqu	娵	ju	女+取	1
qunv	娶	qu	取+女	1577
nvchui	娷	zhui	女+垂	1
nvqi	娸	qi	女+其	3
nvxian	娹	xian	女+弦	0
nvchang	娼	chang	女+昌	128
nvya	娾	e	女+厓	4
nva	婀	e	女+阿	21
minv	娄	lou	米+女	331
nvbo	婂	mian	女+帛	25
nvzong	婃	cong	女+宗	18
bonv	婆	po	波+女	1035
nvcai	婇	cai	女+采	11
nvling	婈	ling	女+夌	1
nvwan	婉	wan	女+宛	545
nvbiao	婊	biao	女+表	40
nvshu	婌	shu	女+叔	2
nvqi	婍	qi	女+奇	2
nvguo	婐	wo	女+果	0
nvwei	婑	wo	女+委	1
nvyan	婒	tan	女+炎	1
feinv	婓	fei	非+女	3
nvqie	婕	jie	女+疌	461
nvtian	婖	tian	女+忝	1
nver	婗	ni	女+兒	1
nvjuan	婘	quan	女+卷	2
nvhun	婚	hun	女+昏	1425
nvjing	婛	jing	女+京	1
nvding	婝	dian	女+定	0
nvxing	婞	xing	女+幸	5
nvgu	婟	hu	女+固	0
nvguan	婠	wan	女+官	29
nvbei	婢	bi	女+卑	67
nvzhou	婤	zhou	女+周	1
nvzhuo	婥	nao	女+卓	8
nvxue	妇	fu	女+彐	620
nvqing	婧	jing	女+青	285
linnv	婪	lan	林+女	9
mumunv	婪	lan	木+木+女	9
nvzhuaren	婬	yin	女+爪+壬	2
nvya	娅	ya	女+亚	542
nvdian	婰	dian	女+典	1
nvting	婷	ting	女+亭	961
nvnan	婻	nan	女+南	1
nvruo	婼	ruo	女+若	4
nvxu	婿	xu	女+胥	76
nvrou	媃	rou	女+柔	1
nvmei	媄	mei	女+美	7
nvqian	媊	qian	女+前	2
nvchun	媋	chun	女+春	0
nvmiao	媌	miao	女+苗	1
nvzhe	媎	jie	女+者	0
nvzhuan	媏	duan	女+耑	0
nvmou	媒	mei	女+某	433
nvhuang	媓	huang	女+皇	2
nvmian	媔	mian	女+面	3
nvyan	媕	yan	女+弇	1
nvxuan	媗	xuan	女+宣	1
nvmei	媚	mei	女+眉	730
nvyuan	媛	yuan	女+爰	504
qiunv	媝	qiu	秋+女	1
nvshi	媞	zhi	女+是	23
nvmao	媢	mao	女+冒	2
nvsi	媤	si	女+思	1
nvbian	媥	pian	女+扁	1
nvwei	媦	wei	女+胃	1
nvguo	娲	wa	女+呙	48
nvhu	媩	hu	女+胡	1
nvshu	媮	yu	女+俞	2
nvwei	妫	gui	女+为	41
nvxinbi	媲	pi	女+囟+比	12
nvxi	媳	xi	女+息	54
nvyuan	媴	yuan	女+袁	3
nvrong	媶	rong	女+茸	2
nvru	媷	ru	女+辱	4
nvchi	媸	chi	女+蚩	8
nvliu	媹	liu	女+留	5
nvchishanyierpo	媺	mei	女+彳+山+一+儿+攴	13
bannv	媻	pan	般+女	11
nvma	妈	ma	女+马	9875
nvgou	媾	gou	女+冓	20
nvgui	媿	kui	女+鬼	10
nvqin	嫀	shen	女+秦	4
nvjia	嫁	jia	女+家	1884
nvsou	嫂	sao	女+叟	451
nvyuan	嫄	yuan	女+原	9
nvrong	嫆	rong	女+容	4
nvming	嫇	ming	女+冥	1
nvji	嫉	ji	女+疾	52
nvsu	嫊	su	女+素	2
nvruo	嫋	niao	女+弱	1
nvjian	嫌	xian	女+兼	1751
nvyao	嫍	tao	女+舀	2
nvnannv	嫐	nao	女+男+女	8
nvpiao	嫖	piao	女+票	326
nvqu	妪	yu	女+区	14
nvlei	嫘	lei	女+累	6
nvxuan	嫙	xuan	女+旋	1
nvman	嫚	man	女+曼	24
nvzhang	嫜	zhang	女+章	2
nvkang	嫝	kang	女+康	0
nvyong	嫞	yong	女+庸	1
nvni	嫟	ni	女+匿	3
weifanchangnv	嫠	li	未+攵+厂+女	5
nvyan	嫣	yan	女+焉	301
nvchang	嫦	chang	女+常	46
nvgeda	嫨	nan	女+革+大	2
nvchi	嫩	nen	女+敕	2645
nvlu	嫪	lao	女+翏	20
nvmo	嫫	mo	女+莫	26
nvshu	嫬	zhe	女+庶	5
nvhu	嫭	hu	女+虖	6
nvyu	嫮	hu	女+雩	4
binv	嫳	pie	敝+女	2
nvgu	嫴	gu	女+辜	1
nvwu	妩	wu	女+无	37
nvjiao	嫶	qiao	女+焦	1
nvsui	嫷	tuo	女+隋	1
nvshan	嫸	zhan	女+善	1
nvhuang	嫹	miao	女+黃	4
nvxian	娴	xian	女+闲	267
nvliao	嫽	liao	女+尞	3
nvdeng	嬁	deng	女+登	1
nvhua	嬅	hua	女+華	43
nvyao	娆	rao	女+尧	43
nvxi	嬉	xi	女+喜	116
nvdan	婵	chan	女+单	145
nvqiao	娇	jiao	女+乔	926
nvfan	嬏	fan	女+番	0
nvjiao	嬓	jiao	女+敫	0
nvmiansheng	嬔	fu	女+免+生	0
binv	嬖	bi	辟+女	13
nvdan	嬗	shan	女+亶	11
nvse	嫱	qiang	女+啬	24
nvlian	嬚	lian	女+廉	0
nvdong	嬞	dong	女+董	1
nvzao	嬠	can	女+喿	0
nvai	嫒	ai	女+爱	29
nvme	嬷	mo	女+麽	23
nvzhai	嬥	tiao	女+翟	1
nvci	嬨	ci	女+慈	4
nvbin	嫔	pin	女+宾	110
nvxu	嬬	ru	女+需	18
beibeinv	婴	ying	贝+贝+女	328
nannvnan	嬲	niao	男+女+男	277
wangkouyuenvfan	嬴	ying	亡+口+月+女+凡	95
nvshen	婶	shen	女+审	193
nvyan	嬿	yan	女+燕	17
nvshuang	孀	shuang	女+霜	12
nvxian	孅	xian	女+韱	2
yinv	娈	luan	亦+女	20
leyi	子	zi	了+一	19769
lepie	孑	jie	了+丿	120
ziyi	孔	kong	子+乙	3045
naizi	孕	yun	乃+子	578
zizi	孖	ma	子+子	18
baozi	字	zi	宀+子	16750
yirenzi	存	cun	一+人+子	4982
zhuazi	孚	fu	爪+子	159
zipo	孜	zi	子+攴	122
zifan	孜	zi	子+攵	122
laozi	孝	xiao	老+子	1132
zimin	孟	meng	子+皿	2172
zibao	孢	bao	子+包	72
hezi	季	ji	禾+子	2300
zigua	孤	gu	子+瓜	1092
nuzi	孥	nu	奴+子	8
zihai	孩	hai	子+亥	863
zixiao	孙	sun	子+小	5484
buhao	孬	nao	不+好	93
zizong	孮	cong	子+宗	2
xiangwan	孰	shu	享+丸	459
shizizizi	孱	chan	尸+子+子+子	9
luanfu	孵	fu	卵+孚	74
zizi	孳	zi	兹+子	8
weifanchangzi	孷	li	未+攵+厂+子	0
zixu	孺	ru	子+需	57
xuezi	孽	nie	薛+子	197
yizi	孪	luan	亦+子	20
baobi	它	ta	宀+匕	58897
baojiu	宄	gui	宀+九	6
baozhe	宅	zhai	宀+乇	1101
baoyu	宇	yu	宀+于	2482
baocun	守	shou	宀+寸	3290
baonv	安	an	宀+女	11597
baomu	宋	song	宀+木	4081
baoyuan	完	wan	宀+元	24072
baoliu	宍	rou	宀+六	3
baoyao	宎	yao	宀+夭	0
baomao	宒	zhun	宀+毛	1
baobi	宓	mi	宀+必	69
baoshi	宕	dang	宀+石	86
baohong	宖	hong	宀+弘	0
baoshi	宗	zong	宀+示	2593
baoyou	宙	zhou	宀+由	106
baoshu	定	ding	宀+疋	14898
baoyuan	宛	wan	宀+夗	290
baoqie	宜	yi	宀+且	2457
baotou	实	shi	宀+头	3087
baoge	客	ke	宀+各	4081
baogen	宣	xuan	宀+亘	1075
baozhi	室	shi	宀+至	5463
baoyou	宥	you	宀+有	53
baochen	宦	huan	宀+臣	85
baozhao	宨	tiao	宀+兆	3
baocheng	宬	cheng	宀+成	8
baojun	宭	qun	宀+君	1
baolv	宫	gong	宀+吕	2702
baokoukou	宫	gong	宀+口+口	2702
baoxin	宰	zai	宀+辛	836
baofengkou	害	hai	宀+丰+口	2854
baoxiao	宵	xiao	宀+肖	200
baochen	宸	chen	宀+辰	163
baogu	容	rong	宀+谷	2278
baorenbai	宿	su	宀+人+百	664
baocai	寀	cai	宀+采	3
baoqie	寁	zan	宀+疌	1
baoshu	寂	ji	宀+叔	307
baotu	寃	yuan	宀+兔	2
baoqi	寄	ji	宀+奇	4492
baoyiyouba	寅	yin	宀+一+由+八	273
baobishan	密	mi	宀+必+山	2338
mishan	密	mi	宓+山	2338
baoyuanpo	寇	kou	宀+元+攴	397
baozhui	寉	he	宀+隹	1
baojingda	寋	jian	宀+井+大	0
baoxinmin	寍	ning	宀+心+皿	3
baopanbing	寎	bing	宀+爿+丙	2
baopanwei	寐	mei	宀+爿+未	137
baoqin	寑	qin	宀+侵	9
baojingdabing	寒	han	宀+井+大+冰	4520
baoyu	寓	yu	宀+禺	247
baoshi	寔	shi	宀+是	15
baojin	寖	jin	宀+浸	4
miran	寗	ning	宓+冉	6
baozhen	寘	zhi	宀+真	6
baoguagua	寙	yu	宀+瓜+瓜	2
baocaojian	宽	kuan	宀+草+见	3177
baoding	宁	ning	宀+丁	3897
baomo	寞	mo	宀+莫	52
baoji	察	cha	宀+祭	507
baozhifen	寡	gua	宀+直+分	305
baopanyan	寣	hu	宀+爿+言	120
baopanwu	寤	wu	宀+爿+吾	24
baolu	寥	liao	宀+翏	54
baoyigongmu	寨	zhai	宀+一+共+木	724
baojingdamu	寨	zhai	宀+井+大+木	724
baoshen	审	shen	宀+申	993
baoliao	寮	liao	宀+尞	142
baojuan	寯	jun	宀+雋	5
baopannie	寱	yi	宀+爿+臬	1
baoyi	寲	yi	宀+疑	10
baoyu	宝	bao	宀+玉	5580
baolong	宠	chong	宀+龙	1156
yijuedian	寸	cun	一+亅+丶	3068
tucun	寺	si	土+寸	2001
youcun	对	dui	又+寸	279642
tutucun	封	feng	土+土+寸	6204
guicun	封	feng	圭+寸	6204
fucun	尃	po	甫+寸	1
shencun	射	she	身+寸	2318
kecun	尅	kei	克+寸	444
panroucunjiang	将	jiang	爿+肉+寸+將	119239
panxicun	将	jiang	丬+夕+寸	119239
shishicun	尉	wei	尸+示+寸	160
qiucun	尊	zun	酋+寸	1653
xuecun	寻	xun	彐+寸	2300
zhucun	尌	zhu	壴+寸	1
sicun	导	dao	巳+寸	2043
bajue	小	xiao	八+亅	92013
xiaopie	少	shao	小+丿	31117
renxiao	尒	mi	人+小	9
pieyixiao	尓	mi	丿+一+小	109
naixiao	尕	ga	乃+小	72
xiaoda	尖	jian	小+大	1070
xiaojiongkou	尚	shang	小+冂+口	3912
xiaodaxiao	尜	ga	小+大+小	6
shishao	尟	xian	是+少	1
shenshao	尠	xian	甚+少	4
yiren	尢	you	一+人	79
youdian	尤	you	尢+丶	1339
youshao	尥	liao	尢+勺	8
yousan	尨	pang	尤+彡	7
youwang	尪	wang	尢+王	4
youjie	尬	ga	尢+介	231
youzhong	尰	zhong	尢+重	5
jingyou	就	jiu	京+尤	558432
yougu	尳	gu	尢+骨	1
youjian	尴	gan	尢+监	13
shiyi	尹	yin	尸+一	1459
xuepie	尹	yin	彐+丿	1459
shijiu	尻	kao	尸+九	181
shibi	尼	ni	尸+匕	2504
shimao	尾	yi	尸+毛	859
shishui	尿	niao	尸+水	1791
shibi	屁	pi	尸+比	2822
shixue	屄	bi	尸+穴	291
shigu	居	ju	尸+古	2926
shiyou	届	jie	尸+由	2341
shitian	屇	tian	尸+田	3
shichu	屈	qu	尸+出	973
shizhi	屋	wu	尸+至	2421
shidiao	屌	diao	尸+吊	556
shimi	屎	shi	尸+米	1170
shibing	屏	ping	尸+并	1954
shichizhi	屐	ji	尸+彳+支	32
shixiao	屑	xie	尸+肖	261
qiuni	屔	ni	丘+尼	0
shixin	屖	xi	尸+辛	0
yizi	屘	man	尾+子	0
shia	屙	e	尸+阿	83
shishi	屉	ti	尸+世	58
shifei	屝	fei	尸+非	3
shizhe	屠	tu	尸+者	414
shilou	屡	lv	尸+娄	554
shixi	屣	xi	尸+徙	15
shiyun	层	ceng	尸+云	6480
shifu	履	lv	尸+復	286
shichilou	屦	ju	尸+彳+娄	12
shiliao	屪	liao	尸+尞	0
shiyu	属	shu	尸+禹	4306
rushan	屳	xian	入+山	0
shanli	屴	li	山+力	1
shanqi	屹	yi	山+乞	74
shanji	屺	qi	山+己	11
shanren	屻	ren	山+刃	3
shanwu	屼	wu	山+兀	27
shanshan	屾	shen	山+山	34
shanyao	岆	yao	山+夭	6
shanya	岈	ya	山+牙	5
shanwu	岉	wu	山+勿	1
bashan	岊	jie	巴+山	2
shanji	岋	ji	山+及	6
shanji	岌	ji	山+及	8
shankai	岍	qian	山+开	3
shanyuan	岏	wan	山+元	1
shanzhi	岐	qi	山+支	191
shanjin	岑	cen	山+今	332
shanjin	岒	qian	山+今	1
shanjin	岓	qi	山+斤	0
fenshan	岔	cha	分+山	161
shanjie	岕	jie	山+介	4
yaoshan	岙	ao	夭+山	74
shanba	岜	ba	山+巴	17
shanzha	岝	zuo	山+乍	0
shanyang	岟	yang	山+央	0
shanju	岠	ju	山+巨	3
jiongyi	冈	gang	冂+乂	387
shanke	岢	ke	山+可	16
shanju	岣	gou	山+句	12
shanxue	岤	xue	山+穴	1
shanpi	岥	po	山+皮	1
shanli	岦	li	山+立	1
shanzhao	岧	tiao	山+召	2
shanqie	岨	ju	山+且	2
shanshi	岩	yan	山+石	2003
shanfu	岪	fu	山+弗	1
shanyou	岫	xiu	山+由	79
shanjia	岬	jia	山+甲	24
shanta	岮	tuo	山+它	0
shanpi	岯	pi	山+丕	1
shanyou	岰	ao	山+幼	1
daishan	岱	dai	代+山	195
qiushan	岳	yue	丘+山	1265
shangu	岵	hu	山+古	4
shanbai	岶	po	山+白	0
shanmin	岷	min	山+民	60
shanling	岺	ling	山+令	2
shandi	岻	chi	山+氐	0
shantian	峀	bang	山+田	0
shanmao	峁	mao	山+卯	21
shanhe	峆	he	山+合	0
shanhe	峇	ke	山+合	17
shange	峈	luo	山+各	2
shange	峉	e	山+各	1
shanxun	峋	xun	山+旬	9
shanzhi	峌	die	山+至	1
shangen	峎	en	山+艮	2
shaner	峏	er	山+而	1
shanhai	峐	gai	山+亥	0
shantong	峒	dong	山+同	26
shanyi	峓	yi	山+夷	1
shanlao	峔	mu	山+老	0
shanan	峖	an	山+安	1
shanwei	峗	wei	山+危	1
shangen	峘	huan	山+亘	1
shansi	峙	zhi	山+寺	52
shanlie	峛	li	山+列	1
shanwei	峞	wei	山+危	1
shanyou	峟	you	山+有	5
shanshangxia	峠	gu	山+上+下	1
shanwo	峨	e	山+我	100
shangu	峪	yu	山+谷	224
shanfu	峬	bu	山+甫	1
shanxiao	峭	qiao	山+肖	55
shanjun	峮	qun	山+君	1
shanpang	峯	feng	山+夆	5
shanpang	峰	feng	山+夆	3510
choushan	峱	nao	丑+山	0
shanjian	岘	xian	山+见	27
shanhong	峵	rong	山+宏	0
baodianbaoshan	岛	dao	勹+丶+勹+山	3026
shanxin	峷	shen	山+辛	1
shancheng	峸	cheng	山+成	1
yushan	峹	tu	余+山	1
shangeng	峺	geng	山+更	0
shanqun	峻	jun	山+夋	313
shanjia	峡	xia	山+夹	340
shanwu	峿	yu	山+吾	1
shanliang	崀	lang	山+良	9
shankan	崁	kan	山+坎	4
shankong	崆	kong	山+空	11
shanzong	崇	chong	山+宗	675
shanju	崌	ju	山+居	5
shanlai	崃	lai	山+来	6
shanqi	崎	qi	山+奇	241
shanhun	崏	min	山+昏	6
shanzu	崒	zu	山+卒	19
shanzhui	崔	cui	山+隹	1836
shanya	崕	ya	山+厓	24
shanya	崖	ya	山+厓	523
shangang	岗	gang	山+冈	1288
shanling	崚	leng	山+夌	3
shanqu	崛	jue	山+屈	34
shanqing	崝	zheng	山+青	5
shanxiang	崞	guo	山+享	5
shanjin	崟	yin	山+金	7
shanzheng	峥	zheng	山+争	141
shanwei	崣	wei	山+委	5
shanyao	崤	xiao	山+肴	6
shanbei	崥	pi	山+卑	11
shanyan	崦	yan	山+奄	11
shansong	崧	song	山+松	48
shanpeng	崩	beng	山+朋	561
shandong	岽	dong	山+东	6
shangu	崮	gu	山+固	28
shanhuang	崲	huang	山+皇	5
shanshu	崳	yu	山+俞	3
shanwei	崴	wai	山+威	104
shanfeng	崶	feng	山+封	6
shanqiu	崷	qiu	山+酋	2
shandi	崹	ti	山+帝	9
shanshi	崺	yi	山+施	4
shanshi	崼	shi	山+是	8
shansi	崽	zai	山+思	286
shanyao	崾	yao	山+要	11
shane	崿	e	山+咢	2
shanzhu	嵀	zhu	山+柱	1
shanshen	嵁	zhan	山+甚	6
shanlv	嵂	lv	山+律	4
shanyan	嵃	yan	山+彦	3
shanxian	嵅	han	山+咸	0
heyoushan	嵇	ji	禾+尤+山	45
shanting	嵉	ting	山+亭	1
shancheng	嵊	sheng	山+乘	12
shanmei	嵋	mei	山+眉	14
shanganqian	嵌	qian	山+甘+欠	318
shanyu	嵎	yu	山+禺	8
shanfeng	岚	lan	山+风	648
shanhe	嵑	ke	山+曷	0
pinshan	嵒	yan	品+山	1
shanpin	嵓	yan	山+品	1
shanxiongbaxi	嵕	zong	山+凶+八+夕	2
shanxiongbadong	嵕	zong	山+凶+八+夂	2
shanshu	嵛	yu	山+俞	22
yushanshan	嵞	tu	余+山+山	1
shancang	嵢	cang	山+倉	0
shantang	嵣	tang	山+唐	0
shanjie	嵥	jie	山+桀	1
shanliu	嵧	liu	山+留	3
shangao	嵩	song	山+高	182
shanzi	嵫	zi	山+兹	5
shangui	嵬	wei	山+鬼	18
shanpang	嵭	beng	山+旁	0
shancha	嵯	cuo	山+差	8
shanrong	嵱	yong	山+容	0
shannie	嵲	nie	山+臬	1
shancha	嵳	cuo	山+差	0
shanji	嵴	ji	山+脊	26
shanqiang	嵹	jiang	山+強	0
shanlu	嵺	liao	山+翏	1
shanyu	嶀	tu	山+雩	0
shanlou	嵝	lou	山+娄	5
shanzhang	嶂	zhang	山+章	44
shanzhan	崭	zhan	山+斩	17
shancao	嶆	cao	山+曹	12
shanqu	岖	qu	山+区	5
shanwei	嶉	zui	山+唯	9
shantui	嶊	zui	山+推	1
shanxi	嶍	xi	山+習	1
shanlong	嶐	long	山+隆	0
shanceng	嶒	ceng	山+曾	4
shanfan	嶓	bo	山+番	2
shanjiao	嶕	jiao	山+焦	1
shanlao	崂	lao	山+劳	11
shanliao	嶚	liao	山+尞	0
shanjijiri	嶜	qin	山+旡+旡+日	0
shanqian	嶜	qin	山+朁	0
shandeng	嶝	deng	山+登	6
suishan	嶞	duo	隋+山	1
shanzun	嶟	zun	山+尊	1
shanqiao	峤	qiao	山+乔	31
shanjue	嶡	jue	山+厥	0
shanyao	峣	yao	山+尧	0
shanyouere	峄	yi	山+又+二+丨	17
shanji	嶯	ji	山+戢	1
shanjie	嶰	xie	山+解	2
shange	嶱	ke	山+葛	0
zhuinai	隽	jun	隹+乃	110
shanzui	嶵	zui	山+罪	1
shanyi	嶷	yi	山+疑	28
shanrong	嵘	rong	山+荣	60
shanling	岭	ling	山+令	1178
shanyu	屿	yu	山+与	154
shanquege	巀	jie	山+雀+戈	0
shanzhuijiong	巂	xi	山+隹+冏	3
shanchan	巉	chan	山+毚	4
shangui	岿	kui	山+归	24
shanwei	巍	wei	山+魏	199
shanhuan	巏	quan	山+雚	0
shangaosheng	巐	chao	山+高+昇	0
yishan	峦	luan	亦+山	109
shantian	巓	dian	山+顚	1
shandiandian	巅	dian	山+顛+巔	65
pieee	川	chuan	丿+丨+丨	2883
chuandiandiandian	州	zhou	川+丶+丶+丶	3193
wangchuan	巟	huang	亡+川	2
yichuangong	巠	xing	一+巛+工	1
chuanguo	巢	chao	巛+果	491
ere	工	gong	二+丨	5450
yieyi	工	gong	一+丨+一	5450
yipiegong	左	zuo	一+丿+工	7716
gongwan	巧	qiao	工+万	2001
gongrenren	巫	wu	工+人+人	470
yangpiegong	差	cha	羊+丿+工	16939
shengwensichuan	巯	qiu	圣+亠+厶+川	10
shenghuang	巯	qiu	圣+巟	10
sie	巴	ba	巳+丨	3193
sidian	巴	ba	巳+丶	3193
changyiba	巵	zhi	厂+一+巴	1
gongji	巷	xiang	共+己	800
chengji	巹	jin	丞+己	2
fubadan	卷	juan	夫+八+卩	3792
jijigong	巽	xun	己+己+共	94
jionge	巾	jin	冂+丨	276
yijin	巿	po	一+巾	179
wenjin	市	shi	亠+巾	18050
jinding	帄	ding	巾+丁	3
jinfan	帆	fan	巾+凡	619
jinba	帊	pa	巾+巴	8
shijin	帋	zhi	氏+巾	52
yibu	希	xi	乂+布	1784
yiyipiejin	希	xi	乂+一+丿+巾	1784
jinyou	帎	dan	巾+冘	12
nujin	帑	tang	奴+巾	7
jinpi	帔	pei	巾+皮	6
jinbai	帕	pa	巾+白	1079
jinzhan	帖	tie	巾+占	5721
jinba	帗	fu	巾+犮	5
nujin	帘	lian	奴+巾	530
jinshi	帙	zhi	巾+失	18
baijin	帛	bo	白+巾	120
yijin	帟	yi	亦+巾	3
jiujin	帠	yi	臼+巾	2
jinhe	帢	qia	巾+合	2
rujin	帤	ru	如+巾	2
epiejin	帅	shuai	丨+丿+巾	6051
jindui	帨	shui	巾+兑	4
jinxiao	帩	qiao	巾+肖	2
guangnianjin	席	xi	广+廿+巾	869
jinbing	帡	ping	巾+并	4
jinchang	帐	zhang	巾+长	2156
jinzhui	帷	wei	巾+隹	67
shangjin	常	chang	尚+巾	7630
jinmao	帽	mao	巾+冒	810
jinzhe	帾	du	巾+者	2
jinhou	帿	hou	巾+侯	2
jinzhen	帧	zhen	巾+贞	857
jinwei	帏	wei	巾+韦	42
jinwu	幄	wo	巾+屋	26
bangjin	帮	bang	邦+巾	30125
banjin	幋	pan	般+巾	8
jinhuang	幌	huang	巾+晃	51
jinyao	幍	tao	巾+舀	2
jinming	幎	mi	巾+冥	2
jinjia	幏	jia	巾+家	5
jinman	幔	man	巾+曼	81
mojin	幕	mu	莫+巾	654
jinguo	帼	guo	巾+国	19
jinze	帻	ze	巾+责	7
jinmo	幙	mu	巾+莫	2
jinzhang	幛	zhang	巾+章	25
jinjing	幜	jing	巾+景	1
jinzhi	帜	zhi	巾+只	33
jinfan	幡	fan	巾+番	81
jintong	幢	zhuang	巾+童	587
piejin	币	bi	丿+巾	2376
yijin	币	bi	一+巾	2376
bijin	幦	mi	辟+巾	1
jinzao	幧	qiao	巾+喿	1
jinzhan	幨	chan	巾+詹	1
jinmeng	幪	meng	巾+蒙	2
jinshou	帱	dao	巾+寿	1
jinmie	幭	mie	巾+蔑	0
jinchu	幮	chu	巾+廚	1
ere	干	gan	二+丨	22116
piefengdian	年	nian	丿+丰+丶	105268
pieyierdiane	年	nian	丿+一+二+丶+丨	105268
gangan	幵	jian	干+干	21
qiangan	幵	jian	千+干	21
yaoli	幼	you	幺+力	825
shanyaoyao	幽	you	山+幺+幺	1647
guangren	庂	ze	广+人	1
dianyipie	广	guang	丶+一+丿	3745
guangbi	庇	bi	广+比	93
guangjin	庈	qin	广+今	1
guangtun	庉	tun	广+屯	1
guangmu	床	chuang	广+木	3976
guangzhi	庋	gui	广+支	8
guangya	庌	ya	广+牙	1
guangjin	庍	xin	广+斤	1
guangyu	序	xu	广+予	828
guangdi	底	di	广+氐	5497
guangbao	庖	pao	广+包	25
guangzhan	店	dian	广+占	11612
guangxueren	庚	geng	广+彐+人	729
guangci	庛	ci	广+此	3
guangfu	府	fu	广+付	1757
guangyang	庠	xiang	广+羊	24
guangzhi	庢	zhi	广+至	29
guangzhao	庣	tiao	广+兆	18
guangsi	庤	zhi	广+寺	10
guangxiu	庥	xiu	广+休	13
guangnianyou	度	du	广+廿+又	11468
guangzuo	座	zuo	广+坐	4409
guangxiao	庨	xiao	广+孝	15
guangji	庪	gui	广+技	1
guangche	库	ku	广+车	5650
guangpang	庬	meng	广+尨	1
guangting	庭	ting	广+廷	1513
guangyou	庮	you	广+酉	2
guangbing	庰	bing	广+并	1
guangling	庱	cheng	广+夌	1
guangbei	庳	bei	广+卑	2
guangxi	庴	ji	广+昔	1
guangyan	庵	an	广+奄	347
guangnianhuo	庶	shu	广+廿+火	123
guangli	康	kang	广+隶	3377
guangyujionger	庸	yong	广+聿+冂+二	285
guangyongjionger	庸	yong	广+用+冂+二	285
guangnianchi	庹	tuo	广+廿+尺	32
guangyu	庾	yu	广+臾	48
changze	厕	ce	厂+则	148
changxiangxiang	厢	xiang	厂+相+廂	281
guangfa	废	fei	广+发	1723
changji	厩	jiu	厂+既	36
guanghe	廅	e	广+盍	1
guanggui	廆	wei	广+鬼	4
guangliu	廇	liu	广+留	1
changxia	厦	xia	厂+夏	209
guangjian	廉	lian	广+兼	490
guanglang	廊	lang	广+郎	318
guangsou	廋	sou	广+叟	15
guangbaibishu	廏	jiu	广+白+匕+殳	0
guangbaibiji	廐	jiu	广+白+匕+旡	0
guangjin	廑	jin	广+堇	4
guangao	廒	ao	广+敖	7
guangguo	廓	kuo	广+郭	100
guanglu	廖	liao	广+翏	1463
guanglu	廘	lu	广+鹿	1
changdoucun	厨	chu	厂+豆+寸	306
guangliertu	廛	chan	广+里+儿+土	12
guangtu	廜	tu	广+屠	1
changsisi	厮	si	厂+斯+廝	96
guangchaomiao	庙	miao	广+朝+廟	1053
guangyoumiao	庙	miao	广+由+廟	1053
yipie	厂	chang	一+丿	5991
guangwu	庑	wu	广+无	25
guangbi	廦	bi	广+辟	1
guangjie	廨	xie	广+解	12
guangbing	廪	lin	广+禀	22
guanghu	庐	lu	广+户	198
guangyong	廱	yong	广+雝	1
juepiezhi	延	yan	廴+丿+止	1233
jueren	廷	ting	廴+壬	769
jueyou	廸	di	廴+由	1
jueyu	建	jian	廴+聿	9016
juehui	廻	hui	廴+回	7
yiyi	弌	yi	弋+一	75
yier	弍	er	弋+二	72
yigong	式	shi	弋+工	11075
yiyier	弐	er	一+弋+二	3
shashishi	弑	shi	杀+式+弒	97
koujin	吊	diao	口+巾	2033
gonge	引	yin	弓+丨	4195
gongyi	弖	hu	弓+一	119
gongpiee	弗	fu	弓+丿+丨	655
gongsi	弘	hong	弓+厶	797
badiao	弚	tui	八+弔	1
gongye	弛	chi	弓+也	136
gongba	弝	ba	弓+巴	1
gongju	弡	zhang	弓+巨	0
gongshanyou	弢	tao	弓+山+又	17
gongfu	弣	fu	弓+付	1
gongdi	弤	di	弓+氐	0
gongxuan	弦	xian	弓+玄	1029
gonggua	弧	hu	弓+瓜	237
gongzhao	弨	chao	弓+召	2
nugong	弩	nu	奴+弓	253
gonger	弭	mi	弓+耳	26
gongxiao	弰	shao	弓+肖	2
gongbinggongbing	弱	ruo	弓+冰+弓+冰	3273
gongsheng	弪	jing	弓+圣	12
gongxiang	弴	diao	弓+享	5
gongchang	张	zhang	弓+长	27300
gongjing	弶	jiang	弓+京	10
gongsui	强	qiang	弓+虽	19428
gongpeng	弸	peng	弓+朋	7
gongbaigong	弼	bi	弓+百+弓	113
gongdan	弹	tan	弓+单	1988
gonghuang	彉	guo	弓+黃	4
gongjiang	彊	qiang	弓+畺	6
gonger	弥	mi	弓+尔	421
yigong	弯	wan	亦+弓	1244
gongjue	彏	jue	弓+矍	1
xueshui	录	lu	彐+水	2662
jishi	彖	tuan	彑+豕	19
fengfengxue	彗	hui	丰+丰+彐	44
jibishi	彘	zhi	彑+比+矢	32
jibishibi	彘	zhi	彑+匕+矢+匕	32
piepiepie	彡	san	丿+丿+丿	87
kaisan	形	xing	开+彡	2865
dansan	彤	tong	丹+彡	434
huosan	彧	yu	或+彡	59
huopiepie	彧	yu	或+丿+丿	59
caisan	彩	cai	采+彡	2127
husan	彪	biao	虎+彡	786
zhouzhui	雕	diao	周+隹	593
linsan	彬	bin	林+彡	967
zhusan	彭	peng	壴+彡	2213
piaosan	彯	piao	票+彡	1
zhangsan	彰	zhang	章+彡	230
jingsan	影	ying	景+彡	3209
pieren	彳	chi	丿+人	84
chishao	彴	zhuo	彳+勺	9
chiji	彶	ji	彳+及	4
chigong	彸	zhong	彳+公	1
chishu	役	yi	彳+殳	296
chipi	彼	bi	彳+皮	847
chidi	彽	di	彳+氐	1
chiling	彾	ling	彳+令	3
chifu	彿	fu	彳+弗	3
chizhu	往	wang	彳+主	10406
chizheng	征	zheng	彳+正	1502
chiqie	徂	cu	彳+且	20
chisheng	徃	wang	彳+生	6
chisi	待	dai	彳+寺	6914
chixi	徆	xi	彳+西	1
chixun	徇	xun	彳+旬	38
chigen	很	hen	彳+艮	160208
chiyang	徉	yang	彳+羊	24
chihui	徊	huai	彳+回	45
chiyu	律	lv	彳+聿	756
chiyu	徐	xu	彳+余	5191
chisheng	径	jing	彳+圣	596
chizou	徒	tu	彳+走	614
renren	从	cong	人+人	126905
chizong	徖	cong	彳+宗	0
chiriyicun	得	de	彳+日+一+寸	75568
chifei	徘	pai	彳+非	26
chizhishu	徙	xi	彳+止+疋	104
chiqi	徛	ji	彳+奇	2
chishang	徜	chang	彳+尚	16
chizhou	徟	zhou	彳+周	0
chilai	徕	lai	彳+来	35
chixie	御	yu	彳+卸	924
chishi	徥	ti	彳+是	2
chihuang	徨	huang	彳+皇	27
pieyirixi	复	fu	丿+一+日+夕	2272
pieyiridong	复	fu	丿+一+日+夂	2272
chidun	循	xun	彳+盾	363
chipang	徬	pang	彳+旁	3
chishanwupo	微	wei	彳+山+兀+攴	2970
chishanwufan	微	wei	彳+山+兀+攵	2970
chixi	徯	xi	彳+奚	2
chixi	徲	ti	彳+犀	1
chishiwangyixin	德	de	彳+十+网+一+心	7178
chishanwangpo	徴	zhi	彳+山+王+攴	6
chishanwangfan	徴	zhi	彳+山+王+攵	6
chibi	徶	bie	彳+敝	0
chiqie	彻	che	彳+切	318
chijiao	徼	jiao	彳+敫	20
chishanmipo	徽	hui	彳+山+糸+攴	398
chishanmifan	徽	hui	彳+山+糸+攵	398
chishanyiyanpo	徾	mei	彳+山+一+言+攴	1
chishanyiyanfan	徾	mei	彳+山+一+言+攵	1
chixiang	忀	xiang	彳+襄	1
chirichudashui	忁	bao	彳+日+出+大+水	0
xinpie	必	bi	心+丿	3878
xindao	忉	dao	心+刀	21
jixin	忌	ji	己+心	840
renxin	忍	ren	刃+心	2612
shangxin	忐	tan	上+心	5
xiaxin	忑	te	下+心	14
yixin	忒	tei	弋+心	425
xinqi	忔	qi	心+乞	22
xinda	忕	shi	心+大	12
xincun	忖	cun	心+寸	44
shixin	志	zhi	士+心	3436
wangxin	忘	wang	亡+心	4829
xinwang	忙	mang	心+亡	29641
guangxiaoyi	应	ying	广+小+一	20243
tianxin	忝	tian	天+心	38
wenxin	忞	min	文+心	50
zhongxin	忠	zhong	中+心	2098
xinzhong	忡	chong	心+中	14
xinji	忣	ji	心+及	5
xinwu	忤	wu	心+午	38
qixin	忥	xi	气+心	3
xinyuan	忨	wan	心+元	1
xingong	忪	song	心+公	11
xinguai	快	kuai	心+夬	48011
xinbian	忭	bian	心+卞	7
xinzhi	忮	zhi	心+支	16
xindi	忯	shi	心+氐	1
xinzu	忰	cui	心+卆	1
xinyou	忱	chen	心+冘	66
xintun	忳	zhun	心+屯	2
xinjin	忴	qin	心+今	2
xinxiong	忷	xiong	心+凶	1
xinchou	忸	niu	心+丑	17
xinqian	忺	xian	心+欠	2
xinjin	忻	xin	心+斤	131
wuxin	忽	hu	勿+心	968
fenxin	忿	fen	分+心	61
xinbao	怉	bao	心+包	0
xinzhao	怊	chao	心+召	3
xinmin	怋	min	心+民	0
xinpi	怌	pei	心+丕	0
xinzha	怍	zuo	心+乍	11
zhaxin	怎	zen	乍+心	1920
xinyang	怏	yang	心+央	7
xinju	怐	kou	心+句	1
xinban	怑	ban	心+半	1
nuxin	怒	nu	奴+心	2622
xinnu	怓	niu	心+奴	1
xinzheng	怔	zheng	心+正	178
xinbai	怕	pa	心+白	22787
xinbu	怖	bu	心+布	72
xinzhan	怗	tie	心+占	2
xingu	怙	hu	心+古	20
xinqie	怚	zu	心+且	1
xindan	怛	da	心+旦	48
tianxin	思	si	田+心	4404
xinyou	怞	you	心+由	1
taixin	怠	dai	台+心	77
xintai	怡	yi	心+台	1103
xinshi	怢	tui	心+失	1
fuxin	怤	fu	付+心	1
chuxin	急	ji	刍+心	7980
xinping	怦	peng	心+平	10
xinsheng	性	xing	心+生	24434
yuanxin	怨	yuan	夗+心	968
xidanxin	怨	yuan	夕+卩+心	968
xinni	怩	ni	心+尼	16
xinsheng	怪	guai	心+圣	13739
xinfu	怫	fei	心+弗	4
xinsi	怬	xi	心+四	0
xinbi	怭	bi	心+必	1
xinyou	怮	you	心+幼	2
xinqu	怯	qie	心+去	158
congxin	怱	cong	匆+心	3
xinbing	怲	bing	心+丙	1
xinxiong	怳	huang	心+兄	5
xinyue	怴	xue	心+戉	1
xinshu	怵	chu	心+术	55
shuxin	怷	shu	朮+心	0
taxin	怹	tan	他+心	5
xinduo	恀	shi	心+多	2
renxin	恁	nen	任+心	267
xinxun	恂	xun	心+旬	24
xinsi	恃	shi	心+寺	121
xinji	恄	xi	心+吉	1
xinlao	恅	lao	心+老	2
xingen	恒	heng	心+亘	1589
xinkuang	恇	kuang	心+匡	1
xinzhi	恉	zhi	心+旨	2
xinxie	恊	xie	心+劦	1
xinzhao	恌	yao	心+兆	1
xinguang	恍	huang	心+光	102
gongxin	恐	kong	巩+心	985
gongfanxin	恐	kong	工+凡+心	985
xinxi	恓	xi	心+西	1
xinjiao	恔	xiao	心+交	1
nvkouxin	恕	shu	女+口+心	203
xinxiu	恘	qiu	心+休	0
yangxin	恙	yang	羊+心	57
guixin	恚	hui	圭+心	26
xinhui	恛	hui	心+回	3
fengdaoxin	恝	jia	丰+刀+心	5
xinyi	恞	yi	心+夷	1
xinxiong	恟	xiong	心+匈	1
xinzai	恠	guai	心+在	6
xinhui	恢	hui	心+灰	91
cixin	恣	zi	次+心	62
xinxue	恤	xu	心+血	585
erzhi	耻	chi	耳+止	389
xinxiang	恦	shang	心+向	0
erxin	恧	nv	而+心	4
xingen	恨	hen	心+艮	4102
yinxin	恩	en	因+心	162015
xinge	恪	ke	心+各	113
xintong	恫	dong	心+同	24
xinshe	恬	tian	心+舌	162
gongxin	恭	gong	共+心	432
gongxiaodian	恭	gong	共+小+丶	432
xinquan	恮	zhuan	心+全	1
zixin	息	xi	自+心	1027
xinhe	恰	qia	心+合	755
xinbing	恲	peng	心+并	0
xinyong	悀	yong	心+甬	0
xinyuan	悁	yuan	心+肙	3
xinkun	悃	kun	心+困	17
xinxiao	悄	qiao	心+肖	128
xindui	悦	yue	心+兑	974
yuxin	悆	yu	余+心	9
xinyu	悇	yu	心+余	6
xinjie	悈	ke	心+戒	2
caixin	悉	xi	采+心	361
bianxin	悉	xi	釆+心	361
zhexin	悊	zhe	折+心	8
xinlin	悋	lin	心+吝	1
xindi	悌	ti	心+弟	26
xinhan	悍	han	心+旱	139
xingao	悎	jiao	心+告	14
dixin	悐	ti	狄+心	2
xinyi	悒	yi	心+邑	24
xinmei	悔	hui	心+每	367
xinxi	悕	xi	心+希	15
xinbei	悖	bei	心+孛	54
xinmian	悗	men	心+免	22
xinshu	悚	song	心+束	24
xinqun	悛	quan	心+夋	10
xincheng	悜	cheng	心+呈	20
xinli	悝	kui	心+里	8
xinwu	悟	wu	心+吾	812
youxin	悠	you	攸+心	503
xinliang	悢	liang	心+良	14
chuanxin	患	huan	串+心	1729
congxin	悤	cong	囱+心	3
xinli	悧	li	心+利	8
nixin	您	nin	你+心	44386
xinzong	悰	cong	心+宗	6
xinfei	悱	fei	心+非	11
feixin	悲	bei	非+心	983
zhixin	悳	de	直+心	27
xinzu	悴	cui	心+卒	17
xinchang	怅	chang	心+长	54
menxin	闷	men	门+心	3034
xinli	悷	li	心+戾	5
xinji	悸	ji	心+季	36
guanxin	悹	guan	官+心	4
xinguan	悺	guan	心+官	2
xinxing	悻	xing	心+幸	9
xinzhuo	悼	dao	心+卓	190
xinqi	悽	qi	心+妻	5
xinkong	悾	kong	心+空	4
xintian	悿	tian	心+忝	3
xixin	惁	xi	析+心	2
xinkun	惃	gun	心+昆	3
shuxin	惄	ni	叔+心	2
xinqing	情	qing	心+青	6384
xinzhou	惆	chou	心+周	10
xinxiang	惇	dun	心+享	25
xinguo	惈	guo	心+果	5
zhanxin	惉	zhan	沾+心	7
xinwan	惋	wan	心+宛	24
wanxin	惌	yuan	宛+心	4
baoyuan	惌	yuan	宀+怨	4
xinjin	惍	jin	心+金	1
qixin	惎	ji	其+心	2
xinlin	惏	lin	心+林	1
huoxin	惑	huo	或+心	410
xinjuan	惓	quan	心+卷	5
xinyan	惔	tan	心+炎	8
xinyi	惕	ti	心+易	40
xinwang	惘	wang	心+罔	30
xinhu	惚	hu	心+忽	20
xinhun	惛	hun	心+昏	6
xinxi	惜	xi	心+昔	753
xinshang	惝	tang	心+尚	2
xinxin	惞	xin	心+欣	1
xinzhui	惟	wei	心+隹	706
yiyousixin	惠	hui	一+由+厶+心	1777
xinxinxin	惢	suo	心+心+心	13
wuxin	惣	zong	物+心	2
xinxian	惤	jian	心+弦	3
xindian	惦	dian	心+店	26
xinzuorou	惰	duo	心+左+肉	56
xinzuoyue	惰	duo	忄+左+月	56
xinjun	恽	yun	心+军	41
xiangxin	想	xiang	相+心	141790
xinzhuan	惴	zhui	心+耑	9
xinshaner	惴	zhui	心+山+而	9
xinhuang	惶	huang	心+皇	61
chunxin	惷	chun	春+心	1
xinxunzi	惸	qiong	心+旬+子	1
ruoxin	惹	re	若+心	2129
xinxing	惺	xing	心+星	43
xinze	恻	ce	心+则	31
xinbian	惼	bian	心+扁	1
xinxiongbaxi	惾	zong	心+凶+八+夕	0
xinxiongbadong	惾	zong	忄+凶+八+夂	0
xinshi	惿	ti	心+是	3
xinqiu	愀	qiao	心+秋	53
qiuxin	愁	chou	秋+心	1988
xinxuan	愃	xuan	心+宣	0
xinwei	愄	wei	心+畏	1
xinge	愅	ge	心+革	0
yanxin	愆	qian	衍+心	10
shuxin	愈	yu	俞+心	1399
xinshu	愉	yu	心+俞	93
xinyuan	愋	xuan	心+爰	0
minxin	愍	min	敃+心	25
xinfu	愎	bi	心+复	6
yinxin	意	yi	音+心	3694
xinmian	愐	mian	心+面	1
xinyong	愑	yong	心+勇	1
xinhe	愒	qi	心+曷	1
xinyin	愔	yin	心+音	14
xine	愕	e	心+咢	57
xinshen	愖	xin	心+甚	0
xinke	愘	qia	心+客	1
yuxin	愚	yu	禺+心	501
xinyan	愝	yan	心+匽	0
xianxin	感	gan	咸+心	7460
xincong	愡	zong	心+怱	1
xinwangfang	愣	leng	心+网+方	369
xingui	愧	kui	心+鬼	162
xinsu	愫	su	心+素	20
shuoxin	愬	su	朔+心	19
xinzhi	愯	song	心+隻	7
xinhuang	愰	huang	心+晃	13
xingu	愲	gu	心+骨	2
xincang	怆	chuang	心+仓	29
xinxie	愶	xie	心+脅	4
xinqi	恺	kai	心+岂	159
xinzhen	慎	shen	心+真	400
xinpo	愽	bo	心+尃	6
xinqi	忾	kai	心+气	8
xinxi	慀	xie	心+奚	1
hunxin	慁	hun	圂+心	1
yongxin	恿	yong	甬+心	9
ximu	栗	li	西+木	316
xinzao	慅	sao	心+蚤	1
xinyao	慆	tao	心+舀	3
yinxin	慇	yin	殷+心	0
zixin	慈	ci	茲+心	496
xinchu	慉	xu	心+畜	2
xindiandianjian	慊	qian	心+丶+丶+兼	8
taixin	态	tai	太+心	883
xinhuang	慌	huang	心+荒	886
xinming	慏	ming	心+冥	0
xincao	慒	cong	心+曹	2
xinpiao	慓	piao	心+票	2
xinmo	慔	mu	心+莫	0
moxin	慕	mu	莫+心	728
moxiaodian	慕	mu	莫+小+丶	728
xincan	惨	can	心+参	3630
xinzhan	惭	can	心+斩	69
xincui	慛	cui	心+崔	0
nixin	慝	te	匿+心	13
xinzhang	慞	zhang	心+章	1
xindong	恸	tong	心+动	37
xinshuang	慡	shuang	心+爽	1
xinman	慢	man	心+曼	14352
xinguan	惯	guan	心+贯	762
kexin	悫	que	壳+心	11
xinzao	慥	zao	心+造	3
jiuxin	慦	jiu	救+心	1
huixin	慧	hui	彗+心	1573
xinji	慨	kai	心+既	89
xinqu	怄	ou	心+区	19
congxin	怂	song	从+心	123
xinjin	慬	qin	心+堇	4
huxin	虑	lv	虎+心	243
weixin	慰	wei	尉+心	306
xinjian	悭	qian	心+坚	34
xinxi	慴	she	心+習	1
xinyong	慵	yong	心+庸	59
guangda	庆	qing	广+大	2119
xinkang	慷	kang	心+康	36
qixin	慼	qi	戚+心	1
xinqi	慽	qi	心+戚	2
guqian	欲	yu	谷+欠	4883
xinlu	憀	liao	心+翏	3
xincong	憁	song	心+悤	1
xinyou	忧	you	心+尤	880
chongxin	憃	chong	舂+心	0
tianxin	憇	qi	甜+心	3
xinpeng	憉	peng	心+彭	0
beixin	惫	bei	备+心	87
bixin	憋	bie	敝+心	1261
xinzeng	憎	zeng	心+曽	139
xinceng	憎	zeng	心+曾	139
xinling	怜	lian	心+令	498
renji	凭	ping	任+几	2937
xingui	愦	kui	心+贵	10
xinhui	憓	hui	心+惠	1
xinjiao	憔	qiao	心+焦	13
xinxi	憘	xi	心+喜	2
xixin	憙	xi	喜+心	4
xindan	惮	dan	心+单	31
xinqin	憛	tan	心+覃	1
dunxin	憝	dui	敦+心	5
xinsu	憟	su	心+粟	2
xince	憡	ce	心+策	15
xinben	愤	fen	心+贲	244
xinshicaobei	愤	fen	心+十+艹+贝	244
xintong	憧	chong	心+童	18
ganxin	憨	han	敢+心	255
shezixin	憩	qi	舌+自+心	35
xinmin	悯	min	心+闵	50
xinjing	憬	jing	心+景	29
xinliao	憭	liao	心+尞	21
xinwu	怃	wu	心+无	19
xinqian	憯	can	心+朁	8
xinyu	憰	jue	心+矞	4
xinjiu	憱	cu	心+就	4
baoxian	宪	xian	宀+先	525
bixin	憵	pi	辟+心	1
xinyi	忆	yi	心+乙	765
xinchu	憷	chu	心+楚	7
xinzhan	憺	dan	心+詹	4
jingxin	憼	jing	敬+心	1
xingan	憾	han	心+感	137
xinjiao	憿	jiao	心+敫	2
xindong	懂	dong	心+董	8960
qinxin	懃	qin	勤+心	3
xinju	懅	ju	心+豦	2
xinzao	懆	sao	心+喿	3
genxin	恳	ken	艮+心	73
xinjie	懈	xie	心+解	94
xinao	懊	ao	心+奥	18
maoxin	懋	mao	楙+心	92
xinyouere	怿	yi	心+又+二+丨	23
xinbing	懔	lin	心+禀	12
xinbu	怀	huai	心+不	1932
xinmeng	懞	meng	心+蒙	3
duixin	怼	dui	对+心	16
manxin	懑	men	满+心	8
xinshou	懤	chou	心+壽	1
xinzhi	懥	zhi	心+疐	1
xinxu	懦	nuo	心+需	34
xinyan	恹	yan	心+厌	53
xinyang	懩	yang	心+養	0
xinbao	懪	bo	心+暴	1
xinyou	懮	you	心+憂	5
xinmie	懱	mie	心+蔑	1
zhengxin	惩	cheng	征+心	117
xinqian	懴	chan	心+千	1
xinmeng	懵	meng	心+瞢	184
xinlai	懒	lan	心+赖	3072
xianxin	悬	xuan	县+心	837
xinxiang	懹	rang	心+襄	1
xinqian	忏	chan	心+千	46
xinji	懻	ji	心+冀	1
xinju	惧	ju	心+具	221
xinhuan	懽	huan	心+雚	2
xinnie	慑	she	心+聂	56
yizi	懿	yi	壹+恣	239
yixin	恋	lian	亦+心	1521
xinjue	戄	jue	心+矍	0
lizaopoyexin	戆	gang	立+早+攴+页+心	114
lizaofanyexin	戆	gang	立+早+攵+页+心	114
piege	戊	wu	丿+戈	205
wuyi	戌	xu	戊+一	105
wudian	戍	shu	戊+丶	97
shige	戎	rong	十+戈	222
yishige	戎	rong	一+十+戈	222
shouge	我	wo	手+戈	1192789
caige	我	wo	才+戈	1192789
gekou	戓	ge	戈+口	63
geyi	戋	jian	戈+一	83
pange	戕	qiang	爿+戈	16
kouyige	或	huo	口+一+戈	83282
tongge	戙	dong	同+戈	6
changshangxiaoge	戚	qi	厂+上+小+戈	451
pieshangxiaoge	戚	qi	丿+上+小+戈	451
yizige	戛	jia	一+自+戈	28
shizaoge	戟	ji	十+早+戈	166
yinge	戠	zhi	音+戈	46
shenge	戡	kan	甚+戈	16
kouerge	戢	ji	口+耳+戈	26
guige	戣	kui	癸+戈	19
yingge	戤	gai	盈+戈	2
xingge	戥	deng	星+戈	6
zhange	战	zhan	占+戈	3991
cangge	戗	qiang	仓+戈	17
jinge	戬	jian	晋+戈	15
shigezhui	截	jie	十+戈+隹	1108
tugezhui	截	jie	土+戈+隹	1108
youhuo	戫	yu	有+或	1
yinge	戭	you	寅+戈	3
luge	戮	lu	翏+戈	74
xuge	戯	xi	虚+戈	12
youge	戏	xi	又+戈	4360
zhaige	戳	chuo	翟+戈	679
yuzhuige	戳	chuo	羽+隹+戈	679
shigeyi	戴	dai	十+戈+異	4306
tugeyi	戴	dai	土+戈+異	4306
dianshi	户	hu	丶+尸	3479
yishi	戸	hu	一+尸	14
husi	戺	yi	户+巳	1
huda	戻	ti	户+大	1
hudou	戽	hu	户+斗	11
huda	戾	li	户+大	64
hufang	房	fang	戶+方	7386
hujin	所	suo	戶+斤	44055
huce	扁	bian	戶+冊	1723
huzhan	扂	dian	户+占	3
huyi	扆	yi	户+衣	6
huyu	扇	shan	戶+羽	947
huyi	扈	hu	戶+邑	89
hufei	扉	fei	户+非	75
huyan	扊	yan	户+炎	1
pieerjue	手	shou	丿+二+亅	16196
yijuepie	扌	shou	一+亅+丿	68
yijuepie	才	cai	一+亅+丿	69949
shouli	扐	li	手+力	2
caili	扐	li	才+力	2
shouba	扒	ba	手+八	523
caiba	扒	ba	才+八	523
shouding	打	da	手+丁	107925
caiding	打	da	才+丁	107925
shounai	扔	reng	手+乃	2619
cainai	扔	reng	才+乃	2619
shoufu	拂	fu	手+弗	455
caifu	拂	fu	才+弗	455
shouzhe	托	tuo	手+乇	4107
caizhe	托	tuo	才+乇	4107
shouzhang	扙	zhang	手+丈	2
caizhang	扙	zhang	才+丈	2
shoushao	扚	yue	手+勺	1
caishao	扚	yue	才+勺	1
shougong	扛	kang	手+工	796
caigong	扛	kang	才+工	796
shouyu	扜	yu	手+于	1
caiyu	扜	yu	才+于	1
shougan	扞	han	手+干	7
caigan	扞	han	才+干	7
shoucha	扠	zha	手+叉	2
caicha	扠	zha	才+叉	2
shouye	扡	yi	手+也	2
caiye	扡	yi	才+也	2
shouqi	扢	qi	手+乞	1
caiqi	扢	qi	才+乞	1
shoukou	扣	kou	手+口	4258
caikou	扣	kou	才+口	4258
shouwu	扤	wu	手+兀	1
caiwu	扤	wu	才+兀	1
shouqian	扦	qian	手+千	26
caiqian	扦	qian	才+千	26
shouren	扨	ren	手+刄	1
cairen	扨	ren	才+刄	1
shouchou	扭	niu	手+丑	854
caichou	扭	niu	才+丑	854
shoufen	扮	ban	手+分	770
shouzhi	扯	che	手+止	2261
caizhi	扯	che	才+止	2261
shouji	扱	xi	手+及	4
caiji	扱	xi	才+及	4
shoujin	扲	qin	手+今	1
caijin	扲	qin	才+今	1
shoufan	扳	ban	手+反	260
shoujie	扴	jia	手+介	0
caijie	扴	jia	才+介	0
shoufu	扶	fu	手+夫	1107
caifu	扶	fu	才+夫	1107
shoubi	批	pi	手+比	3519
caibi	批	pi	才+比	3519
shoushi	扺	zhi	手+氏	4
caishi	扺	zhi	才+氏	4
shouqian	扻	zhi	手+欠	0
caiqian	扻	zhi	才+欠	0
shoue	扼	e	手+厄	173
caie	扼	e	才+厄	173
shoutun	扽	den	手+屯	350
caitun	扽	den	才+屯	350
shouge	找	zhao	手+戈	78056
caige	找	zhao	才+戈	78056
zhengsan	承	cheng	氶+三	1397
shouzhi	技	ji	手+支	1129
caizhi	技	ji	才+支	1129
shouyun	抁	yan	手+允	1
caiyun	抁	yan	才+允	1
shouwang	抂	wang	手+王	1
caiwang	抂	wang	才+王	1
shoubian	抃	bian	手+卞	3
caibian	抃	bian	才+卞	3
shoushao	抄	chao	手+少	2467
caishao	抄	chao	才+少	2467
shouwen	抆	wen	手+文	1
caiwen	抆	wen	才+文	1
shouri	抇	hu	手+日	1
cairi	抇	hu	才+日	1
shouyue	抈	yue	手+月	0
caiyue	抈	yue	才+月	0
shouguai	抉	jue	手+夬	19
caiguai	抉	jue	才+夬	19
shouba	把	ba	手+巴	165484
shouyou	抌	shen	手+冘	1
caiyou	抌	shen	才+冘	1
shouyun	抎	yun	手+云	1
caiyun	抎	yun	才+云	1
shouyuan	抏	wan	手+元	1
caiyuan	抏	wan	才+元	1
shouyang	抑	yi	手+卬	382
caiyang	抑	yi	才+卬	382
shouyu	抒	shu	手+予	110
caiyu	抒	shu	才+予	110
shouzhua	抓	zhua	手+爪	8029
caizhua	抓	zhua	才+爪	8029
shoubu	抔	pou	手+不	13
caibu	抔	pou	才+不	13
shoushu	投	tou	手+殳	6854
caishu	投	tou	才+殳	6854
shoudou	抖	dou	手+斗	976
caidou	抖	dou	才+斗	976
shoukang	抗	kang	手+亢	3971
caikang	抗	kang	才+亢	3971
shoujin	折	zhe	手+斤	3927
caijin	折	zhe	才+斤	3927
shouyou	抜	ba	手+友	1
caiyou	抜	ba	才+友	1
shouyouere	择	ze	手+又+二+丨	552
caiyouere	择	ze	才+又+二+丨	552
shoubing	抦	bing	手+丙	5
caibing	抦	bing	才+丙	5
shouping	抨	peng	手+平	9
caiping	抨	peng	才+平	9
shouran	抩	nan	手+冉	0
cairan	抩	nan	才+冉	0
shoubu	抪	pu	手+布	1
caibu	抪	pu	才+布	1
shoupi	披	pi	手+皮	504
caipi	披	pi	才+皮	504
shoutai	抬	tai	手+台	1363
caitai	抬	tai	才+台	1363
shoubaoer	抭	yao	手+宀+儿	2
caibaoer	抭	yao	才+宀+儿	2
shourensan	抮	zhen	手+人+彡	0
cairensan	抮	zhen	才+人+彡	0
shouqie	抯	zha	手+且	1
caiqie	抯	zha	才+且	1
shouyang	抰	yang	手+央	1
caiyang	抰	yang	才+央	1
shoubao	抱	bao	手+包	4769
shouni	抳	ni	手+尼	1
caini	抳	ni	才+尼	1
shoushi	抴	ye	手+世	0
caishi	抴	ye	才+世	0
shoudi	抵	di	手+氐	1028
caidi	抵	di	才+氐	1028
shoushidian	抵	di	手+氏+丶	1028
shoushi	抶	chi	手+失	1
caishi	抶	chi	才+失	1
shoufa	抸	jia	手+乏	1
caifa	抸	jia	才+乏	1
shoumo	抹	mo	手+末	1094
caimo	抹	mo	才+末	1094
shoushen	抻	chen	手+申	72
caishen	抻	chen	才+申	72
shoujia	押	ya	手+甲	2635
caijia	押	ya	才+甲	2635
shouyou	抽	chou	手+由	4805
caiyou	抽	chou	才+由	4805
shouqu	抾	qu	手+去	1
caiqu	抾	qu	才+去	1
shoumin	抿	min	手+民	142
caimin	抿	min	才+民	142
shouzhu	拄	zhu	手+主	61
caizhu	拄	zhu	才+主	61
shouchi	拆	chai	手+斥	2529
caichi	拆	chai	才+斥	2529
shoumu	拇	mu	手+母	53
caimu	拇	mu	才+母	53
shouzhan	拈	nian	手+占	135
caizhan	拈	nian	才+占	135
shouli	拉	la	手+立	25270
caili	拉	la	才+立	25270
shoufu	拊	fu	手+付	20
caifu	拊	fu	才+付	20
shouyoulipao	抛	pao	手+尢+力+拋	3004
caiyoulipao	抛	pao	才+尢+力+拋	3004
shouban	拌	ban	手+半	647
shoubai	拍	pai	手+白	18299
caibai	拍	pai	才+白	18299
shouling	拎	lin	手+令	505
cailing	拎	lin	才+令	505
nushou	拏	na	奴+手	6
shoukoudao	拐	guai	手+口+刀	873
caikoudao	拐	guai	才+口+刀	873
shouling	拐	guai	手+另	873
shougan	拑	qian	手+甘	3
caigan	拑	qian	才+甘	3
shouju	拒	ju	手+巨	781
caiju	拒	ju	才+巨	781
shoushi	拓	tuo	手+石	748
caishi	拓	tuo	才+石	748
shouba	拔	ba	手+犮	1815
caiba	拔	ba	才+犮	1815
shoupieyiye	拖	tuo	手+丿+一+也	3653
caipieyiye	拖	tuo	才+丿+一+也	3653
shouyou	拗	ao	手+幼	104
caiyou	拗	ao	才+幼	104
shouju	拘	ju	手+句	133
caiju	拘	ju	才+句	133
shouchu	拙	zhuo	手+出	235
caichu	拙	zhuo	才+出	235
shouzhao	招	zhao	手+召	6258
caizhao	招	zhao	才+召	6258
shoushou	拜	bai	手+手	2033
shouchu	拠	ju	手+処	9
caichu	拠	ju	才+処	9
shouguang	扩	kuo	手+广	659
caiguang	扩	kuo	才+广	659
shougen	拫	hen	手+艮	2
caigen	拫	hen	才+艮	2
shoushe	括	kuo	手+舌	194
caishe	括	kuo	才+舌	194
shoushi	拭	shi	手+式	165
caishi	拭	shi	才+式	165
shouji	拮	jie	手+吉	13
caiji	拮	jie	才+吉	13
shoucheng	拯	zheng	手+丞	49
caicheng	拯	zheng	才+丞	49
shouren	拰	nin	手+任	10
cairen	拰	nin	才+任	10
shougong	拱	gong	手+共	496
caigong	拱	gong	才+共	496
gongshou	拲	gong	共+手	3
shouquan	拴	shuan	手+全	291
caiquan	拴	shuan	才+全	291
shoucun	拵	zun	手+存	4
caicun	拵	zun	才+存	4
shouchuanxi	拶	za	手+巛+夕	15
caichuanxi	拶	za	才+巛+夕	15
shoukao	拷	kao	手+考	946
caikao	拷	kao	才+考	946
shouduo	拸	yi	手+多	8
caiduo	拸	yi	才+多	8
shouxie	拹	xie	手+劦	14
caixie	拹	xie	才+劦	14
shouci	拺	se	手+朿	22
caici	拺	se	才+朿	22
shouhui	拻	hui	手+灰	40
caihui	拻	hui	才+灰	40
shoubing	拼	pin	手+并	2300
caibing	拼	pin	才+并	2300
shouye	拽	zhuai	手+曳	1139
caiye	拽	zhuai	才+曳	1139
shouhe	拾	shi	手+合	706
caihe	拾	shi	才+合	706
heshou	拿	na	合+手	38603
shouchangshi	挀	bai	手+厂+氏	63
caichangshi	挀	bai	才+厂+氏	63
shousi	持	chi	手+寺	3792
caisi	持	chi	才+寺	3792
shouzhi	挃	zhi	手+至	17
caizhi	挃	zhi	才+至	17
shouzhi	指	zhi	手+旨	8783
caizhi	指	zhi	才+旨	8783
fengdaoshou	挈	qie	丰+刀+手	19
shouan	按	an	手+安	25812
caian	按	an	才+安	25812
shouchen	挋	zhen	手+臣	2
caichen	挋	zhen	才+臣	2
shouge	挌	he	手+各	3
caige	挌	he	才+各	3
shoujiao	挍	jiao	手+交	2
caijiao	挍	jiao	才+交	2
shoukua	挎	kua	手+夸	119
caikua	挎	kua	才+夸	119
shoutong	挏	dong	手+同	1
caitong	挏	dong	才+同	1
rushou	挐	ru	如+手	1
shouzhao	挑	tiao	手+兆	4515
caizhao	挑	tiao	才+兆	4515
shouzhai	挓	zha	手+宅	3
caizhai	挓	zha	才+宅	3
shouyi	挔	lu	手+衣	1
caiyi	挔	lu	才+衣	1
shouer	挕	she	手+耳	1
caier	挕	she	才+耳	1
shouya	挖	wa	手+穵	4566
caiya	挖	wa	才+穵	4566
shouxueyi	挖	wa	手+穴+乙	4566
shouyi	挨	ai	手+矣	1128
caiyi	挨	ai	才+矣	1128
shouna	挪	nuo	手+那	688
caina	挪	nuo	才+那	688
shouzuo	挫	cuo	手+坐	401
caizuo	挫	cuo	才+坐	401
shoubei	挬	bo	手+孛	0
caibei	挬	bo	才+孛	0
shougeng	挭	geng	手+更	2
caigeng	挭	geng	才+更	2
shouchen	振	zhen	手+辰	1517
caichen	振	zhen	才+辰	1517
shashou	挲	suo	沙+手	7
shoumei	挴	mei	手+每	1
caimei	挴	mei	才+每	1
shouju	挶	ju	手+局	3
caiju	挶	ju	才+局	3
shouyi	挹	yi	手+邑	35
caiyi	挹	yi	才+邑	35
shouting	挺	ting	手+廷	20754
caiting	挺	ting	才+廷	20754
shouyan	挻	yan	手+延	16
caiyan	挻	yan	才+延	16
shoutuo	挼	sui	手+妥	13
caituo	挼	sui	才+妥	13
shoumian	挽	wan	手+免	317
caimian	挽	wan	才+免	317
shoujia	挟	xie	手+夹	208
caijia	挟	xie	才+夹	208
shoupang	捀	feng	手+夆	0
caipang	捀	feng	才+夆	0
shougao	捁	ku	手+告	1
caigao	捁	ku	才+告	1
shoujun	捃	jun	手+君	16
caijun	捃	jun	才+君	16
shouqiu	捄	qiu	手+求	3
caiqiu	捄	qiu	才+求	3
shouyong	捅	tong	手+甬	600
caiyong	捅	tong	才+甬	600
shoukun	捆	kun	手+困	378
caikun	捆	kun	才+困	378
shouchi	捇	huo	手+赤	5
caichi	捇	huo	才+赤	5
shouyu	捈	tu	手+余	2
caiyu	捈	tu	才+余	2
shouzu	捉	zhuo	手+足	866
caizu	捉	zhuo	才+足	866
shoufu	捊	pou	手+孚	1
caifu	捊	pou	才+孚	1
shouzhuacun	捋	lv	手+爪+寸	168
shoubie	捌	ba	手+別	176
caibie	捌	ba	才+別	176
shouhan	捍	han	手+旱	82
caihan	捍	han	才+旱	82
shouxiao	捎	shao	手+肖	201
caixiao	捎	shao	才+肖	201
shouyuan	捐	juan	手+肙	1293
caiyuan	捐	juan	才+肙	1293
shoukouyue	捐	juan	手+口+月	1293
shoujiao	捔	zhuo	手+角	1
caijiao	捔	zhuo	才+角	1
shoufu	捕	bu	手+甫	420
caifu	捕	bu	才+甫	420
shouwan	捖	wan	手+完	0
caiwan	捖	wan	才+完	0
shoubu	捗	zhi	手+步	1
caibu	捗	zhi	才+步	1
shouqun	捘	zun	手+夋	0
caiqun	捘	zun	才+夋	0
shouli	捚	zhai	手+里	1
caili	捚	zhai	才+里	1
shousou	捜	sou	手+叟	3
caisou	捜	sou	才+叟	3
shouwan	捥	wan	手+宛	1
caiwan	捥	wan	才+宛	1
shoufeng	捧	peng	手+奉	1354
caifeng	捧	peng	才+奉	1354
renshe	舍	she	人+舌	1452
shouli	捩	lie	手+戾	18
caili	捩	lie	才+戾	18
shouhuquan	捩	lie	手+戶+犬	18
shoumen	扪	men	手+门	45
shoubei	捭	bai	手+卑	12
caibei	捭	bai	才+卑	12
shouju	据	ju	手+居	13756
caiju	据	ju	才+居	13756
shoudao	捯	dao	手+到	4
caidao	捯	dao	才+到	4
shouguo	捰	wo	手+果	0
caiguo	捰	wo	才+果	0
shoujuan	捲	juan	手+卷	8
caijuan	捲	juan	才+卷	8
shoudian	捵	tian	手+典	1
caidian	捵	tian	才+典	1
shouchui	捶	chui	手+垂	237
caichui	捶	chui	才+垂	237
shouqie	捷	jie	手+疌	851
caiqie	捷	jie	才+疌	851
shouli	捸	tu	手+隶	1
caili	捸	tu	才+隶	1
shounai	捺	na	手+奈	85
cainai	捺	na	才+奈	85
shounian	捻	nian	手+念	308
cainian	捻	nian	才+念	308
shouwei	捼	wo	手+委	1
caiwei	捼	wo	才+委	1
shouzu	捽	zuo	手+卒	5
caizu	捽	zuo	才+卒	5
shouqi	捿	qi	手+妻	1
caiqi	捿	qi	才+妻	1
shouxin	掀	xian	手+欣	372
caixin	掀	xian	才+欣	372
shoudian	掂	dian	手+店	379
caidian	掂	dian	才+店	379
shouxue	扫	sao	手+彐	2033
caixue	扫	sao	才+彐	2033
shoulun	抡	lun	手+仑	133
cailun	抡	lun	才+仑	133
shouqing	掅	qing	手+青	1
caiqing	掅	qing	才+青	1
shoushou	授	shou	手+受	506
caishou	授	shou	才+受	506
shouzhuo	掉	diao	手+卓	20677
caizhuo	掉	diao	才+卓	20677
shangkoushou	掌	zhang	尚+口+手	1063
shoukun	掍	hun	手+昆	6
caikun	掍	hun	才+昆	6
shouqi	掎	ji	手+奇	11
caiqi	掎	ji	才+奇	11
shoutao	掏	tao	手+匋	921
caitao	掏	tao	才+匋	921
shouqi	掑	qi	手+其	24
caiqi	掑	qi	才+其	24
shoufei	排	pai	手+非	5969
caifei	排	pai	才+非	5969
shouye	掖	ye	手+夜	80
caiye	掖	ye	才+夜	80
shouqu	掘	jue	手+屈	402
caiqu	掘	jue	才+屈	402
shouzheng	挣	zheng	手+争	2794
caizheng	挣	zheng	才+争	2794
shougui	挂	gua	手+圭	12144
caigui	挂	gua	才+圭	12144
shouer	掜	yi	手+兒	1
caier	掜	yi	才+兒	1
shouhuo	掝	xu	手+或	2
caihuo	掝	xu	才+或	2
shouyan	掞	shan	手+炎	4
caiyan	掞	shan	才+炎	4
shouding	掟	ding	手+定	5
caiding	掟	ding	才+定	5
shoujing	掠	lue	手+京	271
caijing	掠	lue	才+京	271
zhuamu	采	cai	爪+木	2263
zhishou	掣	che	制+手	61
shoupeng	掤	bing	手+朋	6
caipeng	掤	bing	才+朋	6
shouqie	接	jie	手+妾	17760
caiqie	接	jie	才+妾	17760
shoukong	控	kong	手+空	1542
caikong	控	kong	才+空	1542
shouzhui	推	tui	手+隹	5296
caizhui	推	tui	才+隹	5296
shouyan	掩	yan	手+奄	358
caiyan	掩	yan	才+奄	358
shouxi	措	cuo	手+昔	545
caixi	措	cuo	才+昔	545
shouqu	掫	zou	手+取	1
caiqu	掫	zou	才+取	1
shouju	掬	ju	手+匊	88
caiju	掬	ju	才+匊	88
shoubaomi	掬	ju	手+勹+米	88
shoutian	掭	tian	手+忝	14
caitian	掭	tian	才+忝	14
shoujian	掮	qian	手+肩	7
caijian	掮	qian	才+肩	7
shouken	掯	ken	手+肯	1
caiken	掯	ken	才+肯	1
shoufenshou	掰	bai	手+分+手	381
shoushoushou	掱	pa	手+手+手	13
shouribaobi	掲	jie	手+日+勹+匕	5
cairibaobi	掲	jie	才+日+勹+匕	5
shouyouchong	掻	sao	手+又+虫	1
caiyouchong	掻	sao	才+又+虫	1
shoubing	掽	peng	手+並	0
caibing	掽	peng	才+並	0
shoutuan	掾	yuan	手+彖	18
caituan	掾	yuan	才+彖	18
shoudongyi	拣	jian	手+东+一	611
caidongyi	拣	jian	才+东+一	611
shouqiu	揂	you	手+酋	0
caiqiu	揂	you	才+酋	0
shouqian	揃	qian	手+前	1
caiqian	揃	qian	才+前	1
shoushu	揄	yu	手+俞	7
caishu	揄	yu	才+俞	7
yanshou	揅	yan	研+手	1
shougui	揆	kui	手+癸	46
caigui	揆	kui	才+癸	46
shounan	揇	nan	手+南	0
cainan	揇	nan	才+南	0
shouhong	揈	xuan	手+訇	1
caihong	揈	xuan	才+訇	1
shourou	揉	rou	手+柔	902
cairou	揉	rou	才+柔	902
shouwei	揋	wei	手+畏	0
caiwei	揋	wei	才+畏	0
shousi	揌	sai	手+思	0
caisi	揌	sai	才+思	0
shouzou	揍	zou	手+奏	786
caizou	揍	zou	才+奏	786
shouxuan	揎	xuan	手+宣	6
caixuan	揎	xuan	才+宣	6
shoumiao	描	miao	手+苗	310
caimiao	描	miao	才+苗	310
shoushi	提	ti	手+是	8578
caishi	提	ti	才+是	8578
shoucha	插	cha	手+臿	3811
caicha	插	cha	才+臿	3811
shouqianjiu	插	cha	手+千+臼	3811
shoushi	揓	shi	手+施	0
caishi	揓	shi	才+施	0
shoushen	揕	zhen	手+甚	1
caishen	揕	zhen	才+甚	1
shouqi	揖	yi	手+咠	81
caiqi	揖	yi	才+咠	81
shoukouer	揖	yi	手+口+耳	81
shoudun	揗	xun	手+盾	1
caidun	揗	xun	才+盾	1
shouhuang	揘	yong	手+皇	1
caihuang	揘	yong	才+皇	1
shoubian	揙	bian	手+扁	1
caibian	揙	bian	才+扁	1
shougongpiepie	扬	yang	手+弓+丿+丿	1930
caigongpiepie	扬	yang	才+弓+丿+丿	1930
shouhuan	换	huan	手+奂	32585
caihuan	换	huan	才+奂	32585
shouyan	揜	yan	手+弇	3
caiyan	揜	yan	才+弇	3
shouzan	揝	zuan	手+昝	1
caizan	揝	zuan	才+昝	1
shouyin	揞	an	手+音	2
caiyin	揞	an	才+音	2
shouxu	揟	xu	手+胥	0
caixu	揟	xu	才+胥	0
shouyan	揠	ya	手+匽	4
caiyan	揠	ya	才+匽	4
shouwu	握	wo	手+屋	1081
caiwu	握	wo	才+屋	1081
shouzhuan	揣	chuai	手+耑	270
caizhuan	揣	chuai	才+耑	270
shouji	揤	ji	手+即	1
caiji	揤	ji	才+即	1
shoudi	揥	ti	手+帝	1
caidi	揥	ti	才+帝	1
lashou	揧	la	剌+手	0
shouting	揨	chen	手+亭	0
caiting	揨	chen	才+亭	0
shoujie	揩	kai	手+皆	106
caijie	揩	kai	才+皆	106
shouqiu	揪	jiu	手+秋	543
caiqiu	揪	jiu	才+秋	543
qiushou	揫	jiu	秋+手	1
shouhe	揭	jie	手+曷	796
caihe	揭	jie	才+曷	796
shoujun	挥	hui	手+军	710
caijun	挥	hui	才+军	710
shouzhong	揰	dong	手+重	1
caizhong	揰	dong	才+重	1
xiaoshou	揱	xiao	削+手	0
shouqi	揳	xie	手+契	2
caiqi	揳	xie	才+契	2
shouyuan	援	yuan	手+爰	373
caiyuan	援	yuan	才+爰	373
shoujian	揵	qian	手+建	3
caijian	揵	qian	才+建	3
shouye	揶	ye	手+耶	32
caiye	揶	ye	才+耶	32
shouqianjiu	揷	zha	手+千+臼	2
caiqianjiu	揷	zha	才+千+臼	2
shoucha	揸	zha	手+查	40
caicha	揸	zha	才+查	40
beirou	背	bei	北+肉	5608
beiyue	背	bei	北+月	5608
shouzhuaji	揺	yao	手+爪+击	2
shougou	搆	gou	手+冓	2
caigou	搆	gou	才+冓	2
shouchu	搊	zou	手+芻	1
caichu	搊	zou	才+芻	1
shousi	搋	chuai	手+虒	3
caisi	搋	chuai	才+虒	3
shouzhan	搌	zhan	手+展	3
caizhan	搌	zhan	才+展	3
shouyuan	损	sun	手+员	1081
caiyuan	损	sun	才+员	1081
shoupo	搏	bo	手+尃	455
caipo	搏	bo	才+尃	455
shoufucun	搏	bo	手+甫+寸	455
shouchu	搐	chu	手+畜	9
caichu	搐	chu	才+畜	9
shoupang	搒	bang	手+旁	1
caipang	搒	bang	才+旁	1
shoucha	搓	cuo	手+差	724
caicha	搓	cuo	才+差	724
shouzao	搔	sao	手+蚤	141
caizao	搔	sao	才+蚤	141
shouhe	搕	ke	手+盍	1
caihe	搕	ke	才+盍	1
shouzhuafou	摇	yao	手+爪+缶	1097
shoudao	捣	dao	手+岛	414
caidao	捣	dao	才+岛	414
shouqi	搘	zhi	手+耆	1
caiqi	搘	zhi	才+耆	1
shouxie	搚	xie	手+脅	0
caixie	搚	xie	才+脅	0
shoujian	搛	jian	手+兼	8
caijian	搛	jian	才+兼	8
shousou	搜	sou	手+叟	2944
caisou	搜	sou	才+叟	2944
shougao	搞	gao	手+高	39924
caigao	搞	gao	才+高	39924
shoushuo	搠	shuo	手+朔	10
caishuo	搠	shuo	才+朔	10
shousang	搡	sang	手+桑	29
caisang	搡	sang	才+桑	29
shouyi	搤	yi	手+益	1
caiyi	搤	yi	才+益	1
shouruo	搦	nuo	手+弱	5
cairuo	搦	nuo	才+弱	5
shoushan	搧	shan	手+扇	19
caishan	搧	shan	才+扇	19
shouriyu	搨	ta	手+日+羽	2
cairiyu	搨	ta	才+日+羽	2
shoutang	搪	tang	手+唐	31
caitang	搪	tang	才+唐	31
banshou	搫	po	般+手	10
shouban	搬	ban	手+般	3708
caiban	搬	ban	才+般	3708
shouta	搭	da	手+荅	2238
caita	搭	da	才+荅	2238
shouli	搮	li	手+栗	1
caili	搮	li	才+栗	1
shouyao	搯	tao	手+舀	2
caiyao	搯	tao	才+舀	2
shougu	搰	ku	手+骨	2
caigu	搰	ku	才+骨	2
shouhai	搳	hua	手+害	2
caihai	搳	hua	才+害	2
baojingdashou	搴	qian	宀+井+大+手	27
shoucang	抢	qiang	手+仓	7639
caicang	抢	qiang	才+仓	7639
shouzhen	搷	tian	手+真	4
caizhen	搷	tian	才+真	4
shouli	搹	e	手+鬲	5
caili	搹	e	才+鬲	5
shoucha	搽	cha	手+茶	262
caicha	搽	cha	才+茶	262
shouzhai	搾	zha	手+窄	14
caizhai	搾	zha	才+窄	14
shouheshou	搿	ge	手+合+手	5
shouwu	捂	wu	手+吾	590
caiwu	捂	wu	才+吾	590
shouen	摁	en	手+恩	319
caien	摁	en	才+恩	319
shounie	摄	she	手+聂	1406
shousu	摍	suo	手+宿	2
caisu	摍	suo	才+宿	2
shoulu	摎	liao	手+翏	2
cailu	摎	liao	才+翏	2
shoucong	摐	chuang	手+從	4
caicong	摐	chuang	才+從	4
shouguo	掴	guo	手+国	73
caiguo	掴	guo	才+国	73
shouping	摒	bing	手+屏	56
caiping	摒	bing	才+屏	56
shoufeng	摓	peng	手+逢	1
caifeng	摓	peng	才+逢	1
shoulv	摔	shuai	手+率	1397
cailv	摔	shuai	才+率	1397
shouli	摛	chi	手+离	5
caili	摛	chi	才+离	5
shouguan	掼	guan	手+贯	26
caiguan	掼	guan	才+贯	26
shoulu	摝	lu	手+鹿	2
cailu	摝	lu	才+鹿	2
shoulei	摞	luo	手+累	194
cailei	摞	luo	才+累	194
shoulou	搂	lou	手+娄	569
cailou	搂	lou	才+娄	569
shouji	摡	xi	手+既	1
caiji	摡	xi	才+既	1
shouhu	摦	hua	手+瓠	1
caihu	摦	hua	才+瓠	1
shoucui	摧	cui	手+崔	182
caicui	摧	cui	才+崔	182
shouxi	摨	zhi	手+犀	1
caixi	摨	zhi	才+犀	1
mashou	摩	mo	麻+手	964
shoujing	摬	ying	手+竟	1
caijing	摬	ying	才+竟	1
shoushu	摭	zhi	手+庶	15
caishu	摭	zhi	才+庶	15
aoshou	摮	qiao	敖+手	2
zhishou	挚	zhi	执+手	82
shouqu	抠	kou	手+区	471
caiqu	抠	kou	才+区	471
shouyu	摴	chu	手+雩	2
caiyu	摴	chu	才+雩	2
shouqi	摵	su	手+戚	2
caiqi	摵	su	才+戚	2
shouzhuan	抟	tuan	手+专	23
shouchao	摷	jiao	手+巢	1
caichao	摷	jiao	才+巢	1
shoumo	摸	mo	手+莫	3639
caimo	摸	mo	才+莫	3639
moshou	摹	mo	莫+手	112
shoucan	掺	chan	手+参	334
caican	掺	chan	才+参	334
shoupiao	摽	biao	手+票	8
caipiao	摽	biao	才+票	8
shourenyin	摿	yao	手+人+音	1
cairenyin	摿	yao	才+人+音	1
shoulue	撂	liao	手+畧	97
cailue	撂	liao	才+畧	97
shoutiange	撂	liao	手+田+各	97
shoujue	撅	jue	手+厥	123
caijue	撅	jue	才+厥	123
shoubi	撇	pie	手+敝	408
caibi	撇	pie	才+敝	408
shoulao	捞	lao	手+劳	1427
cailao	捞	lao	才+劳	1427
dunshou	撉	dun	敦+手	1
shouzhang	撑	cheng	手+掌	1557
caizhang	撑	cheng	才+掌	1557
shoushangshou	撑	cheng	手+尚+手	1557
shousan	撒	sa	手+散	18028
caisan	撒	sa	才+散	18028
shouyao	挠	nao	手+尧	366
caiyao	挠	nao	才+尧	366
shousi	撕	si	手+斯	631
caisi	撕	si	才+斯	631
shougan	撖	han	手+敢	2
caigan	撖	han	才+敢	2
shouhuang	撗	guang	手+黄	3
caihuang	撗	guang	才+黄	3
shouda	撘	ta	手+答	4
caida	撘	ta	才+答	4
shouzun	撙	zun	手+尊	2
caizun	撙	zun	才+尊	2
shouran	撚	nian	手+然	9
cairan	撚	nian	才+然	9
shoudeng	撜	zheng	手+登	1
caideng	撜	zheng	才+登	1
shoutong	撞	zhuang	手+童	2258
caitong	撞	zhuang	才+童	2258
shouqiao	挢	jiao	手+乔	12
caiqiao	挢	jiao	才+乔	12
shouji	撠	ji	手+戟	1
caiji	撠	ji	才+戟	1
shouqin	撢	xin	手+覃	2
caiqin	撢	xin	才+覃	2
shoudan	掸	dan	手+单	39
shouyufan	撤	che	手+育+攵	1563
caiyufan	撤	che	才+育+攵	1563
shoufa	拨	bo	手+发	1684
caifa	拨	bo	才+发	1684
shoushe	撦	che	手+奢	0
caishe	撦	che	才+奢	0
shouliao	撩	liao	手+尞	284
cailiao	撩	liao	才+尞	284
shouwu	抚	fu	手+无	491
caiwu	抚	fu	才+无	491
shoucui	撬	qiao	手+毳	221
caicui	撬	qiao	才+毳	221
shoufan	播	bo	手+番	1755
caifan	播	bo	才+番	1755
shouzui	撮	cuo	手+最	1029
caizui	撮	cuo	才+最	1029
shouxun	撰	zhuan	手+巽	252
caixun	撰	zhuan	才+巽	252
shousui	撱	wei	手+隋	4
caisui	撱	wei	才+隋	4
shoubu	扑	pu	手+卜	1247
caibu	扑	pu	才+卜	1247
shouqin	揿	qin	手+钦	24
caiqin	揿	qin	才+钦	24
shoujue	搅	jiao	手+觉	628
shouda	挞	ta	手+达	37
caida	挞	ta	才+达	37
shougan	撼	han	手+感	142
caigan	撼	han	才+感	142
shoujiao	撽	yao	手+敫	1
caijiao	撽	yao	才+敫	1
shouguo	挝	zhua	手+过	62
caiguo	挝	zhua	才+过	62
shouqian	捡	jian	手+佥	1723
caiqian	捡	jian	才+佥	1723
shougan	擀	gan	手+幹	76
caigan	擀	gan	才+幹	76
shouyong	拥	yong	手+用	801
caiyong	拥	yong	才+用	801
shoulei	擂	lei	手+雷	105
cailei	擂	lei	才+雷	105
shoulu	掳	lu	手+虏	99
cailu	掳	lu	才+虏	99
shoudan	擅	shan	手+亶	184
caidan	擅	shan	才+亶	184
shoushu	擉	chuo	手+蜀	0
caishu	擉	chuo	才+蜀	0
ershan	击	ji	二+山	1074
shoudang	挡	dang	手+当	1525
caidang	挡	dang	才+当	1525
shoupinmu	操	cao	手+品+木	7451
caipinmu	操	cao	才+品+木	7451
shouzao	操	cao	扌+喿	7451
jingshou	擎	qing	敬+手	179
shoujing	擏	qing	手+敬	0
caijing	擏	qing	才+敬	0
shouqin	擒	qin	手+禽	225
caiqin	擒	qin	才+禽	225
shoudan	担	dan	手+旦	817
caidan	担	dan	才+旦	817
shoujun	携	xie	手+隽	1277
shouge	擖	ka	手+葛	1
caige	擖	ka	才+葛	1
bishou	擘	bo	辟+手	14
shouyao	扷	ao	手+夭	1
caiyao	扷	ao	才+夭	1
shouye	擛	ye	手+葉	0
caiye	擛	ye	才+葉	0
shouqi	挤	ji	手+齐	2344
caiqi	挤	ji	才+齐	2344
shouzhai	擢	zhuo	手+翟	34
caizhai	擢	zhuo	才+翟	34
shoubi	擤	xing	手+鼻	25
caibi	擤	xing	才+鼻	25
shoucha	擦	ca	手+察	2753
caicha	擦	ca	才+察	2753
xingshou	挙	ju	兴+手	2
shouye	擨	ye	手+歋	0
caiye	擨	ye	才+歋	0
shouxu	擩	ru	手+需	1
caixu	擩	ru	才+需	1
shouyi	拟	ni	手+以	2833
caiyi	拟	ni	才+以	2833
shoubin	摈	bin	手+宾	18
caibin	摈	bin	才+宾	18
shouning	拧	ning	手+宁	686
caining	拧	ning	才+宁	686
shouge	搁	ge	手+阁	572
caige	搁	ge	才+阁	572
shouzhizheng	掷	zhi	手+掷+郑	282
caizhizheng	掷	zhi	才+掷+郑	282
shoujian	擶	jian	手+箭	0
caijian	擶	jian	才+箭	0
shoujie	撷	xie	手+颉	41
caijie	撷	xie	才+颉	41
shouba	摆	bai	手+罢	2364
caiba	摆	bai	才+罢	2364
shoushu	擞	sou	手+数	14
caishu	擞	sou	才+数	14
shoulu	撸	lu	手+鲁	71
shouyou	扰	rao	手+尤	358
caiyou	扰	rao	才+尤	358
linyaodashou	攀	pan	林+爻+大+手	534
mumuyiyidashou	攀	pan	木+木+乂+乂+大+手	534
shouyang	攁	yang	手+養	0
caiyang	攁	yang	才+養	0
shoucai	攃	sa	手+蔡	1
caicai	攃	sa	才+蔡	1
shoulv	摅	shu	手+虑	6
shounian	撵	nian	手+辇	137
cainian	撵	nian	才+辇	137
shouhuo	攉	huo	手+霍	4
caihuo	攉	huo	才+霍	4
shouyuan	攌	huan	手+圜	1
caiyuan	攌	huan	才+圜	1
shouying	攍	ying	手+嬴	1
caiying	攍	ying	才+嬴	1
shoulong	拢	long	手+龙	248
cailong	拢	long	才+龙	248
shouqian	攐	qian	手+褰	0
caiqian	攐	qian	才+褰	0
shoujian	攓	qian	手+蹇	0
caijian	攓	qian	才+蹇	0
shoulan	拦	lan	手+兰	585
cailan	拦	lan	才+兰	585
shouxian	攕	xian	手+韱	0
caixian	攕	xian	才+韱	0
shouying	撄	ying	手+婴	10
shoumi	攗	mei	手+麋	0
caimi	攗	mei	才+麋	0
shouxiang	攘	rang	手+襄	52
caixiang	攘	rang	才+襄	52
shoucuan	撺	cuan	手+窜	8
caicuan	撺	cuan	才+窜	8
caijun	携	xie	才+隽	1277
cainie	摄	she	才+聂	1406
shoumi	攠	mo	手+靡	7
caimi	攠	mo	才+靡	7
shouzan	攒	zan	手+赞	900
caizan	攒	zan	才+赞	900
yishou	挛	luan	亦+手	22
shounan	摊	tan	手+难	791
cainan	摊	tan	才+难	791
shouzuan	攥	zuan	手+纂	118
caizuan	攥	zuan	才+纂	118
caijue	搅	jiao	才+觉	628
shouqu	攫	jue	手+瞿	35
caiqu	攫	jue	才+瞿	35
shoulan	揽	lan	手+览	548
cailan	揽	lan	才+览	548
shouli	攭	luo	手+蠡	1
caili	攭	luo	才+蠡	1
shounang	攮	nang	手+囊	7
cainang	攮	nang	才+囊	7
shiyou	支	zhi	十+又	3428
qizhi	攲	qi	奇+支	7
buyou	攴	po	卜+又	125
pieyiyi	攵	fan	丿+一+乂	75
renepo	攸	you	人+丨+攴	104
renefan	攸	you	亻+丨+攵	104
jipo	改	gai	己+攴	27437
jifan	改	gai	己+攵	27437
gongpo	攻	gong	工+攴	1880
gongfan	攻	gong	工+攵	1880
fenpo	攽	ban	分+攴	13
fenfan	攽	ban	分+攵	13
fangpo	放	fang	方+攴	26038
fangfan	放	fang	方+攵	26038
zhengpo	政	zheng	正+攴	1467
zhengfan	政	zheng	正+攵	1467
zhanpo	敁	dian	占+攴	23
minpo	敃	min	民+攴	29
minfan	敃	min	民+攵	29
gupo	故	gu	古+攴	4669
gufan	故	gu	古+攵	4669
hepo	敆	he	合+攴	8
jiaopo	效	xiao	交+攴	858
jiaofan	效	xiao	交+攵	858
mipo	敉	mi	米+攴	5
mifan	敉	mi	米+攵	5
yupo	敍	xu	余+攴	6
xiaopo	教	jiao	孝+攴	9371
xiaofan	教	jiao	孝+攵	9371
meipo	敏	min	每+攴	2573
meifan	敏	min	每+攵	2573
qiupo	救	jiu	求+攴	3373
qiufan	救	jiu	求+攵	3373
wupo	敔	yu	吾+攴	4
wufan	敔	yu	吾+攵	4
shupo	敕	chi	束+攴	83
shufan	敕	chi	束+攵	83
tufangpo	敖	ao	土+方+攴	357
tufangfan	敖	ao	土+方+攵	357
beipo	败	bai	贝+攴	1469
beifan	败	bai	贝+攵	1469
yuyou	叙	xu	余+又	411
nianpo	敜	nie	念+攴	3
nianfan	敜	nie	念+攵	3
shangpo	敞	chang	尚+攴	91
shangfan	敞	chang	尚+攵	91
jingyuepo	散	san	井+月+攴	3585
jingyuefan	散	san	井+月+攵	3585
guopo	敤	ke	果+攴	16
yanpo	敥	yan	炎+攴	1
xiangpo	敦	dun	享+攴	437
xiangfan	敦	dun	享+攵	437
qipo	敧	qi	奇+攴	3
baifangpo	敫	jiao	白+方+攴	10
baifangfan	敫	jiao	白+方+攵	10
jipo	敬	jing	茍+攴	1409
jifan	敬	jing	茍+攵	1409
yipo	敭	yang	易+攴	4
yifan	敭	yang	易+攵	4
gaopo	敲	qiao	高+攴	2016
gaofan	敲	qiao	高+攵	2016
chizheng	整	zheng	敕+正	7151
shufanzheng	整	zheng	束+攵+正	7151
shepo	敌	di	舌+攴	1150
shefan	敌	di	舌+攵	1150
fufangpo	敷	fu	甫+方+攴	697
loupo	数	shu	娄+攴	13153
loufan	数	shu	娄+攵	13153
daoneimuxi	敻	xiong	刀+内+目+夕	5
daoneimudong	敻	xiong	刀+内+目+夂	5
xipo	敼	yi	喜+攴	3
shupo	斀	zhuo	蜀+攴	3
qianpo	敛	lian	佥+攴	226
qianfan	敛	lian	佥+攵	226
bisi	毙	bi	比+死	198
wenyi	文	wen	亠+乂	11186
wenzi	斈	xue	文+子	0
wenpiee	齐	qi	文+丿+丨	4112
wenwu	斌	bin	文+武	1546
wener	斋	zhai	文+而	753
feiwen	斐	fei	非+文	334
wangwenwang	斑	ban	王+文+王	989
yuwenwang	斑	ban	玉+文+王	989
wenbian	斒	ban	文+扁	0
wenchongyu	斔	yu	文+虫+臾	0
wenlan	斓	lan	文+阑	25
diandianyie	斗	dou	丶+丶+一+丨	2548
midou	料	liao	米+斗	3523
jiaodou	斛	hu	角+斗	56
yudou	斜	xie	余+斗	1318
yudou	斞	yu	臾+斗	0
shendou	斟	zhen	甚+斗	109
goudou	斠	jiao	冓+斗	3
shirishirendou	斡	wo	十+日+十+人+斗	36
huangdou	斢	tou	黃+斗	0
jindian	斥	chi	斤+丶	314
fujin	斧	fu	父+斤	254
panjin	斨	qiang	爿+斤	1
jujin	斪	qu	句+斤	0
shijin	斫	zhuo	石+斤	39
chejin	斩	zhan	车+斤	974
xijin	斮	zhuo	昔+斤	1
qijin	斯	si	其+斤	4076
qinjin	新	xin	亲+斤	77282
limujin	新	xin	立+木+斤	77282
jinjin	斳	qin	堇+斤	1
jinshu	斶	chu	斤+蜀	2
eyimijin	断	duan	丨+一+米+斤	4835
wenbao	方	fang	亠+勹	12765
wendao	方	fang	亠+刀	12765
fangkang	斻	hang	方+亢	2
fangpieyiye	施	shi	方+丿+一+也	2662
fangpieyizi	斿	you	方+丿+一+子	14
fangpieyijin	旂	qi	方+丿+一+斤	19
fangpieyiyan	旃	zhan	方+丿+一+円	19
fangpieyimao	旄	mao	方+丿+一+毛	36
fangpieyishi	旅	lv	方+丿+一+氏	1081
fangpieyipo	旆	pei	方+丿+一+巿	12
fangpieyishu	旋	xuan	方+丿+一+疋	821
fangpieyisheng	旌	jing	方+丿+一+生	114
fangpieyiling	旍	jing	方+丿+一+令	2
fangpieyini	旎	ni	方+丿+一+尼	29
fangpieyishi	族	zu	方+丿+一+矢	2300
fangpieyizhao	旐	zhao	方+丿+一+兆	2
fangpieyiwensichuan	旒	liu	方+丿+一+亠+厶+川	13
fangpieyihuang	旒	liu	方+丿+一+巟	13
fangpieyixiao	旓	shao	方+丿+一+肖	2
fangpieyiqi	旖	yi	方+丿+一+奇	22
fangpieyiqi	旗	qi	方+丿+一+其	1329
fangfan	旙	fan	方+番	0
fangpieyipiao	旚	piao	方+丿+一+票	0
fangpieyifan	旛	fan	方+丿+一+番	3
fangpieyihui	旝	kuai	方+丿+一+會	0
fangpieyisui	旞	sui	方+丿+一+遂	0
changyou	旡	ji	厂+尢	117
genji	既	ji	艮+旡	9095
baibiji	旣	ji	白+匕+旡	2
kouyi	日	ri	口+一	70124
koudian	日	ri	口+丶	70124
riyi	旦	dan	日+一	414
biri	旨	zhi	匕+日	246
rishi	早	zao	日+十	25302
baori	旬	xun	勹+日	351
jiuri	旭	xu	九+日	1145
jiuri	旮	ga	九+日	29
rijiu	旯	la	日+九	8
rigan	旰	gan	日+干	5
rigan	旱	han	日+干	363
rida	旲	ying	日+大	1
rishao	旳	di	日+勺	106
riyu	旴	xu	日+于	1
rishan	旵	chan	日+山	1
riwang	旺	wang	日+王	1852
riwen	旻	min	日+文	121
riwen	旼	min	日+文	7
ritun	旽	zhun	日+屯	1
riwu	旿	wu	日+午	2
riyun	昀	yun	日+勻	100
riyang	昂	ang	日+卬	1474
rize	昃	ze	日+仄	7
rifan	昄	ban	日+反	2
riji	昅	jie	日+及	1
risheng	昇	sheng	日+升	59
rihu	昈	hu	日+户	1
rifang	昉	fang	日+方	29
ritian	昊	hao	日+天	567
yaori	昋	jiong	夭+日	0
riyue	昌	chang	日+曰	1729
riri	昌	chang	日+日	1729
riri	昍	xuan	日+日	1
riyue	明	ming	日+月	9887
shiri	昏	hun	氏+日	2021
rifen	昐	fen	日+分	5
rijin	昑	qin	日+今	1
riwu	昒	hu	日+勿	1
riwu	易	yi	日+勿	6119
jingri	昔	xi	井+日	377
rijin	昕	xin	日+斤	393
riyiwu	昜	yang	日+一+勿	4
churi	昝	zan	处+日	19
ribing	昞	fang	日+丙	2
shengri	星	xing	生+日	5735
riyang	映	ying	日+央	921
rixuan	昡	xuan	日+玄	1
richu	昢	po	日+出	2
riling	昤	ling	日+令	1
riwei	昧	mei	日+未	220
rizha	昨	zuo	日+乍	917
riju	昫	xu	日+句	1
rizhao	昭	zhao	日+召	804
rigong	昮	zong	日+功	1
rishu	是	shi	日+疋	1180957
yueshu	是	shi	曰+疋	1180957
rizheng	昰	xia	日+正	33
rili	昱	yu	日+立	175
rifu	昲	fei	日+弗	0
rishi	昳	die	日+失	3
rimao	昴	mao	日+卯	42
yongri	昶	chang	永+日	80
riyong	昹	ai	日+永	1
ribing	昺	bing	日+丙	7
riyang	昻	ang	日+卬	2
riguang	旷	kuang	日+广	213
rizhao	晁	chao	日+兆	65
ricun	时	shi	日+寸	117616
riguang	晃	huang	日+光	1353
riguang	晄	huang	日+光	3
rigen	晅	xuan	日+亘	1
rikua	晇	xu	日+夸	0
yari	晋	jin	亚+日	1032
rizhi	晊	zhi	日+至	1
rixiang	晌	shang	日+向	47
rian	晏	yan	日+安	311
rixiang	晑	xiang	日+向	1
rihan	晗	han	日+含	123
riqun	晙	jun	日+夋	1
rimian	晚	wan	日+免	11186
ridi	晜	kun	日+弟	4
chidan	昼	zhou	尺+旦	227
rixi	晞	xi	日+希	39
richeng	晟	sheng	日+成	273
rifu	晡	bu	日+甫	6
zheri	晢	zhe	折+日	8
riwu	晤	wu	日+吾	149
riwan	晥	han	日+完	4
rimei	晦	hui	日+每	103
rigao	晧	hao	日+告	4
richen	晨	chen	日+辰	1506
rimian	晩	wan	日+免	9
ridian	晪	tian	日+典	2
rizhuo	晫	zhuo	日+卓	10
rizu	晬	zui	日+卒	5
bingri	普	pu	並+日	2269
rijing	景	jing	日+京	2819
rixi	晰	xi	日+析	77
riyan	晱	shan	日+炎	4
rier	晲	ni	日+兒	2
xiri	晳	xi	析+日	8
riqing	晴	qing	日+青	1513
ririri	晶	jing	日+日+日	1240
rijiu	晷	gui	日+咎	14
rizheng	晸	zheng	日+政	9
riyi	晹	yi	日+易	28
zhiri	智	zhi	知+日	2272
riyan	晻	yan	日+奄	23
riwan	晼	wan	日+宛	17
rijing	晾	liang	日+京	390
riwang	暀	wang	日+往	12
riyao	晓	xiao	日+尧	2791
rixuan	暄	xuan	日+宣	81
rishi	暆	yi	日+施	2
rijun	晕	yun	日+军	35555
rijun	晖	hui	日+军	557
minri	暋	min	敃+日	2
rigui	暌	kui	日+癸	4
rihe	暍	ye	日+曷	6
riying	暎	ying	日+英	3
rizhe	暑	shu	日+者	147
rinan	暔	nan	日+南	1
rijian	暕	lan	日+柬	2
riyuan	暖	nuan	日+爰	1474
riyin	暗	an	日+音	2749
rigongpiepie	旸	yang	日+弓+丿+丿	8
richun	暙	chun	日+春	2
riming	暝	ming	日+冥	44
rigao	暠	hao	日+高	3
riweng	暡	weng	日+翁	1
shengongpiepie	畅	chang	申+弓+丿+丿	537
changlinri	暦	li	厂+林+日	8
jidan	暨	ji	既+旦	1540
riji	暩	ji	日+祭	2
zhanri	暂	zan	斩+日	1055
mori	暮	mu	莫+日	473
rimo	暯	mo	日+莫	1
rini	昵	ni	日+尼	164
rizhang	暲	zhang	日+章	5
rihui	暳	hui	日+彗	1
rigongshui	暴	bao	日+共+水	1813
rigong	暴	bao	日+恭	1813
rigeda	暵	han	日+革+大	1
riliao	暸	liao	日+尞	68
rijin	暹	xian	日+進	17
ridan	暺	tan	日+單	0
rijing	暻	jing	日+景	3
biri	暼	pie	敝+日	1
ridun	暾	tun	日+敦	12
rixi	暿	xi	日+喜	1
riyi	曀	yi	日+壹	2
jidan	曁	jie	旣+旦	5
rihua	晔	ye	日+华	163
changli	历	li	厂+力	804
riyun	昙	tan	日+云	64
ritong	曈	tong	日+童	8
riqin	曋	shen	日+覃	0
mingkong	曌	zhao	明+空	13
rijiao	曒	jiao	日+敫	1
riai	暧	ai	日+爱	114
rixu	曘	ru	日+需	5
rishu	曙	shu	日+署	99
rimeng	曚	meng	日+蒙	6
rixun	曛	xun	日+熏	13
rizhai	曜	yao	日+翟	205
ribao	曝	bao	日+暴	263
riyan	曣	yao	日+燕	1
rihuo	曤	huo	日+霍	1
rixi	曦	xi	日+羲	444
rinang	曩	nang	日+囊	23
rixi	晒	shai	日+西	3130
yuedian	曰	yue	曰+丶	2224
yueyi	曰	yue	曰+一	2224
weinian	曲	qu	囗+卄	3201
yueee	曲	qu	曰+丨+丨	3201
yiriren	更	geng	一+日+人	48734
yiyueren	更	geng	一+曰+人	48734
yitianren	更	geng	一+田+人	48734
yishenren	更	geng	一+申+人	48734
wuyue	曶	hu	勿+曰	1
wuri	曶	hu	勿+日	1
ribaoeyiren	曷	he	日+勹+丨+一+人	21
nianyueri	曹	cao	卄+曰+日	2791
yieeyueri	曹	cao	一+丨+丨+曰+日	2791
yiyouyue	曺	cao	一+由+曰	0
yiyouri	曺	cao	一+由+日	0
yuemuyou	曼	man	曰+目+又	1506
fufuyue	替	ti	夫+夫+曰	3257
fufuri	替	ti	夫+夫+日	3257
yuequ	最	zui	曰+取	65806
riqu	最	zui	日+取	65806
renyun	会	hui	人+云	208391
quhe	朅	qie	去+曷	3
jiongyiyi	月	yue	冂+一+一	65397
yipieyue	有	you	一+丿+月	613906
yueyuan	朊	ruan	月+元	22
yueyue	朋	peng	月+月	706
yuedanyou	服	fu	月+卩+又	4634
yueling	朎	ling	月+令	0
yuechu	朏	fei	月+出	2
yueju	朐	qu	月+句	7
yuerou	朒	nv	月+肉	1
yuezhao	朓	tiao	月+兆	5
rouguan	朕	zhen	肉+关	764
yueguan	朕	zhen	月+关	764
yueliang	朖	lang	月+良	0
liangyue	朗	lang	良+月	1249
yuequn	朘	juan	月+夋	1
wangyuewang	望	wang	亡+月+王	3996
shirishiyue	朝	chao	十+日+十+月	3764
zhuoyue	朝	chao	卓+月	3764
cheyue	朝	chao	車+月	3764
qiyue	朞	qi	其+月	1
qiyue	期	qi	其+月	9716
yueying	朠	ying	月+英	0
yuexiongbaxi	朡	zong	月+凶+八+夕	0
yuexiongbadong	朡	zong	月+凶+八+夂	0
yuetong	朣	tong	月+童	2
yuemeng	朦	meng	月+蒙	74
yuelong	胧	long	月+龙	55
shiren	木	mu	十+人	6480
shiba	木	mu	十+八	6480
yixiao	木	mu	一+小	6480
yimu	未	wei	一+木	17562
muyi	末	mo	木+一	2523
muyi	本	ben	木+一	24833
mudian	朮	shu	木+丶	3
shierdian	朮	shu	十+儿+丶	3
piewei	朱	zhu	丿+未	5587
dianwei	朱	zhu	丶+未	5587
pieyimuwei	朱	zhu	丿+一+木+未	5587
muba	朳	ba	木+八	1
mubu	朴	pu	木+卜	438
jimu	朵	duo	几+木	1051
mudao	朷	tiao	木+刀	0
muli	朸	li	木+力	1
mujiu	朹	qiu	木+九	1
mubi	朼	bi	木+匕	1
muding	朾	zhen	木+丁	0
mujiong	朿	ci	木+冂	2
muyu	杅	yu	木+于	2
mugan	杆	gan	木+干	1394
mukui	杇	wu	木+亏	1
mucha	杈	cha	木+叉	46
musan	杉	shan	木+彡	337
mufan	杋	fan	木+凡	1
muwu	杌	wu	木+兀	4
muzi	杍	zi	木+子	1
muzi	李	li	木+子	14513
mukou	杏	xing	木+口	466
mucai	材	cai	木+才	1005
mucun	村	cun	木+寸	11088
mushao	杓	biao	木+勺	18
muda	杕	duo	木+大	1
muzhang	杖	zhang	木+丈	602
muwang	杗	mang	木+亡	1
muyi	杙	yi	木+弋	2
muqi	杚	ge	木+乞	0
mutu	杜	du	木+土	3411
muye	杝	zhi	木+也	1
muji	杞	qi	木+己	90
mukou	束	shu	木+口	752
mugong	杠	gang	木+工	298
mushao	杪	miao	木+少	14
muyuan	杬	yuan	木+元	2
mukang	杭	hang	木+亢	656
mubu	杯	bei	木+不	2948
rimu	杲	gao	日+木	27
muri	杳	yao	木+日	71
muqian	杴	xian	木+欠	1
muwu	杵	chu	木+午	130
mutun	杶	chun	木+屯	1
muba	杷	pa	木+巴	12
mushu	杸	shu	木+殳	2
muhua	杹	hua	木+化	1
muxin	杺	xin	木+心	7
muchou	杻	niu	木+丑	1
muyu	杼	zhu	木+予	16
mushou	杽	chou	木+手	1
mugong	松	song	木+公	3941
mufan	板	ban	木+反	5076
muyun	枃	jin	木+匀	8
mukai	枅	ji	木+开	1
mumao	枆	mao	木+毛	1
mubi	枇	pi	木+比	8
muwang	枉	wang	木+王	207
mufang	枋	fang	木+方	34
mufen	枌	fen	木+分	3
muxi	枍	yi	木+兮	3
mufu	枎	fu	木+夫	2
mujin	析	xi	木+斤	285
muhu	枑	hu	木+互	4
muya	枒	ye	木+牙	5
mudou	枓	dou	木+斗	8
mujin	枔	xin	木+今	5
muyou	枕	zhen	木+冘	1038
mumu	林	lin	木+木	12069
munei	枘	rui	木+内	4
mue	枙	e	木+厄	31
mupo	枚	mei	木+攴	952
mufan	枚	mei	木+攵	952
rimu	果	guo	日+木	4532
muzhi	枝	zhi	木+支	1309
musheng	枡	sheng	木+升	13
muzhan	枮	zhen	木+占	2
mugu	枯	ku	木+古	478
muping	枰	ping	木+平	25
taimu	枲	xi	台+木	2
muzhi	枳	zhi	木+只	43
muhao	枵	xiao	木+号	4
jiamu	架	jia	加+木	3782
mujia	枷	jia	木+加	68
muju	枸	gou	木+句	13
mubao	枹	fu	木+包	4
mumo	枺	mo	木+末	2
mushi	枻	yi	木+世	4
muwenshipiee	枾	shi	木+亠+十+丿+丨	1
mupi	柀	bi	木+皮	2
muta	柁	duo	木+它	15
mupieyiye	柂	yi	木+丿+一+也	1
muling	柃	ling	木+令	8
mubing	柄	bing	木+丙	549
muni	柅	ni	木+尼	2
muli	柆	la	木+立	2
muban	柈	ban	木+半	3
mufa	柉	fan	木+乏	4
mudong	柊	zhong	木+冬	13
daimu	柋	dai	代+木	1
musi	柌	ci	木+司	1
muyang	柍	ying	木+央	8
mufu	柎	fu	木+付	2
mubai	柏	bai	木+白	794
ganmu	某	mou	甘+木	12623
mugan	柑	gan	木+甘	118
shuiqimu	柒	qi	氵+七+木	253
shuijiumu	染	ran	水+九+木	1276
guimu	染	ran	氿+木	1276
maomu	柔	rou	矛+木	1215
mushi	柘	zhe	木+石	36
mujia	柙	xia	木+甲	9
muyou	柚	you	木+由	122
mushen	柛	shen	木+申	19
muchai	柝	tuo	木+拆	15
muzha	柞	zha	木+乍	20
muran	柟	nan	木+冉	18
mudi	柢	di	木+氐	14
mushi	柣	zhi	木+失	11
muqie	柤	zu	木+且	3
mudan	查	cha	木+旦	13251
mudan	柦	dan	木+旦	3
mugua	柧	gu	木+瓜	2
mujiu	柩	jiu	木+久	14
muyou	柪	ao	木+幼	0
mufu	柫	fu	木+弗	0
muba	柭	fu	木+犮	1
muchu	柮	duo	木+出	1
muke	柯	ke	木+可	1159
mushi	柰	nai	木+示	20
muzhu	柱	zhu	木+主	1472
mubi	柲	bie	木+必	1
mumao	柳	liu	木+卯	3130
cimu	柴	chai	此+木	978
muce	栅	shan	木+册	130
musi	柶	si	木+四	2
muxiong	柷	zhu	木+兄	3
mupi	柸	pei	木+丕	1
cailing	拐	guai	才+另	873
muqie	査	cha	木+且	4
muxue	柼	yao	木+穴	0
muzheng	柾	jiu	木+正	0
mushi	柿	shi	木+市	108
muzhi	栀	zhi	木+卮	76
muxidan	栁	liu	木+夕+卩	2
mumu	栂	mei	木+母	0
muxun	栒	xun	木+旬	1
muquan	栓	shuan	木+全	479
fengdaomu	栔	qi	丰+刀+木	1
yamu	栗	li	襾+木	316
muduo	栘	yi	木+多	3
muguan	栚	zhen	木+关	1
muci	栜	se	木+朿	1
mushe	栝	gua	木+舌	19
ganganmu	栞	kan	干+干+木	2
mubing	栟	ben	木+并	0
renmu	栠	ren	任+木	1
mujiao	校	xiao	木+交	2470
mubai	栢	bai	木+百	6
cimu	栥	zi	次+木	2
muzhou	栦	chou	木+州	6
muci	栨	ci	木+次	15
muyu	栩	xu	木+羽	46
muzhu	株	zhu	木+朱	736
mucun	栫	zun	木+存	18
muer	栭	er	木+而	16
muer	栮	er	木+耳	1
muyou	栯	yu	木+有	2
mugong	栱	gong	木+共	5
mukao	栲	kao	木+考	17
mulao	栳	lao	木+老	7
mupieyiyan	栴	zhan	木+丿+一+円	6
mulie	栵	li	木+列	2
muhai	核	he	木+亥	2445
mugen	根	gen	木+艮	6854
muzhi	栺	zhi	木+旨	2
mushi	栻	shi	木+式	8
muge	格	ge	木+各	13038
shigemu	栽	zai	十+戈+木	643
tugemu	栽	zai	土+戈+木	643
chuanmu	桀	jie	舛+木	87
muxing	桁	heng	木+行	41
mugui	桂	gui	木+圭	1247
muzhao	桃	tao	木+兆	1059
muguang	桄	guang	木+光	22
muwei	桅	wei	木+危	55
mukuang	框	kuang	木+匡	1836
anmu	案	an	安+木	4805
muan	桉	an	木+安	53
muyi	桋	yi	木+夷	1
muburi	桌	zhuo	木+卜+日	1227
mukua	桍	ku	木+夸	0
muzhi	桎	zhi	木+至	21
muqiong	桏	qiong	木+邛	0
mutong	桐	tong	木+同	590
muyouyouyou	桑	sang	木+又+又+又	1415
huimu	桒	sang	卉+木	0
mugen	桓	huan	木+亘	311
muji	桔	ju	木+吉	215
mujiu	桕	jiu	木+臼	17
mumou	桙	yu	木+牟	0
muying	樱	ying	木+婴	548
mujian	栈	zhan	木+戋	266
musha	桫	suo	木+沙	7
muchen	桭	zhen	木+辰	1
mufou	桮	bei	木+否	1
mucheng	桯	ting	木+呈	1
mubei	桲	po	木+孛	2
mufu	桴	fu	木+孚	12
mutuo	桵	rui	木+妥	1
muyong	桶	tong	木+甬	1155
mujiao	桷	jue	木+角	7
muxi	桸	xi	木+希	0
muliang	桹	lang	木+良	1
mupang	桻	feng	木+夆	1
mushui	桼	qi	木+水	1
muzuo	桽	wen	木+坐	0
mujun	桾	jun	木+君	0
mushu	梀	yin	木+束	1
muqiu	梂	qiu	木+求	0
muting	梃	ting	木+廷	66
mumei	梅	mei	木+每	3492
mubang	梆	bang	木+邦	36
munong	梇	long	木+弄	1
zhemu	梊	di	折+木	0
muyuan	梋	xue	木+肙	1
muyu	梌	tu	木+余	1
mubaiqi	梍	zao	木+白+七	1
mugao	梏	gu	木+告	5
muniukou	梏	gu	木+牛+口	5
mubi	梐	bi	木+坒	0
mubitu	梐	bi	木+比+土	0
mudi	梑	di	木+狄	0
muhan	梒	han	木+含	0
muxin	梓	zi	木+辛	400
muzhi	梔	zhi	木+巵	1
mugeng	梗	geng	木+更	415
mujian	枧	jian	木+见	12
muna	梛	nuo	木+那	3
ximu	条	tiao	夕+木	12498
dongmu	条	tiao	夂+木	12498
niaomu	枭	xiao	鸟+木	146
muwan	梡	kuan	木+完	0
muxiao	梢	shao	木+肖	250
mucen	梣	cen	木+岑	4
mushanfen	梤	fen	木+山+分	1
muwu	梧	wu	木+吾	125
limu	梨	li	利+木	882
muli	梩	si	木+里	1
mudou	梪	dou	木+豆	0
muping	梬	ying	木+甹	0
muqun	梭	suo	木+夋	204
muju	梮	ju	木+局	1
mudi	梯	ti	木+弟	350
mujie	械	xie	木+戒	153
mukun	梱	kun	木+困	1
muwensichuan	梳	shu	木+亠+厶+川	461
muhuang	梳	shu	木+巟	461
muyan	梴	chan	木+延	1
mumufan	梵	fan	木+木+凡	273
muyi	梶	wei	木+尾	7
mubing	梹	bing	木+兵	1
mubing	棅	bing	木+秉	2
mugongxin	棇	song	木+公+心	1
muqing	棈	qian	木+青	2
mubo	棉	mian	木+帛	1232
qimu	棊	qi	其+木	2
muqi	棋	qi	木+其	1142
mucai	棌	cai	木+采	5
mukun	棍	gun	木+昆	758
muriyicun	棏	zhe	木+日+一+寸	21
feimu	棐	fei	非+木	8
mufei	棑	pai	木+非	5
mufeng	棒	bang	木+奉	2554
muhun	棔	hun	木+昏	13
muzong	棕	zong	木+宗	290
muchang	枨	cheng	木+长	7
cibing	枣	zao	朿+冰	445
cici	棘	ji	朿+朿	130
mupeng	棚	peng	木+朋	651
mugu	棝	gu	木+固	7
muqun	棞	gun	木+囷	5
muweihe	棞	gun	木+囗+禾	5
mudong	栋	dong	木+东	1682
shangmu	棠	tang	尚+木	291
muli	棣	di	木+隶	90
muxi	棤	cuo	木+昔	6
hufan	棨	qi	户+攵	5
muyan	棪	yan	木+炎	2
muhuo	棫	yu	木+或	4
mujuan	棬	quan	木+卷	7
mumumu	森	sen	木+木+木	2095
mulin	森	sen	木+林	2095
munian	棯	shen	木+念	2
muchui	棰	chui	木+垂	51
muling	棱	leng	木+夌	252
muxi	栖	qi	木+西	232
mufu	棴	su	木+服	3
muguo	棵	ke	木+果	444
muqu	棷	zou	木+取	1
qumu	棸	zou	取+木	1
muzhuo	棹	zhao	木+卓	61
muguan	棺	guan	木+官	270
fenmu	棻	fen	芬+木	8
linfen	棼	fen	林+分	6
linjin	棽	chen	林+今	2
muwan	椀	wan	木+宛	69
muxiang	椁	guo	木+享	34
muqie	椄	qie	木+妾	4
muqi	椅	yi	木+奇	318
muzhou	椆	zhou	木+周	1
muju	椇	ju	木+具	2
muju	椈	ju	木+匊	9
muzu	椊	zuo	木+卒	0
mujing	椋	liang	木+京	35
mukong	椌	qiang	木+空	0
muzhi	植	zhi	木+直	613
muzhui	椎	zhui	木+隹	165
muya	桠	ya	木+亚	30
muju	椐	ju	木+居	32
mubei	椑	bei	木+卑	2
mushu	椒	jiao	木+叔	236
muchu	椓	zhuo	木+豖	2
muzai	椔	zi	木+甾	1
linfen	椕	bin	林+分	1
mufenmu	椕	bin	木+分+木	1
muding	椗	ding	木+定	1
muqian	检	jian	木+佥	1209
muzhi	椥	zhi	木+知	2
mubing	椪	peng	木+並	27
muzhuan	椯	duo	木+耑	0
muye	椰	ye	木+耶	287
muwei	椳	wei	木+畏	0
muduan	椴	duan	木+段	61
muxiongbaxi	椶	zong	木+凶+八+夕	1
muxiongbadong	椶	zong	木+凶+八+夂	1
muxian	椷	jian	木+咸	1
mushi	椸	yi	木+施	1
mushen	椹	zhen	木+甚	5
muyan	椻	yan	木+匽	3
muyan	椼	yan	木+衍	3
mutuan	椽	chuan	木+彖	57
muchun	椿	chun	木+春	116
muyu	楀	yu	木+禹	24
muke	楁	he	木+客	20
mucha	楂	zha	木+查	13
mubian	楄	pian	木+扁	6
mushuyue	楈	xu	木+疋+月	1
muruo	楉	ruo	木+若	1
mugongpiepie	杨	yang	木+弓+丿+丿	10328
mula	楋	la	木+剌	2
muyan	楌	yan	木+彦	0
mukui	楏	kui	木+奎	1
mugui	楑	kui	木+癸	0
musi	楒	si	木+思	1
mufeng	枫	feng	木+风	1478
muqi	楔	xie	木+契	68
muzuoyue	楕	tuo	木+左+月	1
muji	楖	zhi	木+即	1
mujian	楗	jian	木+建	7
linmao	楙	mao	林+矛	3
mumaomu	楙	mao	木+矛+木	3
linshu	楚	chu	林+疋	2427
muku	楛	ku	木+苦	4
muhu	楜	hu	木+胡	1
mujian	楝	lian	木+柬	26
muting	楟	ting	木+亭	1
munan	楠	nan	木+南	720
mushu	楡	yu	木+俞	1
muqiu	楢	you	木+酋	4
mumei	楣	mei	木+眉	70
muyuan	楥	yuan	木+爰	1
muxuan	楦	xuan	木+宣	18
muzhen	桢	zhen	木+贞	183
mubian	楩	pian	木+便	2
muqi	楫	ji	木+咠	26
mukouer	楫	ji	木+口+耳	26
muhe	楬	jie	木+曷	2
muzhe	楮	chu	木+者	26
mudun	楯	dun	木+盾	3
muyu	楰	yu	木+臾	0
muzou	楱	zou	木+奏	2
mumou	楳	mei	木+某	2
mudi	楴	ti	木+帝	1
muji	极	ji	木+及	5429
muzi	楶	jie	木+咨	1
cidai	楶	jie	次+呆	1
mujie	楷	kai	木+皆	228
muqiu	楸	qiu	木+秋	31
muying	楹	ying	木+盈	52
murou	楺	rou	木+柔	1
muhuang	楻	huang	木+皇	0
pieemu	乐	le	丿+丨+木	6513
mupin	榀	pin	木+品	10
muji	概	gai	木+既	363
lintian	榃	tan	林+田	0
mushu	榆	yu	木+俞	186
mushen	榊	shen	木+神	8
muxie	榍	xie	木+屑	3
muxia	榎	jia	木+夏	5
muzhan	榐	zhen	木+展	0
mupo	榑	fu	木+尃	1
mubimin	榓	mi	木+必+皿	1
mulang	榔	lang	木+郎	34
murong	榕	rong	木+容	299
jumu	榘	ju	矩+木	24
muta	榙	ta	木+荅	1
mugao	榚	yao	木+羔	1
muqin	榛	zhen	木+秦	65
mupang	榜	bang	木+旁	2403
muyuan	榞	yuan	木+原	0
muming	榠	ming	木+冥	1
musu	榡	su	木+素	0
mujie	榤	jie	木+桀	0
muhuang	榥	huang	木+晃	1
shirishirenmu	榦	han	十+日+十+人+木	3
mufei	榧	fei	木+匪	10
muzhai	榨	zha	木+窄	168
muqian	榩	qian	木+虔	0
muma	杩	ma	木+马	31
musun	榫	sun	木+隼	35
muzhuishi	榫	sun	木+隹+十	35
muyuan	榬	yuan	木+袁	0
mushe	榭	xie	木+射	91
muqi	榰	zhi	木+耆	0
mushuai	榱	cui	木+衰	5
muting	榳	ting	木+庭	1
muliu	榴	liu	木+留	67
murong	榵	rong	木+茸	0
mutang	榶	tang	木+唐	1
musi	榹	si	木+虒	0
muriyu	榻	ta	木+日+羽	86
muyueyu	榻	ta	木+曰+羽	86
muhe	榼	ke	木+盍	3
muxi	榽	xi	木+奚	0
mugu	榾	gu	木+骨	2
muqi	桤	qi	木+岂	21
mugao	槁	gao	木+高	17
banmu	槃	pan	般+木	10
muyao	槄	tao	木+舀	1
muxun	槆	chun	木+荀	0
muzhen	槇	zhen	木+真	3
muji	槉	ji	木+疾	1
mushuo	槊	shuo	木+朔	23
mugou	构	gou	木+勾	479
muzhui	槌	chui	木+追	105
mucang	枪	qiang	木+仓	3453
mucha	槎	cha	木+差	62
mujian	槏	xian	木+兼	1
mugui	槐	huai	木+鬼	243
mugao	槔	gao	木+皋	4
muyang	样	yang	木+羊	14677
muzhen	槙	dian	木+真	11
muxi	槢	xi	木+習	8
muhui	槥	hui	木+彗	3
muyong	槦	yong	木+庸	13
muzhan	椠	qian	木+斩	3
muguo	槨	guo	木+郭	2
muhu	槬	hua	木+瓠	4
muqi	槭	qi	木+戚	15
muyouhuo	槱	you	木+酉+火	2
muhu	槲	hu	木+斛	18
panximu	桨	jiang	丬+夕+木	134
muhu	槴	hu	木+扈	1
yimu	槷	yi	埶+木	1
muyi	槸	yi	木+埶	27
mugao	槹	gao	木+皐	3
mucao	槽	cao	木+曹	997
muman	槾	wan	木+曼	2
mujin	槿	jin	木+堇	54
muzhuang	桩	zhuang	木+庄	682
mucong	枞	cong	木+从	11
muli	樆	li	木+离	1
muxiu	樇	xiu	木+脩	1
mujing	樈	qing	木+竟	1
mushuang	樉	shuang	木+爽	2
mutong	樋	tong	木+通	6
mulei	樏	lei	木+累	1
muliang	樑	liang	木+梁	21
mumi	樒	mi	木+密	0
mulou	楼	lou	木+娄	12718
muchao	樔	jiao	木+巢	1
musou	樕	su	木+欶	1
heke	樖	ke	合+柯	1
muyu	樗	chu	木+雩	15
mutang	樘	tang	木+堂	21
mushi	标	biao	木+示	3068
mulu	樛	liao	木+翏	3
muqu	枢	shu	木+区	130
muzhang	樟	zhang	木+章	120
mumo	模	mo	木+莫	1689
muzhuzhu	樦	zhu	木+竹+主	0
muxi	樨	xi	木+犀	7
muyou	权	quan	木+又	5707
mujiao	樵	qiao	木+焦	162
muzui	樶	zui	木+最	2
muyoucun	树	shu	木+又+寸	5939
muhua	桦	hua	木+华	272
muchan	樼	zhen	木+孱	19
muzun	樽	zun	木+尊	146
muyue	樾	yue	木+越	35
muwensichuanmin	橀	xi	木+亠+厶+川+皿	16
muhuangmin	橀	xi	木+巟+皿	16
mugan	橄	gan	木+敢	26
pieyixiyilin	橆	wu	丿+一+卌+一+林	6
mucui	橇	qiao	木+毳	45
muyao	桡	rao	木+尧	53
muqiao	桥	qiao	木+乔	4360
mufan	橎	fan	木+番	0
mushan	橏	zhan	木+善	1
muliao	橑	lao	木+尞	1
muyun	枟	yun	木+云	31
mushun	橓	shun	木+舜	1
mudun	橔	tui	木+敦	1
mutang	橖	tang	木+棠	1
muyu	橘	ju	木+矞	216
mudeng	橙	cheng	木+登	483
mujue	橛	jue	木+厥	11
muqin	橝	xin	木+覃	1
muhui	橞	hui	木+惠	1
muji	机	ji	木+几	11612
munuo	橠	nuo	木+袲	0
muxiang	橡	xiang	木+象	95
musuituo	椭	tuo	木+隋+橢	17
suomu	橤	rui	惢+木	0
mutong	橦	tong	木+童	5
muceng	橧	zeng	木+曾	0
muran	橪	yan	木+然	1
muhuang	横	heng	木+黄	2622
mugu	橭	gu	木+辜	0
muji	橶	ji	木+戟	0
muzao	橾	shu	木+喿	2
mujiang	橿	jiang	木+畺	1
mudan	檀	tan	木+亶	189
mubing	檩	lin	木+禀	13
mujiao	檄	xi	木+敫	25
musui	檅	hui	木+歲	0
mujuan	檇	zui	木+雋	2
musheng	柽	cheng	木+圣	8
muzui	檌	zui	木+罪	1
muyi	檍	yi	木+意	1
muqin	檎	qin	木+禽	4
mulei	檑	lei	木+雷	3
muhui	檓	hui	木+毀	0
mudang	档	dang	木+当	2850
musui	檖	sui	木+遂	0
bimu	檗	bo	辟+木	6
muchu	檚	chu	木+楚	0
muhui	桧	gui	木+会	31
mujie	檞	jie	木+解	4
jingmu	檠	qing	敬+木	9
muse	樯	qiang	木+啬	33
mudao	檤	dao	木+道	8
mupiao	檦	biao	木+剽	1
muxian	檨	she	木+羨	1
mucha	檫	cha	木+察	50
mumeng	檬	meng	木+蒙	100
mushou	梼	tao	木+寿	2
mubin	槟	bin	木+宾	25
muning	柠	ning	木+宁	104
muyi	檹	yi	木+旖	1
muhao	檺	gao	木+豪	5
mujian	槛	kan	木+监	80
muxu	檽	ruan	木+需	3
mumi	櫁	mi	木+蜜	12
muzhai	櫂	zhao	木+翟	16
muju	柜	gui	木+巨	994
mukui	櫆	kui	木+魁	7
muchu	橱	chu	木+厨	96
muqian	櫏	qian	木+遷	1
leimu	櫐	lei	畾+木	1
mulei	櫑	lie	木+畾	1
mulu	橹	lu	木+鲁	46
mulv	榈	lv	木+闾	10
mumenlv	榈	lv	木+门+吕	10
mujie	栉	zhi	木+节	21
yizhongjiongchudai	櫜	gao	一+中+冂+处+呆	3
mumai	椟	du	木+卖	10
muyuan	橼	yuan	木+缘	10
mule	栎	yue	木+乐	90
muzhu	櫡	zhuo	木+箸	1
muzhu	槠	zhu	木+诸	6
mulu	栌	lu	木+卢	8
muli	枥	li	木+历	21
muzhu	橥	zhu	木+猪	6
muqin	榇	chen	木+亲	5
mue	櫮	e	木+噩	0
muhuai	櫰	huai	木+褱	1
mulong	栊	long	木+龙	31
muju	榉	ju	木+举	9
muling	櫺	ling	木+霝	1
muxian	櫼	jian	木+韱	1
muxiang	欀	xiang	木+襄	7
mubo	欂	bo	木+薄	1
muchan	欃	zhan	木+毚	1
mulan	栏	lan	木+兰	1903
muxi	欈	zui	木+巂	1
muqu	欋	qu	木+瞿	1
muluo	椤	luo	木+罗	46
yimu	栾	luan	亦+木	202
mulan	榄	lan	木+览	74
mulei	欙	luo	木+纍	5
muli	欚	li	木+蠡	1
muling	棂	ling	木+灵	20
daoren	欠	qian	刀+人	2805
bingqian	次	ci	冰+欠	21278
jinqian	欣	xin	斤+欠	1587
riqian	欥	yi	日+欠	1
juqian	欨	xu	句+欠	1
haiqian	欬	kai	亥+欠	3
yinqian	欭	yin	因+欠	0
jiqian	欯	xi	吉+欠	0
heqian	欱	xia	合+欠	1
buceqian	欳	kui	卜+冊+欠	0
liangqian	欴	lang	良+欠	0
shuqian	欶	sou	束+欠	1
xiqian	欷	xi	希+欠	12
yiqian	欸	ai	矣+欠	16
qiqian	欹	qi	奇+欠	33
qiqian	欺	qi	其+欠	344
yanqian	欻	xu	炎+欠	2
jinqian	钦	qin	金+欠	675
shishiqian	款	kuan	士+示+欠	6685
shenqian	歁	qian	甚+欠	1
zhuanqian	歂	chuan	耑+欠	1
chaqian	歃	sha	臿+欠	3
yinqian	歅	yin	垔+欠	1
yinqian	歆	xin	音+欠	144
heqian	歇	xie	曷+欠	776
shuqian	歈	yu	俞+欠	1
jianqian	歉	qian	兼+欠	139
gaoqian	歊	xiao	高+欠	1
siqian	歋	ye	虒+欠	0
geqian	歌	ge	哥+欠	11397
quqian	欧	ou	区+欠	3041
huqian	歑	hu	虖+欠	1
youqian	欢	huan	又+欠	1313
xuqian	歔	xu	虚+欠	8
xiqian	歖	yi	喜+欠	2
xiqian	歙	she	翕+欠	18
shuqian	歜	chu	蜀+欠	2
yuqian	欤	yu	与+欠	49
shange	止	zhi	上+丨	1425
yizhi	正	zheng	一+止	20523
zhibi	此	ci	止+匕	17237
zhixiao	步	bu	止+小	3931
zhijuedianpie	步	bu	止+亅+丶+丿	3931
zhishao	步	bu	止+少	3931
yiyizhi	武	wu	一+弋+止	3161
zhizhi	歧	qi	止+支	138
zhishao	歩	bu	止+少	16
buzheng	歪	wai	不+正	1361
zhisi	歭	zhi	止+寺	3
shanxi	岁	sui	山+夕	10074
changlinzhi	歴	li	厂+林+止	6
ciyu	歶	yu	此+禺	0
epiexue	归	gui	丨+丿+彐	3754
yixi	歹	dai	一+夕	89
daibi	死	si	歹+匕	36726
yixibi	死	si	一+夕+匕	36726
daiwu	歾	wen	歹+勿	0
daishu	殁	mo	歹+殳	55
daiyao	殀	yao	歹+夭	1
daiqie	殂	cu	歹+且	14
daiyang	殃	yang	歹+央	58
dairensan	殄	tian	歹+人+彡	19
daitai	殆	dai	歹+台	69
daixue	殈	xu	歹+血	1
daixun	殉	xun	歹+旬	58
daizhu	殊	shu	歹+朱	288
daifu	殍	piao	歹+孚	14
daiqiu	殏	qiu	歹+求	1
daike	殑	jing	歹+克	97
daili	殔	yi	歹+隶	1
daizhi	殖	zhi	歹+直	74
daiyan	殗	ye	歹+奄	2
daijian	残	can	歹+戋	1738
daihun	殙	men	歹+昏	1
daiji	殛	ji	歹+亟	29
daiyuan	殒	yun	歹+员	39
daichou	殠	chou	歹+臭	1
daidai	殢	ti	歹+帶	6
daijin	殣	jin	歹+堇	10
daipieyigongpiepie	殇	shang	歹+丿+一+弓+丿+丿	214
daiyin	殥	yin	歹+寅	2
daijiu	殧	jiu	歹+就	3
daiyi	殪	yi	歹+壹	14
daidan	殚	dan	歹+单	30
daiqian	殓	lian	歹+佥	39
daibin	殡	bin	歹+宾	35
daiqian	歼	jian	歹+千	226
jiyou	殳	shu	几+又	19
piefengshu	段	duan	丿+丰+殳	7980
zhushu	殶	zhu	主+殳	3
yiyixiao	杀	sha	乂+一+小	22449
yimu	杀	sha	乂+木	22449
shirong	壳	ke	士+冗	1521
yaoshu	殽	yao	肴+殳	7
shigongshu	殿	dian	尸+共+殳	1153
jiugongshu	毁	hui	臼+工+殳	1200
gaoshu	毃	que	高+殳	1
lishishu	毅	yi	立+豕+殳	784
qushu	殴	ou	区+殳	163
jiumishu	毇	hui	臼+米+殳	1
luanduan	毈	duan	卵+段	1
eyierdiandianjue	母	mu	丨+一+二+丶+丶+亅	2619
pieyimu	每	mei	丿+一+母	19115
shimu	毐	ai	士+母	20
fengwu	毒	du	丰+毋	3811
fengmu	毒	du	丰+母	3811
meiwensichuan	毓	yu	每+亠+厶+川	259
meihuang	毓	yu	每+巟	259
bibi	比	bi	匕+匕	68654
bibi	毖	bi	比+必	12
tianbi	毗	pi	田+比	128
tianbi	毘	pi	田+比	6
daokoubitu	毚	chan	刀+口+比+兔	2
pieyibi	毛	mao	丿+一+匕	10978
bimao	毞	pi	比+毛	2
jiamao	毠	jia	加+毛	1
maoxi	毢	sai	毛+西	1
yumao	毣	mu	羽+毛	1
ruimao	毤	tuo	兊+毛	1
ermao	毦	er	耳+毛	2
maorong	毧	rong	毛+戎	1
maoxian	毨	xian	毛+先	0
maomou	毪	mu	毛+牟	2
wenkoujiongmao	毫	hao	亠+口+冂+毛	281
maoqiu	毬	qiu	毛+求	11
maoyan	毯	tan	毛+炎	125
maomaomao	毳	cui	毛+毛+毛	8
maomao	毷	mao	冒+毛	0
maosi	毸	sui	毛+思	0
shumao	毹	shu	俞+毛	5
zuoyuemao	毻	tuo	左+月+毛	0
hemao	毼	ke	曷+毛	1
maojian	毽	jian	毛+建	7
riyumao	毾	ta	日+羽+毛	1
canmao	毵	san	参+毛	5
maomo	氁	mu	毛+莫	0
niumao	牦	mao	牛+毛	14
tongmao	氃	tong	童+毛	1
yumao	氄	rong	矞+毛	0
changmao	氅	chang	敞+毛	12
maopu	氆	pu	毛+普	14
maozhan	毡	zhan	毛+占	122
zaomao	氉	sao	喿+毛	0
mengmao	氋	meng	蒙+毛	0
maolu	氇	lu	毛+鲁	14
qumao	氍	qu	瞿+毛	9
shidian	氐	di	氏+丶	44
wangmin	氓	mang	亡+民	68
qipie	氕	pie	气+丿	2
qinai	氖	nai	气+乃	48
qiyi	气	qi	乞+一	9442
pieyiyiyi	气	qi	丿+一+一+乙	9442
qipiee	氘	dao	气+丿+丨	20
qishan	氙	xian	气+山	9
qichuan	氚	chuan	气+川	18
qifen	氛	fen	气+分	35
qinei	氝	nei	气+內	1
qifu	氟	fu	气+弗	409
qishen	氠	shen	气+申	1
qidong	氡	dong	气+冬	50
qiyin	氤	yin	气+因	13
qixi	氥	xi	气+西	3
qihai	氦	hai	气+亥	75
qiyang	氧	yang	气+羊	762
qian	氨	an	气+安	413
qike	氪	ke	气+克	22
qisheng	氢	qing	气+圣	493
qiya	氩	ya	气+亚	36
qiyan	氮	dan	气+炎	516
qilu	氯	lv	气+录	411
qiqing	氰	qing	气+青	111
diandianpie	氵	shui	丶+丶+丿	88
dianshui	氷	bing	丶+水	70
dianyishui	永	yong	丶+一+水	2712
shuili	氻	le	水+力	2
renshui	氽	tun	人+水	55
shuidan	氾	fan	水+卩	4
shuijiu	氿	gui	水+九	1
shuiding	汀	ting	水+丁	360
shuishi	汁	zhi	水+十	1193
shuiyidian	求	qiu	水+一+丶	6812
shuiba	汃	pa	水+八	0
rushui	汆	cuan	入+水	33
shuicha	汊	cha	水+叉	48
shuishao	汋	zhuo	水+勺	1
shuichuan	汌	chuan	水+川	1
shuiwan	汍	wan	水+丸	3
shuifan	汎	fan	水+凡	4
shuida	汏	dai	水+大	10
shuixi	汐	xi	水+夕	133
shuiwang	汒	mang	水+亡	1
shuiqi	汔	qi	水+乞	20
shuishan	汕	shan	水+山	105
shuigan	汗	han	水+干	13318
shuikui	污	wu	水+亏	375
shuisi	汜	si	水+巳	23
shuinv	汝	ru	水+女	918
gongshui	汞	gong	工+水	260
shuigong	江	jiang	水+工	5217
shuiye	池	chi	水+也	1964
shuizhi	汥	zhi	水+支	1
shuishi	汦	zhi	水+氏	0
shuikai	汧	qian	水+开	4
shuiyue	汨	mi	水+曰	18
shuiri	汨	mi	氵+日	18
shuiri	汩	mi	水+日	12
shuiwang	汪	wang	水+王	1887
shuijing	汫	jing	水+井	2
shuinei	汭	rui	水+内	4
shuitai	汰	tai	水+太	70
shuiquan	汱	quan	水+犬	1
shuiji	汲	ji	水+及	132
shuifan	汳	bian	水+反	0
shuibian	汴	bian	水+卞	45
shuiwen	汶	wen	水+文	189
shuifang	汸	pang	水+方	4
bingguai	决	jue	冰+夬	854
shuiwu	汻	huang	水+午	3
shuiqi	汽	qi	水+氣	416
shuifen	汾	fen	水+分	86
shuiyu	沀	xu	水+予	0
shuixin	沁	qin	水+心	523
shuijin	沂	yi	水+斤	100
shuiyao	沃	wo	水+夭	607
shuiyuan	沅	yuan	水+元	115
shuikang	沆	hang	水+亢	11
shuiyun	沇	yan	水+允	2
shuiyou	沈	shen	水+冘	6710
youshui	沊	dan	冘+水	1
shuitun	沌	dun	水+屯	25
shuihu	沍	hu	水+互	1
shuihua	沎	huo	水+化	0
shuiqie	沏	qi	水+切	80
shuimu	沐	mu	水+木	427
shuishu	没	mei	水+殳	295035
shuiri	沓	ta	水+日	98
shuimian	沔	mian	水+丏	24
shuiwu	沕	wu	水+勿	4
bingzhong	冲	chong	冰+中	8294
shuibi	沘	bi	水+比	2
shuishao	沙	sha	水+少	4071
shuizhi	沚	zhi	水+止	7
shuipo	沛	pei	水+巿	290
shuipian	沜	pan	水+片	1
shuishui	沝	zi	水+水	4
shuiyouere	泽	ze	水+又+二+丨	2235
shuifeng	沣	feng	水+丰	92
shuimo	沫	mo	水+末	307
shuiwei	沬	mei	水+未	16
shuishu	沭	shu	水+朮	27
shuiqie	沮	ju	水+且	48
shuishi	沰	tuo	水+石	1
shuita	沱	tuo	水+它	76
shuipieyiye	沲	duo	水+丿+一+也	4
shuike	河	he	水+可	3946
shuirensan	沴	zhen	水+人+彡	3
shuishi	沶	yi	水+示	1
shuiba	沷	fa	水+犮	2
shuifu	沸	fei	水+弗	175
shuiyou	油	you	水+由	5961
shuitian	沺	tian	水+田	1
shuitai	治	zhi	水+台	3536
shuizhao	沼	zhao	水+召	125
shuigu	沽	gu	水+古	308
shuizhan	沾	zhan	水+占	737
shuibakou	沿	yan	水+八+口	1672
shuisi	泀	si	水+司	1
bingxiong	况	kuang	冰+兄	402
shuiju	泃	ju	水+句	3
shuishi	泄	xie	水+世	487
shuiqiu	泅	qiu	水+囚	50
shuishi	泆	yi	水+失	5
shuijia	泇	jia	水+加	2
baishui	泉	quan	白+水	1889
shuibai	泊	bo	水+白	339
shuibi	泌	mi	水+必	62
shuiben	泍	ben	水+本	1
shuichu	泏	zhu	水+出	0
shuile	泐	le	水+阞	25
shuiyou	泑	you	水+幼	2
shuigua	泒	gu	水+瓜	2
shuihong	泓	hong	水+弘	239
shuigan	泔	gan	水+甘	9
shuiqu	法	fa	水+去	18506
shuimao	泖	mao	水+卯	6
shuisi	泗	si	水+四	133
shuiping	泙	ping	水+平	2
shuici	泚	ci	水+此	11
shuifa	泛	fan	水+乏	845
shuidi	泜	zhi	水+氐	1
shuichi	泝	su	水+斥	1
shuiling	泠	ling	水+令	150
shuibao	泡	pao	水+包	5700
shuipi	波	bo	水+皮	5395
shuili	泣	qi	水+立	289
shuini	泥	ni	水+尼	1944
shuiyue	泧	xue	水+戉	1
shuizhu	注	zhu	水+主	2808
shuisheng	泩	sheng	水+生	8
shuixuan	泫	xuan	水+玄	24
shuixue	泬	xue	水+穴	2
shuifu	泭	fu	水+付	2
shuiban	泮	pan	水+半	47
shuimin	泯	min	水+民	101
shuiyang	泱	yang	水+央	35
shuiyong	泳	yong	水+永	372
shishui	泵	beng	石+水	852
shuizhou	洀	zhou	水+舟	60
shuihui	洃	hui	水+灰	2
shuihui	洄	hui	水+回	24
shuiyin	洇	yin	水+因	29
shuiwei	洈	wei	水+危	3
shuihou	洉	hou	水+后	4
shuicun	洊	jian	水+存	7
shuiyang	洋	yang	水+羊	3567
shuilie	洌	lie	水+列	27
shuizi	洎	ji	水+自	16
shuier	洏	er	水+而	20
shuixing	洐	xing	水+行	10
shuifu	洑	fu	水+伏	17
shuiwu	洖	wu	水+吳	16
shuixian	洗	xi	水+先	9016
shuikao	洘	kao	水+考	7
shuizhu	洙	zhu	水+朱	117
shuige	洛	luo	水+各	1822
shuian	洝	yan	水+安	4
shuitong	洞	dong	水+同	2922
shuiyi	洟	ti	水+夷	8
shuimou	洠	mou	水+牟	2
shuiyi	洢	yi	水+伊	2
shuiyu	津	jin	水+聿	954
shuiyou	洧	wei	水+有	23
shuijiao	洨	xiao	水+交	4
shuiye	洩	yi	水+曳	10
shuigong	洪	hong	水+共	2297
shuixue	洫	xu	水+血	3
shuisu	洬	su	水+夙	1
shuikuang	洭	kuang	水+匡	3
shuizhao	洮	tao	水+兆	35
shuifengdao	洯	qie	水+丰+刀	5
shuiju	洰	ju	水+巨	6
shuier	洱	er	水+耳	38
shuizhou	洲	zhou	水+州	1298
shuiru	洳	ru	水+如	17
shuibing	洴	ping	水+并	3
shuixun	洵	xun	水+旬	74
shuixiong	汹	xiong	水+凶	12
shuizhi	洷	zhi	水+至	1
shuiguang	洸	guang	水+光	11
shuigen	洹	huan	水+亘	34
shuiming	洺	ming	水+名	20
shuishe	活	huo	水+舌	8740
shuihe	洽	qia	水+合	281
shuichangshi	派	pai	水+厂+氏	6066
shuikua	洿	wu	水+夸	7
shuiqu	浀	qu	水+曲	1
shuiwensichuan	流	liu	水+亠+厶+川	6305
shuihuang	流	liu	氵+巟	6305
shuiguan	浂	yi	水+关	1
shuiyi	浘	wei	水+尾	12
shuizhe	浙	zhe	水+折	402
shuiqun	浚	jun	水+夋	58
shuibing	浜	bang	水+兵	1173
shuizu	浞	zhuo	水+足	8
shuiyou	浟	you	水+攸	1
shuixi	浠	xi	水+希	56
shuibei	浡	bo	水+孛	7
shuidou	浢	dou	水+豆	1
shuiwan	浣	huan	水+完	188
shuihong	浤	hong	水+宏	2
shuiyi	浥	yi	水+邑	10
shuifu	浦	pu	水+甫	752
shuicheng	浧	zheng	水+呈	1
shuisong	浨	lan	水+宋	1
shuigao	浩	hao	水+告	1631
shuiliang	浪	lang	水+良	2108
shuili	浬	li	水+里	5
shuigeng	浭	geng	水+更	3
shuifu	浮	fu	水+孚	1008
shuiwu	浯	wu	水+吾	12
shuili	浰	lian	水+利	1
shuigu	浴	yu	水+谷	1203
shuitong	浵	tong	水+彤	5
shuilao	浶	lao	水+牢	1
shuimei	海	hai	水+每	12451
shuijia	浃	jia	水+夹	8
shuichong	浺	chong	水+忡	0
shuijiong	浻	jiong	水+冏	2
shuimian	浼	mei	水+免	30
shuituo	浽	sui	水+妥	1
shuichi	浾	cheng	水+赤	0
shuikun	涃	kun	水+困	1
shuiping	涄	ping	水+甹	0
shuigan	涆	han	水+旰	1
shuisheng	泾	jing	水+圣	116
shuixiao	消	xiao	水+肖	1489
shuibu	涉	she	水+步	696
shuiren	涊	ren	水+忍	2
shuixiao	涍	xiao	水+孝	1
shuiyan	涎	xian	水+延	76
shuiwo	涐	e	水+我	22
shuishu	涑	su	水+束	14
shuijun	涒	yun	水+君	4
shuiyuan	涓	juan	水+肙	222
shuicen	涔	cen	水+岑	105
shuidi	涕	ti	水+弟	137
shuiwei	涖	li	水+位	4
shuiyi	涘	si	水+矣	23
shuiti	涙	lei	水+戻	17
shuimai	渎	du	水+卖	52
shuiguan	涫	guan	水+官	8
shuixing	涬	xing	水+幸	3
shuishua	涮	shuan	水+刷	272
shuiya	涯	ya	水+厓	312
shuiye	液	ye	水+夜	1859
shuikong	涳	nang	水+空	9
shuiwan	涴	wo	水+宛	4
shuihan	涵	han	水+函	1185
shuigu	涸	he	水+固	37
shuiju	涺	ju	水+居	1
shuishe	涻	she	水+舍	7
bingjing	凉	liang	冰+京	2197
shuihun	涽	hun	水+昏	1
shuita	涾	ta	水+沓	1
shuichu	涿	zhuo	水+豖	18
shuiriyicun	淂	de	水+日+一+寸	23
shuijuan	淃	juan	水+卷	1
shuizai	淄	zi	水+甾	29
shuixi	淅	xi	水+析	29
shuiyao	淆	xiao	水+肴	12
shuiqi	淇	qi	水+其	257
shuiqu	淈	hu	水+屈	1
shuiguo	淉	guo	水+果	8
shuilin	淋	lin	水+林	781
shuishang	淌	tang	水+尚	270
shuizhou	淍	zhou	水+周	2
shuihao	淏	hao	水+昊	8
shuichang	淐	chang	水+昌	1
shuishu	淑	shu	水+叔	768
bingqi	凄	qi	冰+妻	125
shuifang	淓	fang	水+芳	1
shuizhi	淔	chi	水+直	1
shuilu	淕	lu	水+坴	0
shuizhuo	淖	nao	水+卓	37
shuiju	淗	ju	水+匊	1
shuitao	淘	tao	水+匋	943
shuimu	泪	lei	水+目	2586
shuizhi	淛	zhe	水+制	3
shuipeng	淜	ping	水+朋	1
shuifei	淝	fei	水+肥	20
shuisong	淞	song	水+松	77
shuidian	淟	tian	水+典	1
shuibi	淠	pi	水+畀	10
shuiyan	淡	dan	水+炎	1981
shuihuo	淢	yu	水+或	1
shuier	淣	ni	水+兒	0
shuiyu	淤	yu	水+於	379
shuilu	渌	lu	水+录	30
shuijin	淦	gan	水+金	79
shuiling	淩	ling	水+夌	5
shuilun	沦	lun	水+仑	97
shuizhuaren	淫	yin	水+爪+壬	1150
shuizu	淬	cui	水+卒	78
humu	淭	qu	户+木	0
shuizhui	淮	huai	水+隹	403
shuiyu	淯	yu	水+育	4
shuinian	淰	shen	水+念	3
shuihu	淲	hu	水+虎	1
shuixiang	淳	chun	水+享	323
shuihu	淴	hu	水+忽	2
shuipiemie	渊	yuan	水+丿+米+丨	454
shuipianyipan	渊	yuan	氵+片+一+爿	454
shuilai	涞	lai	水+来	31
shuikun	混	hun	水+昆	7535
shuiqing	清	qing	水+青	8578
shuiyan	淹	yan	水+奄	292
shuijian	浅	qian	水+戋	1637
shuitian	添	tian	水+忝	2385
shuishuishui	淼	miao	水+水+水	224
shuizhi	淽	zhi	水+芷	1
shuiben	渀	ben	水+奔	28
shuiruo	渃	ruo	水+若	2
shuiribaobi	渇	ke	水+日+勹+匕	2
shuiqi	济	ji	水+齐	949
shuiguandao	渕	yuan	水+关+刀	2
yidao	渕	yuan	浂+刀	2
shuihuan	涣	huan	水+奂	50
shuizhe	渚	zhu	水+者	145
bingxian	减	jian	冰+咸	2548
shuiruan	渜	nuan	水+耎	0
shuishu	渝	yu	水+俞	768
shuiting	渟	ting	水+亭	4
jumu	渠	qu	洰+木	667
shuidu	渡	du	水+度	1108
shuicha	渣	zha	水+查	989
shuibo	渤	bo	水+勃	106
shuiwu	渥	wo	水+屋	85
shuiguo	涡	wo	水+呙	162
shuidi	渧	ti	水+帝	3
shuiwei	渨	wei	水+畏	1
shuize	测	ce	水+则	3189
shuiwei	渭	wei	水+胃	157
shuihe	渮	he	水+荷	1
shuixiang	港	gang	水+巷	4237
shuiyan	渰	yan	水+弇	1
shuihong	渱	hong	水+虹	1
shuixuan	渲	xuan	水+宣	50
shuimi	渳	mi	水+弭	1
shuihe	渴	ke	水+曷	429
shuimiao	渵	mao	水+苗	0
shuiying	渶	ying	水+英	8
shuiyou	游	you	水+斿	5120
shuihong	渹	qing	水+訇	1
shuimushao	渺	miao	水+目+少	143
shuisheng	渻	sheng	水+省	4
shuimei	渼	mei	水+美	7
shuizai	渽	zai	水+哉	1
shuijun	浑	hun	水+军	278
shuinai	渿	nai	水+奈	1
shuigui	湀	gui	水+癸	7
shuishi	湁	chi	水+拾	21
shuibai	湃	pai	水+拜	29
shuimei	湄	mei	水+眉	109
shuijian	湅	lian	水+柬	9
shuiyin	湆	qi	水+音	3
shuilirou	湇	qi	水+立+肉	8
shuiliyue	湇	qi	水+立+月	8
shuitian	湉	tian	水+恬	8
bingzou	凑	cou	冰+奏	1847
shuizhuan	湍	tuan	水+耑	43
shuishaner	湍	tuan	水+山+而	43
shuimian	湎	mian	水+面	5
shuixu	湑	xu	水+胥	3
shuiqi	湒	ji	水+咠	2
shuipen	湓	pen	水+盆	9
shuiqian	湔	jian	水+前	13
shuijian	湕	jian	水+建	4
shuihu	湖	hu	水+胡	3137
shuixiang	湘	xiang	水+相	1318
shuiyin	湚	yin	水+胤	22
shuishen	湛	zhan	水+甚	284
shuishi	湜	shi	水+是	47
shuijie	湝	jie	水+皆	153
shuizhen	浈	zhen	水+贞	12
shuihuang	湟	huang	水+皇	26
shuitan	湠	tan	水+炭	22
shuiyu	湡	yu	水+禺	17
shuishi	湤	shi	水+施	2
shuitu	湥	tu	水+突	3
shuixing	湦	sheng	水+星	5
shuiyong	涌	yong	水+甬	736
shuiju	湨	ju	水+狊	1
shuizhong	湩	tong	水+重	2
shuiqiu	湫	jiao	水+秋	13
shuiyin	湮	yan	水+垔	31
shuigongpiepie	汤	tang	水+弓+丿+丿	4871
shuihua	湱	huo	水+砉	4
shuiyuan	湲	yuan	水+爰	3
shuinan	湳	nan	水+南	3
shuibing	湴	ban	水+並	10
shuiquan	湶	quan	水+泉	2
shuichun	湷	zhuang	水+春	5
shuiliang	湸	liang	水+亮	2
shuili	湹	chan	水+厘	2
shuibao	湺	yan	水+保	1
shuicaoliang	满	man	水+草+两	12039
caoliang	满	man	艹+两	12039
shuixu	溆	xu	水+叙	6
shuiwei	沩	wei	水+为	13
shuiji	溉	gai	水+既	19
shuifa	泼	po	水+发	655
shuigui	溎	yan	水+桂	1
shuitang	溏	tang	水+唐	54
shuiyuan	源	yuan	水+原	4426
shuiyuan	溒	yuan	水+袁	0
shuijian	溓	xian	水+兼	1
shuigao	溔	yao	水+羔	1
shuicheng	溗	cheng	水+乘	0
shuihe	溘	ke	水+盍	7
shuitai	溙	tai	水+泰	1
shuiwa	溛	wa	水+窊	0
shuiliu	溜	liu	水+留	982
shuigou	沟	gou	水+勾	1802
shuizao	溞	sao	水+蚤	4
shuiming	溟	ming	水+冥	330
shuicha	溠	zha	水+差	1
shuiyi	溢	yi	水+益	401
shuipo	溥	pu	水+尃	79
shuishanwupo	溦	wei	水+山+兀+攴	14
shuishanwufan	溦	wei	氵+山+兀+攵	14
shuili	溧	li	水+栗	32
shuixi	溪	xi	水+奚	1301
shuishuo	溯	su	水+朔	135
shuiqin	溱	qin	水+秦	29
shuisou	溲	sou	水+叟	13
shuichou	溴	xiu	水+臭	181
shuirong	溶	rong	水+容	491
shuihun	溷	hun	水+圂	20
shuisuo	溹	suo	水+索	1
shuiruo	溺	ni	水+弱	64
shuiriyu	溻	ta	水+日+羽	15
shuixian	湿	shi	水+显	1838
shuiru	溽	ru	水+辱	12
shuigui	溾	ai	水+鬼	1
shuipan	溿	pan	水+畔	2
shuichu	滀	chu	水+畜	11
shuichu	滁	chu	水+除	33
shuipang	滂	pang	水+旁	32
shuiweng	滃	weng	水+翁	23
shuicang	沧	cang	水+仓	418
yihuo	灭	mie	一+火	3026
shuili	滆	ge	水+鬲	8
shuizhen	滇	dian	水+真	278
shuigao	滈	hao	水+高	11
shuihuang	滉	huang	水+晃	5
shuizi	滋	zi	水+兹	317
shuitiao	涤	di	水+条	143
shuichi	滍	zhi	水+蚩	3
shuifu	滏	fu	水+釜	21
shuigu	滑	hua	水+骨	1467
shuige	滒	ge	水+哥	1
shuizai	滓	zi	水+宰	20
shuiyao	滔	tao	水+舀	118
shuishuai	滖	sui	水+衰	1
shuigao	滜	ze	水+皋	0
shuilong	泷	long	水+龙	48
shuixiu	滫	xiu	水+脩	1
shuihu	沪	hu	水+户	1441
shuibiao	滮	biao	水+彪	1
shuidai	滞	zhi	水+带	328
shuikou	滱	kou	水+寇	1
shuican	渗	shen	水+参	314
shuimi	滵	mi	水+密	0
shuiao	滶	ao	水+敖	0
buweiyi	卤	lu	卜+囗+乂	256
shuixu	浒	hu	水+许	32
shuihu	滹	hu	水+虖	21
shuifan	滼	fan	水+梵	0
shuiyong	滽	yong	水+庸	0
shuigun	滚	gun	水+衮	3811
shuiyu	渔	yu	水+鱼	463
shuipiao	漂	piao	水+票	901
shuiji	漃	ji	水+寂	2
shuichao	漅	chao	水+巢	1
shuiqi	漆	qi	水+桼	1018
shuixi	漇	xi	水+徙	0
shuiji	漈	ji	水+祭	16
shuilu	漉	lu	水+鹿	35
shuicong	漎	song	水+從	1
shuili	漓	li	水+离	57
shuiyin	演	yan	水+寅	4606
shuicao	漕	cao	水+曹	75
shuichun	漘	chun	水+脣	1
shuiqu	沤	ou	水+区	49
shuiye	漜	ye	水+埜	0
shuitang	漟	tang	水+堂	1
shuimo	漠	mo	水+莫	204
shuiyou	汉	han	水+又	3523
shuilian	涟	lian	水+连	100
shuilan	漤	lan	水+婪	6
shuixuegui	漥	wa	水+穴+圭	4
weifanchangshui	漦	li	未+攵+厂+水	0
shuiqian	漧	gan	水+乾	0
shuixuan	漩	xuan	水+旋	59
shuiquanqi	漪	yi	水+犬+奇	149
shuiman	漫	man	水+曼	945
shuize	渍	zi	水+责	190
shuimang	漭	mang	水+莽	8
shuikang	漮	kang	水+康	1
shuilei	漯	ta	水+累	6
shuibeng	漰	peng	水+崩	1
shuisou	漱	shu	水+欶	141
shuizhang	涨	zhang	水+张	11728
shuizhang	漳	zhang	水+章	101
shuixu	漵	xu	水+敘	1
shuihuan	漶	huan	水+患	5
shuiguo	漷	huo	水+郭	5
shuizhan	渐	jian	水+斩	1037
shuiyan	漹	yan	水+焉	1
shuishuang	漺	shuang	水+爽	1
shuilu	漻	xiao	水+翏	1
shuicui	漼	cui	水+崔	2
shuiyang	漾	yang	水+羕	216
panxishui	浆	jiang	丬+夕+水	629
shuizhong	潀	zong	水+眾	1
bishuiye	颍	ying	匕+水+页	79
shuichifanrou	潃	xin	水+彳+攵+肉	8
shuichifanyue	潃	xin	水+彳+攵+月	8
shuihuan	灌	guan	水+雚	2064
shuibi	潎	pie	水+敝	2
shuiyu	潏	yu	水+矞	4
shuijiao	潐	qiao	水+焦	3
shuixiang	潒	yang	水+象	4
shuihui	潓	hui	水+惠	1
shuiji	洁	jie	水+吉	1187
shuiji	潗	ji	水+集	4
shuifan	潘	pan	水+番	2491
shuiti	潜	qian	水+替	735
shuixi	潝	xi	水+翕	2
shuilu	潞	lu	水+路	109
shuijiubaohuo	潟	xi	水+臼+勹+火	2
shuixun	潠	sun	水+巽	1
shuidun	潡	dun	水+敦	3
shuihuang	潢	huang	水+黄	23
shuirun	润	run	水+闰	1431
shuiliao	潦	liao	水+尞	28
shuiceng	潧	zhen	水+曾	25
shuiyi	潩	yi	水+異	69
shuizhi	潪	zhi	水+智	29
shuijuan	潫	wan	水+絭	12
shuiqin	潭	tan	水+覃	586
shuichao	潮	chao	水+朝	1394
shuixun	浔	xun	水+寻	43
shuigui	溃	kui	水+贵	179
shuishao	潲	shao	水+稍	6
shuitu	潳	zha	水+屠	2
shuihei	潶	hei	水+黑	6
shuibi	滗	bi	水+笔	59
shuimumuyue	潸	shan	水+木+木+月	6
shuichan	潺	chan	水+孱	22
shuishu	潻	shu	水+黍	4
shuitong	潼	tong	水+童	71
shuipu	潽	pu	水+普	3
shuiwei	涠	wei	水+围	8
shuirenzhi	涩	se	水+刃+止	553
shuishanyiwangpo	澂	cheng	水+山+一+王+攴	7
shuichishanyiwangfanzhi	澂	cheng	氵+彳+山+一+王+攵+徴	7
shuideng	澄	cheng	水+登	443
shuiyao	浇	jiao	水+尧	711
shuilao	涝	lao	水+劳	177
shuiyufan	澈	che	水+育+攵	262
shuigan	澉	gan	水+敢	4
shuijing	澋	hong	水+景	2
shuisi	澌	si	水+斯	7
shuizhu	澍	shu	水+尌	73
shuipeng	澎	peng	水+彭	108
shuiyun	沄	yun	水+云	6
shuifu	澓	fu	水+復	1
shuihao	澔	hao	水+皓	5
shuijian	涧	jian	水+间	260
shuiyu	澞	yu	水+虞	1
shuimin	渑	mian	水+黾	2
shuipinmu	澡	zao	水+品+木	1029
shuizao	澡	zao	氵+喿	1029
shuigan	澣	huan	水+幹	2
shuijie	澥	xie	水+解	5
shuili	澧	li	水+豊	51
shuishi	澨	shi	水+筮	1
shuiling	澪	ling	水+零	4
shuiyong	澭	yong	水+雍	2
shuihui	浍	kuai	水+会	16
shuican	澯	can	水+粲	1
shuiding	淀	dian	水+定	75
shuiao	澳	ao	水+奥	857
shuixin	澵	zhen	水+新	0
shuidan	澶	chan	水+亶	65
shuigan	澸	dan	水+感	1
shuizhan	澹	dan	水+詹	37
shuiyi	澺	yi	水+意	1
shuibi	澼	pi	水+辟	3
shuiju	澽	ju	水+豦	1
shuijin	澿	qin	水+禁	1
shuijiao	激	ji	水+敫	594
shuichong	浊	zhuo	水+虫	292
shuilian	濂	lian	水+廉	107
shuinongnong	浓	nong	水+农+脓	1519
shuiji	濈	sha	水+戢	15
shuisui	濉	sui	水+睢	9
shuichu	濋	chu	水+楚	18
zhongta	濌	ta	重+沓	1
shuicong	濍	song	水+葱	2
shuiding	濎	ting	水+鼎	1
shuining	泞	ning	水+宁	9
shuiqi	濝	qi	水+綦	0
shuibi	濞	bi	水+鼻	41
shuihao	濠	hao	水+豪	114
shuixu	濡	ru	水+需	93
shuicui	濢	zui	水+翠	1
shuiwo	濣	wo	水+斡	1
shuishou	涛	tao	水+寿	1601
shuici	濨	ci	水+慈	1
shuijian	滥	lan	水+监	425
shuirui	濬	xun	水+睿	9
shuigai	濭	ke	水+蓋	1
shuizhai	濯	zhuo	水+翟	72
shuiwei	潍	wei	水+维	38
shuibin	滨	bin	水+宾	643
shuigu	濲	gu	水+穀	0
shuijian	溅	jian	水+贱	416
shuile	泺	po	水+乐	11
shuilv	滤	lv	水+虑	245
shuiyou	沋	you	水+尤	3
shuiyang	瀁	yang	水+養	1
shuiying	滢	ying	水+莹	114
shuixie	泻	xie	水+写	555
shuishen	渖	shen	水+审	3
shuipao	瀌	biao	水+麃	1
shuichan	瀍	chan	水+廛	6
shuimie	瀎	mo	水+蔑	1
shuiwendao	浏	liu	水+文+刀	57
shuibao	瀑	pu	水+暴	194
shuipin	濒	bin	水+频	47
shuihuo	瀖	huo	水+霍	0
shuilu	泸	lu	水+卢	47
shuihan	瀚	han	水+翰	229
shuiying	瀛	ying	水+嬴	131
shuirong	瀜	rong	水+融	1
shuili	沥	li	水+历	346
shuijing	瀞	jing	水+静	9
shuisu	潇	xiao	水+肃	250
shuiying	潆	ying	水+萦	14
shuixie	瀣	xie	水+韰	9
shuihuai	瀤	wai	水+褱	0
shuizhu	潴	zhu	水+猪	31
shuilai	濑	lai	水+赖	171
minquan	瀪	fan	敏+泉	1
shuihu	瀫	hu	水+縠	1
shuiji	瀱	ji	水+罽	1
shuilian	潋	lian	水+敛	28
shuijian	瀳	zun	水+薦	1
shuifen	瀵	fen	水+糞	24
shuiyi	瀷	yi	水+翼	6
shuixian	瀸	jian	水+韱	1
shuiyue	瀹	yue	水+龠	61
shuichan	瀺	chan	水+毚	3
shuidai	瀻	dai	水+戴	2
shuixiang	瀼	rang	水+襄	4
shuilan	澜	lan	水+阑	376
shuifan	瀿	fan	水+繁	2
shuishuang	灀	shuang	水+霜	1
shuijue	灂	zhuo	水+爵	2
shuifeng	灃	feng	水+豐	2
shuinie	滠	she	水+聂	8
shuilei	灅	lei	水+壘	3
shuiqu	灈	qu	水+瞿	11
shuiyong	灉	yong	水+雝	27
shuixin	灊	qian	水+鬵	31
shuiyan	滟	yan	水+艳	50
shuixi	洒	sa	水+西	828
shuimi	灖	mi	水+靡	1
shuituo	灗	shan	水+蟺	1
shuinan	滩	tan	水+难	570
shuihao	灏	hao	水+颢	193
shuiba	灞	ba	水+霸	113
shuinang	灢	nang	水+囊	1
shuiwan	湾	wan	水+弯	1416
shuiluan	滦	luan	水+栾	30
quanquanquan	灥	xun	泉+泉+泉	2
shuiyan	灩	yan	水+豔	3
diandiandiandian	灬	huo	丶+丶+丶+丶	117
changhuo	灰	hui	厂+火	2442
yipiehuo	灰	hui	一+丿+火	2442
huodao	灱	xiao	火+刀	2
huogong	灴	hong	火+工	2
huotu	灶	zao	火+土	467
jiuhuo	灸	jiu	久+火	96
huoye	灺	xie	火+也	2
huoshao	灼	zhuo	火+勺	184
baohuo	灾	zai	宀+火	552
huogong	炂	zhong	火+公	0
fenhuo	炃	fen	分+火	0
huochou	炄	niu	火+丑	0
rihuo	炅	gui	日+火	16
huowen	炆	wen	火+文	30
huoqian	炊	chui	火+欠	120
huohuo	炎	yan	火+火	1493
huomu	炑	mu	火+木	1
huoshao	炒	chao	火+少	5276
huodou	炓	liao	火+斗	1
huoguai	炔	que	火+夬	39
huokang	炕	kang	火+亢	151
huojin	炘	xin	火+斤	12
rouhuo	炙	zhi	肉+火	127
yuehuo	炙	zhi	月+火	127
huodan	炟	da	火+旦	3
huozheng	炡	zheng	火+正	1
huozhao	炤	zhao	火+召	12
huoling	炩	ling	火+令	2
huoxuan	炫	xuan	火+玄	617
huoju	炬	ju	火+巨	118
shanhui	炭	tan	山+灰	349
shanchanghuo	炭	tan	山+厂+火	349
huobao	炮	pao	火+包	1292
baohuo	炰	pao	包+火	8
taihuo	炱	tai	台+火	3
huobing	炳	bing	火+丙	439
huoyang	炴	yang	火+央	16
huodong	炵	tong	火+冬	11
huozhu	炷	zhu	火+主	20
huozha	炸	zha	火+乍	2358
huoshi	炻	shi	火+石	7
huoxiong	炾	huang	火+兄	1
huohu	烀	hu	火+乎	5
huoxue	烅	xu	火+血	0
huoxing	烆	heng	火+行	7
huoquan	烇	quan	火+全	3
liehuo	烈	lie	列+火	1000
huoyang	烊	yang	火+羊	12
xiuhuo	烋	xiu	休+火	1
huoxian	烍	xian	火+先	0
ganganhuo	烎	yin	干+干+火	0
kaihuo	烎	yin	开+火	0
huozhao	烑	yao	火+兆	0
huoshi	烒	shi	火+式	0
huogui	烓	wei	火+圭	0
huotong	烔	tong	火+同	6
huohai	烗	kai	火+亥	1
huogong	烘	hong	火+共	169
huoge	烙	lao	火+各	296
huohe	烚	xia	火+合	2
huogen	烜	xuan	火+亘	21
chenghuo	烝	zheng	丞+火	7
huopu	烞	po	火+朴	0
huoyou	烠	hui	火+有	1
huogong	烡	guang	火+共	0
huozhai	烢	che	火+宅	0
huokao	烤	kao	火+考	1546
huoxi	烯	xi	火+希	142
huofu	烰	fu	火+孚	1
huojiong	烱	jiong	火+冏	2
huofu	烳	pu	火+甫	0
huosheng	烃	ting	火+圣	86
huoting	烶	ting	火+廷	0
huowan	烷	wan	火+完	96
huomei	烸	hai	火+每	3
henghuo	烹	peng	亨+火	211
huoliang	烺	lang	火+良	4
huoyan	烻	yan	火+延	1
huoshi	烼	xu	火+豕	0
huopang	烽	feng	火+夆	93
huotong	烿	rong	火+彤	0
huogu	焀	hu	火+谷	0
youhuo	焂	shu	攸+火	0
junhuo	焄	xun	君+火	2
huoyuan	焆	yue	火+肙	0
zhengyibaohuo	焉	yan	正+一+勹+火	601
huohan	焊	han	火+旱	651
huoqun	焌	jun	火+夋	1
huodi	焍	di	火+弟	0
zhehuo	焎	xie	折+火	0
lekouyouhuo	焏	qi	了+口+又+火	0
huowu	焐	wu	火+吾	23
huohan	焓	han	火+含	26
huoju	焗	ju	火+局	61
linhuo	焚	fen	林+火	189
huokun	焜	kun	火+昆	22
huoxiang	焞	tun	火+享	1
huoxi	焟	xi	火+昔	1
huozu	焠	cui	火+卒	1
yiyou	无	wu	一+尢	32585
huokong	焢	hong	火+空	0
quhuo	焣	ju	取+火	0
huowan	焥	wo	火+宛	1
zhuihuo	焦	jiao	隹+火	1205
huomao	焨	feng	火+冐	0
huoxin	焮	xin	火+欣	2
huozhuo	焯	chao	火+卓	69
huohuohuo	焱	yan	火+火+火	199
huoye	焲	yi	火+夜	0
rouquanhuo	然	ran	肉+犬+火	4290
yuequanhuo	然	ran	月+犬+灬	4290
huosheng	焺	sheng	火+昇	1
huoyao	烧	shao	火+尧	4945
huoshen	煁	chen	火+甚	1
huoge	煂	he	火+革	1
huokui	煃	kui	火+奎	3
huozhong	煄	zhong	火+重	7
huoduan	煅	duan	火+段	35
huodongyi	炼	lian	火+东+一	881
huoxuan	煊	xuan	火+宣	71
huoxing	煋	xing	火+星	30
huohuang	煌	huang	火+皇	237
huoqiu	煍	jiao	火+秋	1
qianhuo	煎	jian	前+火	806
huoying	煐	ying	火+英	3
huowei	炜	wei	火+韦	416
huozhuan	煓	tuan	火+耑	3
yanzhan	煔	shan	炎+占	3
huoyuan	煖	xuan	火+爰	21
huoxian	煘	chan	火+咸	31
huoyin	烟	yan	火+因	4763
huorili	煜	yu	火+日+立	241
huomei	煝	mei	火+眉	5
chupohuo	煞	sha	刍+攴+火	420
chufanhuo	煞	sha	刍+攵+灬	420
huowei	煟	wei	火+胃	9
huojian	煡	jin	火+建	10
huorou	煣	rou	火+柔	2
huomou	煤	mei	火+某	1609
huohuan	焕	huan	火+奂	491
xuhuo	煦	xu	昫+火	108
rizhaohuo	照	zhao	日+召+火	9704
huowei	煨	wei	火+畏	122
huoye	烦	fan	火+页	6871
huoqiu	煪	qiu	火+酋	1
huogongpiepie	炀	yang	火+弓+丿+丿	41
zhehuo	煮	zhu	者+火	2836
huopin	煰	zao	火+品	1
baohuo	煲	bao	保+火	584
huohu	煳	hu	火+胡	16
huobian	煸	bian	火+扁	56
huotui	煺	tui	火+退	7
huotang	煻	tang	火+唐	2
huoshan	煽	shan	火+扇	107
huohuang	熀	ye	火+晃	7
huoxie	熁	xie	火+脅	1
huoxi	熄	xi	火+息	159
huohe	熆	he	火+盍	2
huogao	熇	he	火+高	2
piexi	熈	yi	丿+熙	1
nenghuo	熊	xiong	能+火	3811
pieyihei	熏	xun	丿+一+黑	570
huoming	熐	mi	火+冥	0
huorong	熔	rong	火+容	284
huocang	炝	qiang	火+仓	39
huoliu	熘	liu	火+留	22
huopiao	熛	biao	火+票	1
huocong	熜	cong	火+悤	19
huolu	熝	lu	火+鹿	1
huojian	熞	jian	火+堅	1
shuhuo	熟	shu	孰+火	2735
huoxi	熠	yi	火+習	61
huofeng	熢	peng	火+逢	1
huoyi	熤	yi	火+翌	1
huotong	熥	teng	火+通	1
weihuo	熨	yun	尉+火	52
huohu	熩	hu	火+扈	1
huoyi	熪	yi	火+移	0
aohuo	熬	ao	敖+火	1693
huogeda	熯	ran	火+革+大	1
zhihuo	热	re	执+火	12281
huoman	熳	man	火+曼	118
huoshang	熵	shang	火+商	160
huojijiri	熸	jian	火+旡+旡+日	31
huoqian	熸	jian	火+朁	31
xihuo	熹	xi	喜+火	98
huoxi	熺	xi	火+喜	15
huoyi	熼	yi	火+異	13
huozhi	炽	chi	火+只	142
huohuang	熿	huang	火+黄	1
huohua	烨	ye	火+华	280
huoqin	燂	xun	火+覃	4
huoran	燃	ran	火+然	583
yiyan	燅	xun	埶+炎	0
huozun	燇	jun	火+尊	1
huoding	灯	deng	火+丁	4376
huotun	炖	dun	火+屯	840
yanmu	燊	shen	焱+木	49
huohuohuomu	燊	shen	火+火+火+木	49
huojiao	燋	qiao	火+焦	3
huoliao	燎	liao	火+尞	82
huoyu	燏	yu	火+矞	5
huofan	燔	fan	火+番	12
nianbeikouhuo	燕	yan	廿+北+口+火	2261
tanghuo	烫	tang	汤+火	1200
huohuohuohuo	燚	yi	火+火+火+火	18
jionghuo	燛	jiong	臦+火	1
huomen	焖	men	火+闷	238
huopinmu	燥	zao	火+品+木	488
huozao	燥	zao	火+喿	488
huoshan	灿	can	火+山	468
huosui	燧	sui	火+遂	28
jiutushu	毀	hui	臼+土+殳	12
huochong	烛	zhu	火+虫	260
huoyanhuoyou	燮	xie	火+言+火+又	114
huoyi	燱	yi	火+意	1
huohui	烩	hui	火+会	89
huoxu	燸	ruan	火+需	0
shishihuo	燹	xian	豕+豕+火	4
huoxun	燻	xun	火+熏	1
huojin	烬	jin	火+尽	35
huoshou	燽	chou	火+壽	1
shouhuo	焘	tao	寿+火	45
huozhai	燿	yao	火+翟	3
huohe	爀	he	火+赫	36
huomo	爅	mo	火+墨	0
huobao	爆	bao	火+暴	4354
huopao	爊	ao	火+麃	0
huole	烁	shuo	火+乐	92
huohu	炉	lu	火+户	982
huoxi	爔	xi	火+羲	1
huoxiang	爙	rang	火+襄	0
huohuoyue	爚	yue	火+火+龠	2
huolan	烂	lan	火+兰	5013
huojue	爝	jue	火+爵	2
huochong	爞	tong	火+蟲	2
huochongchongchong	爞	tong	火+虫+虫+虫	2
huohuan	爟	guan	火+雚	1
mihuo	爢	mi	靡+火	1
zhuaba	爬	pa	爪+巴	3501
daoyu	争	zheng	刀+聿	2564
daoxuejue	争	zheng	刀+彐+亅	2564
zhuayiyou	爰	yuan	爪+一+友	37
zhuayuzhengzheng	爵	jue	爪+聿+爭+爭	299
bayi	父	fu	八+乂	1755
fuba	爸	ba	父+巴	3625
fuduo	爹	die	父+多	1498
fudan	爷	ye	父+卩	1348
yiyi	爻	yao	乂+乂	198
yaoqie	爼	zu	爻+且	4
dayaoyao	爽	shuang	大+爻+爻	10536
dayiyiyiyi	爽	shuang	大+乂+乂+乂+乂	10536
daoxiao	尔	er	刀+小	2729
eyieyipie	爿	pan	丨+一+丨+一+丿	29
panke	牁	ke	爿+可	5
panyang	牂	zang	爿+羊	5
pianfan	版	ban	片+反	17087
pianban	牉	pan	片+半	13
pianzhao	牊	chao	片+召	32
pianbei	牌	pai	片+卑	5771
pianshu	牏	yu	片+俞	20
pianpang	牓	pan	片+旁	5
pianhufu	牖	you	片+戶+甫	18
pianmai	牍	du	片+卖	21
shangya	牚	cheng	尚+牙	3
pieyishi	牛	niu	丿+一+十	13739
niubi	牝	pin	牛+匕	31
niuli	牞	le	牛+力	21
siniu	牟	mou	厶+牛	214
niuye	牠	ta	牛+也	90
niutu	牡	mu	牛+土	91
baoniu	牢	lao	宀+牛	811
niuren	牣	ren	牛+刃	2
niupo	牧	mu	牛+攴	720
niuwu	物	wu	牛+勿	5615
niuniu	牪	yan	牛+牛	1
dainiu	牮	jian	代+牛	8
niugu	牯	gu	牛+古	22
niuyou	牰	you	牛+由	2
niusheng	牲	sheng	牛+生	64
niumu	牳	mu	牛+母	2
niudi	牴	di	牛+氐	3
niuquan	牷	quan	牛+全	5
niuzi	牸	zi	牛+字	6
niusi	特	te	牛+寺	9524
niupang	牻	mang	牛+尨	2
niuwu	牾	wu	牛+吾	2
niugao	牿	gu	牛+告	3
shiereerniu	犀	xi	尸+二+丨+二+牛	119
liniu	犁	li	利+牛	217
hepiedaoniu	犂	li	禾+丿+刀+牛	2
niuqi	犄	ji	牛+奇	3
niuzhi	犆	zhi	牛+直	1
niuniuniu	犇	ben	牛+牛+牛	22
niujuan	犈	quan	牛+卷	0
niuxiang	犉	chun	牛+享	1
niuju	犋	ju	牛+具	1
niujian	犍	jian	牛+建	16
fengniu	犎	feng	封+牛	1
niubian	犏	pian	牛+扁	4
niuke	犐	ke	牛+科	1
niuju	犑	ju	牛+狊	1
niugao	犒	kao	牛+高	9
niuchu	犓	chu	牛+芻	1
niurencaochangyong	犕	bei	牛+人+草+厂+用	0
niujingchangyong	犕	bei	牛+井+厂+用	0
niuhai	犗	jie	牛+害	1
maniu	犘	ma	麻+牛	2
weiniu	犚	wei	尉+牛	1
weipochangniu	犛	mao	未+攴+厂+牛	2
weifanchangniu	犛	mao	未+攵+厂+牛	2
niutong	犝	tong	牛+童	1
qiangniu	犟	jiang	强+牛	98
niumai	犊	du	牛+卖	91
niupao	犥	piao	牛+麃	0
niubao	犦	bo	牛+暴	1
niuxi	牺	xi	牛+西	22
chouniu	犨	chou	雔+牛	2
zhuizhuiniu	犨	chou	隹+隹+牛	2
weiniu	犩	wei	魏+牛	1
niukui	犪	rao	牛+夔	2
dadian	犬	quan	大+丶	1481
dianjuepie	犭	quan	丶+亅+丿	47
yipiedianyou	犮	ba	一+丿+丶+又	3
yipiedianyi	犮	ba	一+丿+丶+乂	3
quandan	犯	fan	犬+卩	2350
quanjiu	犰	qiu	犬+九	10
quanwan	犱	ji	犬+丸	11
quancai	犲	chai	犬+才	20
quangan	犴	han	犬+干	4
quanqi	犵	he	犬+乞	27
quankang	犺	kang	犬+亢	8
quanya	犽	ya	犬+牙	5
quanquan	犾	yin	犬+犬	6
quanbian	犿	huan	犬+卞	1
panquan	状	zhuang	丬+犬	3181
quanyun	狁	yun	犬+允	4
quanwang	狂	kuang	犬+王	4205
quanchou	狃	niu	犬+丑	7
quanhuo	狄	di	犬+火	530
quanren	狅	kuang	犬+壬	3
quanzhong	狆	zhong	犬+中	5
quanpi	狉	pi	犬+丕	0
muquan	狊	ju	目+犬	1
quanshi	狋	yi	犬+示	1
quansheng	狌	xing	犬+生	4
quanbao	狍	pao	犬+包	12
quanjia	狎	xia	犬+甲	35
quangua	狐	hu	犬+瓜	617
quanling	狑	ling	犬+令	0
quanfu	狒	fei	犬+弗	14
quanni	狔	ni	犬+尼	1
quanxue	狖	you	犬+穴	5
quanju	狗	gou	犬+句	10200
quanyue	狘	xue	犬+戉	0
quanqie	狙	ju	犬+且	96
quandan	狚	dan	犬+旦	1
quanbai	狛	bo	犬+白	2
quangu	狜	ku	犬+古	0
quangen	狟	xuan	犬+亘	3
quangen	狠	hen	犬+艮	3506
quanjiao	狡	jiao	犬+交	55
quange	狢	mo	犬+各	1
quanzhao	狣	zhao	犬+兆	0
quanji	狤	jie	犬+吉	1
quanceyi	狦	shan	犬+冊+一	0
quanrong	狨	rong	犬+戎	5
quanshou	狩	shou	犬+守	58
quantong	狪	tong	犬+同	1
quanlao	狫	lao	犬+老	0
quanyu	狳	yu	犬+余	9
quanbitu	狴	bi	犬+比+土	2
quanxi	狶	xi	犬+希	2
quanyuan	狷	juan	犬+肙	28
quanli	狸	li	犬+里	117
quanjia	狭	xia	犬+夹	135
quanyan	狺	yin	犬+言	7
quanqun	狻	suan	犬+夋	6
quanliang	狼	lang	犬+良	4237
quanbei	狈	bei	犬+贝	23
quanzhe	狾	zhi	犬+折	0
quanyan	狿	yan	犬+延	0
quansha	猀	sha	犬+沙	23
quanli	猁	li	犬+利	8
quanhu	猇	xiao	犬+虎	5
quanbei	猈	pi	犬+卑	0
quaner	猊	ni	犬+兒	12
quanquanquan	猋	biao	犬+犬+犬	1
quanjian	猏	jian	犬+肩	0
quankun	猑	kun	犬+昆	0
maoquan	猒	yan	冐+犬	1
rirouquan	猒	yan	日+肉+犬	1
riyuequan	猒	yan	日+月+犬	1
quanguo	猓	luo	犬+果	6
quanchang	猖	chang	犬+昌	18
quanqi	猗	yi	犬+奇	26
quanzhi	猘	zhi	犬+制	1
quanzheng	狰	zheng	犬+争	9
quanmeng	猛	meng	犬+孟	4138
quanqing	猜	cai	犬+青	3859
quanzu	猝	cu	犬+卒	37
quanshe	猞	she	犬+舍	1
quanhu	猢	hu	犬+胡	4
quanxiongbaxi	猣	zong	犬+凶+八+夕	0
quanxiongbadong	猣	zong	犬+凶+八+夂	0
quangui	猤	gui	犬+癸	0
quanwei	猥	wei	犬+畏	31
quanxing	猩	xing	犬+星	40
quantuan	猭	shan	犬+彖	1
quanzhuan	猯	tuan	犬+耑	1
quanqi	猰	ya	犬+契	5
quanrou	猱	nao	犬+柔	11
quange	猲	xie	犬+葛	1
quanhou	猴	hou	犬+侯	904
quanbian	猵	pian	犬+扁	1
quanyou	犹	you	犬+尤	800
qiuquan	猷	you	酋+犬	58
quanmei	猸	mei	犬+眉	2
quancha	猹	cha	犬+查	4
quansun	狲	sun	犬+孙	5
quanpo	猼	po	犬+尃	0
quangu	猾	hua	犬+骨	19
quanyuan	猿	yuan	犬+袁	213
quansou	獀	sou	犬+叟	0
quanma	犸	ma	犬+马	4
quanyuan	獂	yuan	犬+原	1
quanyanquan	狱	yu	犬+言+犬	262
quanshi	狮	shi	犬+师	501
quanqin	獉	zhen	犬+秦	4
quanman	獌	man	犬+曼	1
quanjing	獍	jing	犬+竟	5
quanzhang	獐	zhang	犬+章	22
aoquan	獒	ao	敖+犬	136
quanjue	獗	jue	犬+厥	7
biquan	獘	bi	敝+犬	1
quanbi	獙	bi	犬+敝	2
quanhuang	獚	huang	犬+黄	1
quanyu	獝	yu	犬+矞	1
quantong	獞	zhuang	犬+童	1
quanliao	獠	liao	犬+尞	23
quanxi	獡	xi	犬+舄	1
quanjiao	獥	jiao	犬+敫	3
quange	獦	ge	犬+葛	3
quanchong	独	du	犬+虫	2124
quanhui	狯	kuai	犬+会	3
quanqian	猃	xian	犬+佥	1
quanjie	獬	xie	犬+解	12
quanxun	獯	xun	犬+熏	7
quanning	狞	ning	犬+宁	24
caoquanquan	获	huo	草+犬+犬	3801
quanxu	獳	ru	犬+需	1
quanxi	猎	lie	犬+昔	377
quanguang	犷	guang	犬+广	13
quanlai	獭	ta	犬+赖	25
nanquan	献	xian	南+犬	966
quanmi	猕	mi	犭+弥	3
quanxiang	獽	rang	犬+襄	1
quannao	獿	nao	犬+夒	0
quanluo	猡	luo	犬+罗	15
quanjue	玃	jue	犬+矍	1
wenyao	玄	xuan	亠+幺	1613
xuanshao	玅	yao	玄+少	1
xuanxuan	玆	zi	玄+玄	2
xuanbingdiandianshi	率	lv	玄+冰+丶+丶+十	6211
xuanpieyishi	玈	lu	玄+丿+一+氏	0
wangdian	玉	yu	王+丶	5643
wangdian	玊	su	王+丶	1
yitu	王	wang	一+土	20625
yiyieyi	王	wang	一+一+丨+一	20625
ershi	王	wang	二+十	20625
sane	王	wang	三+丨	20625
yuding	玎	ding	玉+丁	25
wangding	玎	ding	王+丁	25
yugong	玒	hong	玉+工	1
wanggong	玒	hong	王+工	1
yushao	玓	di	玉+勺	2
wangshao	玓	di	王+勺	2
yuchuan	玔	chuan	玉+川	1
wangchuan	玔	chuan	王+川	1
yugan	玕	gan	玉+干	5
wanggan	玕	gan	王+干	5
yujiu	玖	jiu	玉+久	331
wangjiu	玖	jiu	王+久	331
yuyu	玗	yu	玉+于	2
wangyu	玗	yu	王+于	2
yuji	玘	qi	玉+己	5
wangji	玘	qi	王+己	5
yuwu	玝	wu	玉+午	1
wangwu	玝	wu	王+午	1
yuwen	玟	wen	玉+文	58
wangwen	玟	wen	王+文	58
yujie	玠	jie	玉+介	22
wangjie	玠	jie	王+介	22
yuya	玡	ya	玉+牙	8
wangya	玡	ya	王+牙	8
yufen	玢	bin	玉+分	15
wangfen	玢	bin	王+分	15
yufeng	玤	bang	玉+丰	0
wangfeng	玤	bang	王+丰	0
yuyue	玥	yue	玉+月	159
wangyue	玥	yue	王+月	159
yuguai	玦	jue	玉+夬	18
wangguai	玦	jue	王+夬	18
yuyun	玧	yun	玉+允	1
wangyun	玧	yun	王+允	1
yuwang	玨	jue	玉+王	1
wangwang	玨	jue	王+王	1
yuyuan	玩	wan	玉+元	67131
wangyuan	玩	wan	王+元	67131
yupo	玫	mei	玉+攴	366
wangfan	玫	mei	王+攵	366
yudan	玬	dan	玉+丹	2
wangdan	玬	dan	王+丹	2
yubi	玭	pin	玉+比	2
wangbi	玭	pin	王+比	2
yuling	玲	ling	玉+令	1689
wangling	玲	ling	王+令	1689
yudai	玳	dai	玉+代	32
wangdai	玳	dai	王+代	32
yushi	玴	yi	玉+世	0
wangshi	玴	yi	王+世	0
yugan	玵	gan	玉+甘	1
wanggan	玵	gan	王+甘	1
yuping	玶	ping	玉+平	2
wangping	玶	ping	王+平	2
yuzhan	玷	dian	玉+占	26
wangzhan	玷	dian	王+占	26
yubao	玸	fu	玉+包	0
wangbao	玸	fu	王+包	0
yuxuan	玹	xuan	玉+玄	11
wangxuan	玹	xuan	王+玄	11
yupi	玻	bo	玉+皮	183
wangpi	玻	bo	王+皮	183
yuci	玼	cou	玉+此	1
wangci	玼	cou	王+此	1
yuju	玽	gou	玉+句	0
wangju	玽	gou	王+句	0
yujia	玾	jia	玉+甲	0
wangjia	玾	jia	王+甲	0
yuzhao	玿	shao	玉+召	1
wangzhao	玿	shao	王+召	1
yubai	珀	po	玉+白	128
wangbai	珀	po	王+白	128
yuke	珂	ke	玉+可	279
wangke	珂	ke	王+可	279
yuran	珃	ran	玉+冉	0
wangran	珃	ran	王+冉	0
yushen	珅	shen	玉+申	92
wangshen	珅	shen	王+申	92
yutai	珆	yi	玉+台	1
wangtai	珆	yi	王+台	1
yuqie	珇	zu	玉+且	1
wangqie	珇	zu	王+且	1
yujia	珈	jia	玉+加	103
wangjia	珈	jia	王+加	103
yumin	珉	min	玉+民	158
wangmin	珉	min	王+民	158
yumao	珋	liu	玉+卯	5
wangmao	珋	liu	王+卯	5
yubi	珌	bi	玉+必	1
wangbi	珌	bi	王+必	1
yurensan	珍	zhen	玉+人+彡	1371
wangrensan	珍	zhen	王+人+彡	1371
yumi	珎	zhen	玉+尓	1
wangmi	珎	zhen	王+尓	1
yuyu	珏	jue	玉+玉	198
wangyu	珏	jue	王+玉	198
yuyu	珒	jin	玉+聿	1
wangyu	珒	jin	王+聿	1
yujiao	珓	jiao	玉+交	2
wangjiao	珓	jiao	王+交	2
yucun	珔	jian	玉+存	1
wangcun	珔	jian	王+存	1
yuguang	珖	guang	玉+光	2
wangguang	珖	guang	王+光	2
yuxian	珗	xian	玉+先	1
wangxian	珗	xian	王+先	1
yuzhou	珘	zhou	玉+舟	1
wangzhou	珘	zhou	王+舟	1
yugong	珙	gong	玉+共	16
wanggong	珙	gong	王+共	16
yuyin	珚	yan	玉+因	1
wangyin	珚	yan	王+因	1
yuyou	珛	xiu	玉+有	5
wangyou	珛	xiu	王+有	5
yuyang	珜	yang	玉+羊	1
wangyang	珜	yang	王+羊	1
yuyu	珝	xu	玉+羽	1
wangyu	珝	xu	王+羽	1
yuge	珞	luo	玉+各	92
wangge	珞	luo	王+各	92
yuzhu	珠	zhu	玉+朱	1777
wangzhu	珠	zhu	王+朱	1777
yuxun	珣	xun	玉+旬	25
wangxun	珣	xun	王+旬	25
yufou	珤	bao	玉+缶	1
wangfou	珤	bao	王+缶	1
yuer	珥	er	玉+耳	36
wanger	珥	er	王+耳	36
yuxiang	珦	xiang	玉+向	4
wangxiang	珦	xiang	王+向	4
yuzhao	珧	yao	玉+兆	8
wangzhao	珧	yao	王+兆	8
yuhe	珨	xia	玉+合	4
wanghe	珨	xia	王+合	4
yuxing	珩	heng	玉+行	69
wangxing	珩	heng	王+行	69
yugui	珪	gui	玉+圭	47
wanggui	珪	gui	王+圭	47
yuchong	珫	chong	玉+充	1
wangchong	珫	chong	王+充	1
wangdaowang	班	ban	王+刂+王	11860
yudaowang	班	ban	玉+刂+王	11860
yuwo	珴	e	玉+我	4
wangwo	珴	e	王+我	4
yucheng	珵	ting	玉+呈	2
wangcheng	珵	ting	王+呈	2
yudi	珶	ti	玉+弟	2
wangdi	珶	ti	王+弟	2
yuwu	珷	wu	玉+武	5
wangwu	珷	wu	王+武	5
yuwu	珸	wu	玉+吾	0
wangwu	珸	wu	王+吾	0
yucheng	珹	cheng	玉+成	3
wangcheng	珹	cheng	王+成	3
yujun	珺	jun	玉+君	108
wangjun	珺	jun	王+君	108
yuting	珽	ting	玉+廷	5
wangting	珽	ting	王+廷	5
yujian	现	xian	玉+见	7027
wangjian	现	xian	王+见	7027
yuzu	珿	chu	玉+足	1
wangzu	珿	chu	王+足	1
yuhan	琀	han	玉+含	63
wanghan	琀	han	王+含	63
yupieyishu	琁	xuan	玉+丿+一+疋	1
wangpieyishu	琁	xuan	王+丿+一+疋	1
yuqiu	球	qiu	玉+求	8740
wangqiu	球	qiu	王+求	8740
yuyuan	琄	xuan	玉+肙	1
wangyuan	琄	xuan	王+肙	1
yuli	理	li	玉+里	7822
wangli	理	li	王+里	7822
yuxiu	琇	xiu	玉+秀	45
wangxiu	琇	xiu	王+秀	45
yufu	琈	fu	玉+孚	1
wangfu	琈	fu	王+孚	1
yuwensichuan	琉	liu	玉+亠+厶+川	105
wangwensichuan	琉	liu	王+亠+厶+川	105
wanghuang	琉	liu	王+巟	105
yuxie	琊	ya	玉+邪	11
wangxie	琊	ya	王+邪	11
yuxi	琋	xi	玉+希	1
wangxi	琋	xi	王+希	1
yucen	琌	ling	玉+岑	1
wangcen	琌	ling	王+岑	1
yuli	琍	li	玉+利	36
wangli	琍	li	王+利	36
yuwan	琓	wan	玉+完	2
wangwan	琓	wan	王+完	2
yuju	琚	ju	玉+居	29
wangju	琚	ju	王+居	29
yumin	琝	min	玉+旻	1
wangmin	琝	min	王+旻	1
yudian	琠	tian	玉+典	1
wangdian	琠	tian	王+典	1
yushu	琡	chu	玉+叔	0
wangshu	琡	chu	王+叔	0
yuchu	琢	zuo	玉+豖	100
wangchu	琢	zuo	王+豖	100
yuzheng	琤	cheng	玉+爭	9
wangzheng	琤	cheng	王+爭	9
yuhu	琥	hu	玉+虎	44
wanghu	琥	hu	王+虎	44
yuqi	琦	qi	玉+奇	636
wangqi	琦	qi	王+奇	636
yukun	琨	kun	玉+昆	142
wangkun	琨	kun	王+昆	142
yuchang	琩	chang	玉+昌	1
wangchang	琩	chang	王+昌	1
yuqi	琪	qi	玉+其	911
wangqi	琪	qi	王+其	911
yufeng	琫	beng	玉+奉	1
wangfeng	琫	beng	王+奉	1
yuwan	琬	wan	玉+宛	61
wangwan	琬	wan	王+宛	61
yulu	琭	lu	玉+彔	2
wanglu	琭	lu	王+彔	2
yuzong	琮	cong	玉+宗	59
wangzong	琮	cong	王+宗	59
yuguan	琯	guan	玉+官	20
wangguan	琯	guan	王+官	20
yuyan	琰	yan	玉+炎	126
wangyan	琰	yan	王+炎	126
yuzhou	琱	diao	玉+周	2
wangzhou	琱	diao	王+周	2
yufei	琲	bei	玉+非	3
wangfei	琲	bei	王+非	3
yulin	琳	lin	玉+林	1647
wanglin	琳	lin	王+林	1647
yuyujin	琴	qin	玉+玉+今	2722
wangwangjin	琴	qin	王+王+今	2722
yubi	琵	pi	玉+比	22
wangbi	琵	pi	王+比	22
yuba	琶	pa	玉+巴	45
wangba	琶	pa	王+巴	45
yuzhuo	琸	zhuo	玉+卓	1
wangzhuo	琸	zhuo	王+卓	1
yufafa	珐	fa	玉+法+琺	31
wangfafa	珐	fa	王+法+琺	31
yujun	珲	hui	玉+军	25
wangjun	珲	hui	王+军	25
yuyu	瑀	yu	玉+禹	30
wangyu	瑀	yu	王+禹	30
yumao	瑁	mao	玉+冒	24
wangmao	瑁	mao	王+冒	24
yumei	瑂	mei	玉+眉	1
wangmei	瑂	mei	王+眉	1
yuxuan	瑄	xuan	玉+宣	54
wangxuan	瑄	xuan	王+宣	54
yuxing	瑆	xing	玉+星	2
wangxing	瑆	xing	王+星	2
yuxian	瑊	jian	玉+咸	5
wangxian	瑊	jian	王+咸	5
yuwei	玮	wei	玉+韦	412
wangwei	玮	wei	王+韦	412
yujie	瑎	xie	玉+皆	4
wangjie	瑎	xie	王+皆	4
yuchuan	瑏	chuan	玉+穿	1
wangchuan	瑏	chuan	王+穿	1
yuqian	瑐	jian	玉+前	1
wangqian	瑐	jian	王+前	1
yutuan	瑑	zhuan	玉+彖	2
wangtuan	瑑	zhuan	王+彖	2
yuquan	瑔	quan	玉+泉	1
wangquan	瑔	quan	王+泉	1
yuyuan	瑗	yuan	玉+爰	37
wangyuan	瑗	yuan	王+爰	37
yuchuanxin	瑙	nao	玉+巛+囟	55
wangchuanxin	瑙	nao	王+巛+囟	55
yuhu	瑚	hu	玉+胡	28
wanghu	瑚	hu	王+胡	28
yuying	瑛	ying	玉+英	364
wangying	瑛	ying	王+英	364
yushu	瑜	yu	玉+俞	539
wangshu	瑜	yu	王+俞	539
yuzhuan	瑞	rui	玉+耑	2391
wangzhuan	瑞	rui	王+耑	2391
yubi	瑟	se	玉+必	574
wangbi	瑟	se	王+必	574
yuliu	瑠	liu	玉+留	9
wangliu	瑠	liu	王+留	9
yurong	瑢	rong	玉+容	6
wangrong	瑢	rong	王+容	6
yuxiaobei	琐	suo	玉+小+贝	131
wangxiaobei	琐	suo	王+小+贝	131
yuzhuafou	瑶	yao	玉+爪+缶	672
yuqin	瑧	zhen	玉+秦	6
wangqin	瑧	zhen	王+秦	6
yujin	瑨	jin	玉+晉	29
wangjin	瑨	jin	王+晉	29
yuma	玛	ma	玉+马	1221
wangma	玛	ma	王+马	1221
yutang	瑭	tang	玉+唐	20
wangtang	瑭	tang	王+唐	20
yuli	瑮	li	玉+栗	3
wangli	瑮	li	王+栗	3
yuliang	琅	lang	玉+良	125
wangliang	琅	lang	王+良	125
yugui	瑰	gui	玉+鬼	85
wanggui	瑰	gui	王+鬼	85
yuzhen	瑱	zhen	玉+真	4
wangzhen	瑱	zhen	王+真	4
yucha	瑳	cuo	玉+差	2
wangcha	瑳	cuo	王+差	2
yuzao	瑵	zhao	玉+蚤	1
wangzao	瑵	zhao	王+蚤	1
yutu	瑹	tu	玉+荼	2
wangtu	瑹	tu	王+荼	2
yujin	瑾	jin	玉+堇	309
wangjin	瑾	jin	王+堇	309
yucui	璀	cui	玉+崔	48
wangcui	璀	cui	王+崔	48
yucong	璁	cong	玉+悤	46
wangcong	璁	cong	王+悤	46
yuji	璂	qi	玉+基	2
wangji	璂	qi	王+基	2
yuli	璃	li	玉+离	110
wangli	璃	li	王+离	110
yuchao	璅	zao	玉+巢	1
wangchao	璅	zao	王+巢	1
yulu	璆	qiu	玉+翏	3
wanglu	璆	qiu	王+翏	3
yuxuan	璇	xuan	玉+旋	354
wangxuan	璇	xuan	王+旋	354
yuao	璈	ao	玉+敖	15
wangao	璈	ao	王+敖	15
yulian	琏	lian	玉+连	67
wanglian	琏	lian	王+连	67
yuzhang	璋	zhang	玉+章	176
wangzhang	璋	zhang	王+章	176
yulu	璐	lu	玉+路	320
wanglu	璐	lu	王+路	320
yudeng	璒	deng	玉+登	0
wangdeng	璒	deng	王+登	0
yuceng	璔	zeng	玉+曾	2
wangceng	璔	zeng	王+曾	2
yuyu	璚	qiong	玉+矞	1
wangyu	璚	qiong	王+矞	1
yuhuang	璜	huang	玉+黄	67
wanghuang	璜	huang	王+黄	67
yujing	璟	jing	玉+景	106
wangjing	璟	jing	王+景	106
yufan	璠	fan	玉+番	20
wangfan	璠	fan	王+番	20
yuji	玑	ji	玉+几	32
wangji	玑	ji	王+几	32
yujing	璥	jing	玉+敬	0
wangjing	璥	jing	王+敬	0
yuai	瑷	ai	玉+爱	25
wangai	瑷	ai	王+爱	25
biyu	璧	bi	辟+玉	212
yucan	璨	can	玉+粲	57
wangcan	璨	can	王+粲	57
yuju	璩	qu	玉+豦	15
wangju	璩	qu	王+豦	15
yuzao	璪	zao	玉+喿	1
wangzao	璪	zao	王+喿	1
yudang	珰	dang	玉+当	3
wangdang	珰	dang	王+当	3
yubu	环	huan	玉+不	3091
wangbu	环	huan	王+不	3091
yuse	璱	se	玉+瑟	1
wangse	璱	se	王+瑟	1
yusui	璲	sui	玉+遂	1
wangsui	璲	sui	王+遂	1
yufu	璷	lu	玉+敷	1
wangfu	璷	lu	王+敷	1
yucui	璻	zui	玉+翠	1
wangcui	璻	zui	王+翠	1
eryu	玺	xi	尔+玉	183
yurui	璿	xuan	玉+睿	4
wangrui	璿	xuan	王+睿	4
yuxu	瓀	ruan	玉+需	1
wangxu	瓀	ruan	王+需	1
yulei	瓃	lei	玉+畾	1
wanglei	瓃	lei	王+畾	1
yujing	琼	qiong	玉+京	921
wangjing	琼	qiong	王+京	921
yulong	珑	long	玉+龙	119
wanglong	珑	long	王+龙	119
yuying	璎	ying	玉+婴	48
wangying	璎	ying	王+婴	48
yuxiang	瓖	xiang	玉+襄	3
wangxiang	瓖	xiang	王+襄	3
yuxi	瓗	wei	玉+巂	0
wangxi	瓗	wei	王+巂	0
yuhuan	瓘	guan	玉+雚	16
wanghuan	瓘	guan	王+雚	16
yuzan	瓒	zan	玉+赞	60
wangzan	瓒	zan	王+赞	60
yuxian	瓛	ye	玉+獻	3
wangxian	瓛	ye	王+獻	3
zhuayidian	瓜	gua	爪+一+丶	1641
guashao	瓝	bo	瓜+勺	1
guashi	瓞	die	瓜+失	4
guabao	瓟	pao	瓜+包	4
kuagua	瓠	hu	夸+瓜	22
xinggua	瓡	zhi	幸+瓜	1
piaogua	瓢	piao	票+瓜	185
xinguaxin	瓣	ban	辛+瓜+辛	404
xianggua	瓤	rang	襄+瓜	65
guashichongchong	瓥	li	瓜+豕+虫+虫	2
gongwa	瓨	xiang	工+瓦	7
fangwa	瓬	fang	方+瓦	1
gongwa	瓮	weng	公+瓦	119
lingwa	瓴	ling	令+瓦	17
taiwa	瓵	yi	台+瓦	0
bingwa	瓶	ping	并+瓦	2338
ciwa	瓷	ci	次+瓦	530
xiwa	瓻	chi	希+瓦	0
shangwa	瓽	dang	尚+瓦	0
weiwa	瓾	meng	委+瓦	0
chuiwa	甀	zhui	垂+瓦	11
bianwa	甂	bian	扁+瓦	1
qiuwa	甃	zhou	秋+瓦	3
yinwa	甄	zhen	垔+瓦	360
niewa	甈	qi	臬+瓦	0
quwa	瓯	ou	区+瓦	53
pengwa	甏	beng	彭+瓦	4
zengwa	甑	zeng	曽+瓦	36
cengwa	甑	zeng	曾+瓦	36
biwa	甓	pi	辟+瓦	9
zhanwa	甔	dan	詹+瓦	1
yongwa	甕	weng	雍+瓦	4
huliwa	甗	yan	虎+鬲+瓦	3
nianyi	甘	gan	廿+一	9371
ganyi	甙	dai	甘+弋	93
ganpi	甚	shen	甘+匹	2161
ganshe	甛	tian	甘+舌	2
shegan	甜	tian	舌+甘	2180
hugan	甝	han	虎+甘	0
shanggan	甞	chang	尚+甘	1
niuyi	生	sheng	牛+一	20268
piesane	生	sheng	丿+三+丨	20268
shengsheng	甡	shen	生+生	4
lipie	产	chan	立+丿	2648
shengnan	甥	sheng	生+男	22
gengsheng	甦	su	更+生	12
yuee	用	yong	月+丨	168186
jiongshiyi	用	yong	冂+十+一	168186
dianyong	甪	lu	丶+用	14
yidianyong	甫	fu	一+丶+用	636
buyong	甭	beng	不+用	252
wuyong	甮	feng	勿+用	0
weishi	田	tian	囗+十	4781
weishi	由	you	囗+十	46538
weishi	甲	jia	囗+十	3666
weishi	申	shen	囗+十	2151
tianli	男	nan	田+力	16792
baotian	甸	dian	勹+田	215
youkui	甹	ping	由+亏	0
tianding	町	ding	田+丁	142
tianding	甼	ding	田+丁	0
tianchuan	甽	zhun	田+川	2
chuantian	甾	zai	巛+田	28
tianwang	甿	meng	田+亡	2
tianji	畀	bi	田+丌	212
maotian	留	liu	卯+田	9584
musi	畆	mu	亩+厶	0
tianyun	畇	yun	田+匀	1
tianfan	畈	fan	田+反	42
tianfu	畉	fu	田+夫	0
tianjing	畊	geng	田+井	3
tianpo	畋	tian	田+攴	12
tianfan	畋	tian	田+攵	12
tianjie	界	jie	田+介	3961
tianjie	畍	jie	田+介	0
tianquan	畎	quan	田+犬	3
huotian	畑	tian	火+田	28
tianban	畔	pan	田+半	469
sidatian	畚	ben	厶+大+田	9
tianrensan	畛	zhen	田+人+彡	6
xuantian	畜	chu	玄+田	152
wentian	亩	mu	亠+田	1202
tianbadong	畟	ji	田+八+夂	0
bishi	毕	bi	比+十	1112
tiansi	畤	zhi	田+寺	8
tiange	略	lue	田+各	2038
tiangui	畦	qi	田+圭	113
tiantutu	畦	qi	田+土+土	113
tiange	畧	lue	田+各	1
biantian	番	fan	釆+田	976
caitian	番	fan	采+田	976
yutian	畬	yu	余+田	9
tianyu	畭	yu	田+余	0
tianqun	畯	jun	田+夋	4
yutian	畲	she	余+田	35
tianyi	畳	die	田+冝	0
tianqi	畸	ji	田+奇	87
tianwan	畹	wan	田+宛	23
yitianyitianyi	畺	jiang	一+田+一+田+一	3
santiantian	畺	jiang	三+田+田	3
tianzhong	畽	tun	田+重	1
tiantiantian	畾	lei	田+田+田	4
yaoyaogetian	畿	ji	幺+幺+戈+田	74
jitian	畿	ji	幾+田	74
zaiqie	疀	cha	甾+疌	1
tiantong	疃	tuan	田+童	28
gongtujiang	疆	jiang	弓+土+畺	295
tianshou	畴	chou	田+寿	354
leibaoji	疉	die	畾+宀+彑	0
yiyuburen	疌	qie	一+聿+卜+人	1
shushu	疎	shu	疋+束	3
shuwensichuan	疏	shu	疋+亠+厶+川	743
shuhuang	疏	shu	疋+巟	743
bingding	疔	ding	病+丁	9
bingbi	疕	bi	病+匕	1
binggong	疘	gang	病+工	0
bingqi	疙	ge	病+乞	46
bingjiu	疚	jiu	病+久	30
bingshan	疝	shan	病+山	124
binghuo	疢	chen	病+火	2
bingyou	疣	you	病+尤	134
bingba	疤	ba	病+巴	250
bingjie	疥	jie	病+介	19
bingshi	疧	qi	病+氏	1
bingbi	疪	bi	病+必	3
bingshu	疫	yi	病+殳	148
bingzhu	疰	zhu	病+主	6
bingbao	疱	pao	病+包	71
bingpi	疲	pi	病+皮	175
binggan	疳	gan	病+甘	15
bingke	疴	ke	病+可	8
bingci	疵	ci	病+此	53
bingshi	疶	xue	病+世	0
bingdan	疸	dan	病+旦	7
bingrensan	疹	zhen	病+人+彡	124
bingfa	疺	fa	病+乏	0
bingzhi	疻	zhi	病+只	1
bingdong	疼	teng	病+冬	4306
bingqie	疽	ju	病+且	26
bingshi	疾	ji	病+矢	647
bingfu	疿	fei	病+弗	0
bingju	痀	ju	病+句	1
bingzhan	痁	shan	病+占	1
bingjia	痂	jia	病+加	110
bingxuan	痃	xuan	病+玄	3
bingzha	痄	zha	病+乍	8
bingbing	病	bing	病+丙	8090
bingzheng	症	zheng	病+正	2079
bingquan	痊	quan	病+全	14
bingchong	痋	teng	病+虫	9
bingtong	痌	tong	病+同	3
bingyi	痍	yi	病+夷	10
binghai	痎	jie	病+亥	1
bingyou	痏	wei	病+有	2
binghui	痐	hui	病+回	1
bingduo	痑	duo	病+多	1
bingsi	痔	zhi	病+寺	170
binggen	痕	hen	病+艮	777
bingmei	痗	mei	病+每	1
bingdou	痘	dou	病+豆	277
bingsheng	痉	jing	病+圣	30
bingxiao	痚	xiao	病+孝	0
bingyong	痛	tong	病+甬	6235
bingpang	痝	mang	病+尨	0
bingfou	痞	pi	病+否	152
bingxiao	痟	xiao	病+肖	1
bingqun	痠	suan	病+夋	1
bingfu	痡	pu	病+甫	1
bingli	痢	li	病+利	69
bingzhi	痣	zhi	病+志	379
bingzuo	痤	cuo	病+坐	34
bingwu	痦	wu	病+吾	12
bingsha	痧	sha	病+沙	68
bingshenyou	痩	shou	病+申+又	18
bingpeng	痭	peng	病+朋	1
bingguan	痯	guan	病+官	0
bingyan	痰	tan	病+炎	620
bingfei	痱	fei	病+非	24
guanglin	麻	ma	广+林	2635
binglin	痳	ma	病+林	1
bingji	痵	ji	病+季	1
bingdian	痶	tian	病+典	0
bingyan	痷	ye	病+奄	1
bingzhi	痸	chi	病+制	1
bingbi	痹	bi	病+畀	113
bingbei	痺	bi	病+卑	2
binghun	痻	min	病+昏	0
binggu	痼	gu	病+固	17
bingzhui	痽	dui	病+隹	1
binga	痾	ke	病+阿	3
bingwei	痿	wei	病+委	57
bingyu	瘀	yu	病+於	169
bingzu	瘁	cui	病+卒	17
bingya	痖	ya	病+亚	11
bingchu	瘃	zhu	病+豖	13
bingqi	瘈	zhi	病+契	3
bingshu	瘉	yu	病+俞	3
binghou	瘊	hou	病+侯	5
bingfeng	疯	feng	病+风	3471
bingla	瘌	la	病+剌	8
binggongpiepie	疡	yang	病+弓+丿+丿	25
bingzhe	瘏	tu	病+者	1
bingyu	瘐	yu	病+臾	6
binghuan	痪	huan	病+奂	22
bingku	瘔	ku	病+苦	2
bingyin	瘖	yin	病+音	3
bingzao	瘙	sao	病+蚤	21
bingjia	瘛	chi	病+恝	7
bingxi	瘜	xi	病+息	4
bingzuo	瘞	yi	病+座	1
bingji	瘠	ji	病+脊	18
bingcang	疮	chuang	病+仓	225
bingban	瘢	ban	病+般	13
binggui	瘣	lei	病+鬼	0
bingliu	瘤	liu	病+留	843
bingcha	瘥	chai	病+差	4
bingsou	瘦	shou	病+叟	3488
bingxiyi	疟	nue	病+匸+一	48
bingzhen	瘨	dian	病+真	3
bingta	瘩	da	病+荅	14
bingpiao	瘭	biao	病+票	1
bingzu	瘯	cu	病+族	5
binglei	瘰	luo	病+累	10
bingjia	瘗	yi	病+夹	15
binglu	瘳	chou	病+翏	8
bingzhang	瘴	zhang	病+章	33
bingji	瘵	zhai	病+祭	4
bingjiarou	瘸	que	病+加+肉	154
binglou	瘘	lou	病+娄	116
bingmo	瘼	mo	病+莫	2
bingjin	瘽	qin	病+堇	9
binghuang	癀	huang	病+黄	4
bingle	疗	liao	病+了	318
binglong	癃	long	病+隆	5
binglao	痨	lao	病+劳	65
bingxian	痫	xian	病+闲	35
bingdan	瘅	dan	病+单	3
bingpinshan	癌	ai	病+品+山	853
bingban	癍	ban	病+斑	12
bingwei	癓	wei	病+微	1
bingyi	癔	yi	病+意	8
bingbi	癖	pi	病+辟	199
binglei	癗	lei	病+雷	1
bingwan	疠	li	病+万	9
bingshu	癙	shu	病+鼠	1
bingzhan	癚	dan	病+詹	1
bingdian	癜	dian	病+殿	33
bingzilun	瘪	bie	病+自+仑	165
bingzhi	痴	chi	病+知	579
bingyang	痒	yang	病+羊	1000
bingjie	疖	jie	病+节	22
bingzhi	癥	zheng	病+徵	5
bingli	疬	li	病+历	15
binghuo	癨	huo	病+霍	1
binglai	癞	lai	病+赖	48
bingxian	癣	xuan	病+鲜	127
bingying	瘿	ying	病+婴	26
bingyin	瘾	yin	病+隐	533
bingqu	癯	qu	病+瞿	3
bingyong	痈	yong	病+用	50
bingnan	瘫	tan	病+难	170
bingdian	癫	dian	病+颠	166
botian	癸	gui	癶+天	112
boshu	癹	ba	癶+殳	2
pieyoudian	发	fa	丿+友+丶	69515
pieyipieyoudian	发	fa	丿+一+丿+又+丶	69515
bodou	登	deng	癶+豆	3026
pieri	白	bai	丿+日	15236
dianri	白	bai	丶+日	15236
yibai	百	bai	一+白	4588
baiyi	癿	qie	白+乙	1
baibi	皀	ji	白+匕	1
baishi	皁	zao	白+十	3
baiqi	皂	zao	白+七	261
baier	皃	mao	白+儿	1
baishao	的	de	白+勺	4828294
bibai	皆	jie	比+白	2725
baiwang	皇	huang	白+王	1199
baifan	皈	gui	白+反	15
baici	皉	ci	白+此	0
bailing	皊	ling	白+令	1
baitao	皋	gao	白+夲	124
baidashi	皋	gao	白+大+十	124
baiben	皋	gao	白+本	124
baijiao	皎	jiao	白+交	64
baibing	皏	peng	白+并	0
baiershier	皐	gao	白+二+十+二	3
baiwo	皒	e	白+我	26
baigao	皓	hao	白+告	452
baibai	皕	bi	百+百	2
baiwan	皖	wan	白+完	286
xibai	皙	xi	析+白	41
baiqi	皑	ai	白+岂	44
baibaibai	皛	xiao	白+白+白	4
baigao	皜	hao	白+高	6
huangguang	皝	huang	皇+光	4
baigao	皞	hao	白+皋	5
baifan	皤	po	白+番	35
baijiao	皦	jiao	白+敫	3
baipao	皫	piao	白+麃	1
baijue	皭	jiao	白+爵	1
piezhi	皮	pi	丿+支	5013
pigan	皯	gan	皮+干	10
pibao	皰	pao	皮+包	1
qunpi	皴	cun	夋+皮	31
xipi	皵	que	昔+皮	9
shidoupi	皷	gu	十+豆+皮	1
junpi	皲	jun	军+皮	3
pijun	皲	jun	皮+军	3
chupi	皱	zhou	刍+皮	534
danpi	皽	zhao	亶+皮	3
ceyi	皿	min	冊+一	73
yumin	盂	yu	于+皿	55
diaomin	盄	zhao	弔+皿	1
zhongmin	盅	zhong	中+皿	165
fenmin	盆	pen	分+皿	1202
naiyoumin	盈	ying	乃+又+皿	994
yingmin	盈	ying	夃+皿	994
hemin	盉	he	禾+皿	3
qumin	盍	he	去+皿	13
yangmin	盎	ang	央+皿	45
hemin	盒	he	合+皿	2054
wumin	盓	yu	汙+皿	1
huimin	盔	kui	灰+皿	209
qiumin	盚	qiu	求+皿	0
chengmin	盛	sheng	成+皿	2773
cimin	盗	dao	次+皿	1668
lumin	盝	lu	彔+皿	2
jianmin	盏	zhan	戋+皿	292
mingmin	盟	meng	明+皿	1166
eepieyidianmin	监	jian	丨+丨+丿+一+丶+皿	724
zhoumin	盘	pan	舟+皿	10536
jiushuimin	盥	guan	臼+水+皿	7
jinyoumin	盦	an	今+酉+皿	6
bushi	卢	lu	卜+尸	2059
xingfanmin	盩	zhou	幸+攵+皿	3
caotang	荡	dang	草+汤	682
chenpieyigumin	盬	gu	臣+丿+一+古+皿	2
yaoxingpomin	盭	li	幺+幸+攴+皿	1
yaoxingfanmin	盭	li	幺+幸+攵+皿	1
weier	目	mu	囗+二	1983
muding	盯	ding	目+丁	842
mugan	盰	gan	目+干	0
muyu	盱	xu	目+于	20
muwang	盲	mang	目+亡	662
muwang	盳	wang	目+亡	1
shimueyi	直	zhi	十+目+丨+一	5038
muqi	盵	qi	目+乞	2
mushao	盷	xian	目+勺	1
mumu	相	xiang	木+目	12374
mutun	盹	dun	目+屯	72
mujin	盺	xin	目+斤	1
muxi	盻	xi	目+兮	3
mufen	盼	pan	目+分	1100
changshimu	盾	dun	厂+十+目	1496
shaomu	省	sheng	少+目	13586
muyun	眃	yun	目+云	0
mumian	眄	mian	目+丏	25
mufan	眅	pan	目+反	1
mushao	眇	miao	目+少	22
muyou	眈	dan	目+冘	13
shidianmu	眉	mei	尸+丶+目	1214
mumao	眊	mao	目+毛	2
shoumu	看	kan	手+目	245039
mueyixiao	県	xian	目+丨+一+小	12
muzheng	眐	zheng	目+正	1
muyou	眑	yao	目+幼	0
mushen	眒	shen	目+申	1
muyue	眓	huo	目+戉	0
murensan	眕	zhen	目+人+彡	2
mutai	眙	yi	目+台	4
shengmu	眚	sheng	生+目	11
muwei	眛	mei	目+未	3
muning	眝	zhu	目+宁	0
bimueyiba	眞	zhen	匕+目+丨+一+八	47
shimuyiba	真	zhen	十+目+一+八	65153
zhiba	真	zhen	直+八	65153
mumin	眠	mian	目+民	545
yuanmu	眢	yuan	夗+目	5
mushi	眣	die	目+失	0
muni	眤	ni	目+尼	1
cimu	眥	zi	此+目	1
muci	眦	zi	目+此	34
muzhao	眧	chao	目+召	1
mufa	眨	zha	目+乏	340
muxuan	眩	xuan	目+玄	130
mugui	眭	sui	目+圭	20
muyi	眱	di	目+夷	0
muer	眲	ne	目+耳	2
muming	眳	ming	目+名	2
muxun	眴	xun	目+旬	2
muduo	眵	chi	目+多	2
mukuang	眶	kuang	目+匡	68
mumou	眸	mou	目+牟	294
muguan	眹	zhen	目+关	2
muzhao	眺	tiao	目+兆	430
muyang	眻	yang	目+羊	1
mugen	眼	yan	目+艮	6142
muchangshi	眽	mo	目+厂+氏	3
renrenren	众	zhong	人+人+人	3095
muqun	睃	suo	目+夋	6
muxiao	睄	xiao	目+肖	3
muhan	睅	han	目+旱	1
muwan	睆	huan	目+完	2
mudi	睇	di	目+弟	4939
muyuan	睊	juan	目+肙	1
muwo	睋	e	目+我	2
mumian	睌	man	目+免	2
mujian	睍	xian	目+見	7
muxi	睎	xi	目+希	1
muyan	睒	shan	目+炎	16
muwan	睕	wan	目+宛	1
muling	睖	leng	目+夌	1
muli	睙	lie	目+戾	8
muya	睚	ya	目+厓	8
muqing	睛	jing	目+青	181
muzheng	睁	zheng	目+争	316
mulai	睐	lai	目+来	61
muzu	睟	zui	目+卒	2
mujuan	睠	juan	目+卷	1
muchui	睡	shui	目+垂	21225
muzhui	睢	sui	目+隹	53
shumu	督	du	叔+目	278
mubei	睥	bi	目+卑	3
mulu	睦	mu	目+坴	147
mutuertu	睦	mu	目+土+儿+土	147
muhun	睧	hun	目+昏	0
muer	睨	ni	目+兒	45
mulu	睩	lu	目+彔	1
muqie	睫	jie	目+疌	65
mucai	睬	cai	目+采	218
muzhou	睭	zhou	目+周	1
mushu	睮	yu	目+俞	1
minmu	睯	hun	敃+目	1
muzhe	睹	du	目+者	174
mushi	睼	tian	目+是	0
mugui	睽	kui	目+癸	8
dianmuxing	睾	gao	丶+目+幸	27
muju	瞁	xu	目+狊	0
dunba	瞂	fa	盾+犮	1
mudun	瞃	wo	目+盾	1
mumiao	瞄	miao	目+苗	526
muqiu	瞅	chou	目+秋	348
mumi	眯	mi	目+米	242
muweng	瞈	weng	目+翁	0
muzhen	瞋	chen	目+真	25
muhe	瞌	ke	目+盍	9
muqumin	瞌	ke	目+去+皿	9
musou	瞍	sou	目+叟	5
muhai	瞎	xia	目+害	2132
muyuan	瞏	qiong	目+袁	0
muming	瞑	ming	目+冥	28
muzhang	瞕	zhang	目+章	0
muqu	眍	kou	目+区	17
mumo	瞙	mo	目+莫	1
muyin	瞚	shun	目+寅	1
muli	瞝	chi	目+离	1
mucaoliang	瞒	man	目+草+两	398
mupiao	瞟	piao	目+票	248
mutang	瞠	cheng	目+堂	14
bimu	瞥	pie	敝+目	276
mujiao	瞧	qiao	目+焦	1246
mudeng	瞪	deng	目+登	457
muqin	瞫	shen	目+覃	1
mushun	瞬	shun	目+舜	287
mugan	瞰	kan	目+敢	27
muyu	瞲	xue	目+矞	0
mutong	瞳	tong	目+童	435
muzhan	瞻	zhan	目+詹	154
muqian	睑	jian	目+佥	92
gumu	瞽	gu	鼓+目	54
mumuzhui	瞿	qu	目+目+隹	251
muzao	矂	sao	目+喿	2
muxun	矄	xun	目+熏	1
quyou	矍	jue	瞿+又	10
mumuzhi	矍	jue	目+目+隻	10
mumuzhuiyou	矍	jue	目+目+隹+又	10
muxiong	矎	xuan	目+夐	0
muhuo	矐	huo	目+霍	1
muhuan	矔	quan	目+雚	1
zhizhizhi	矗	chu	直+直+直	51
mushu	瞩	zhu	目+属	23
yupie	矛	mao	予+丿	392
maojin	矜	jin	矛+今	72
maojiong	矞	yu	矛+冏	7
maoxi	矠	zhuo	矛+昔	3
pietian	矢	shi	丿+天	245
sishi	矣	yi	厶+矢	1276
shikou	知	zhi	矢+口	6669
shiyin	矧	shen	矢+引	11
shiyao	矨	ying	矢+夭	0
shiju	矩	ju	矢+巨	301
shizuo	矬	cuo	矢+坐	37
shidou	短	duan	矢+豆	5185
shiwei	矮	ai	矢+委	1054
shiqiao	矫	jiao	矢+乔	367
shiceng	矰	zeng	矢+曾	2
yipiekou	石	shi	一+丿+口	6204
shizi	矷	zi	石+子	1
shigan	矸	gan	石+干	21
shiwu	矹	wu	石+兀	0
shizhe	矺	zhe	石+乇	0
shiqi	矻	ku	石+乞	4
shigong	矼	qiang	石+工	2
shixi	矽	xi	石+夕	49
shifan	矾	fan	石+凡	74
shishao	砂	sha	石+少	739
shidan	砃	dan	石+丹	1
shishui	砅	li	石+水	1
shifu	砆	fu	石+夫	1
fengshi	砉	hua	丰+石	3
shiqie	砌	qi	石+切	275
shiqian	砍	kan	石+欠	2746
shijie	砎	jie	石+介	1
shifen	砏	pin	石+分	1
shiji	砐	e	石+及	1
shiya	砑	ya	石+牙	7
shibi	砒	pi	石+比	8
shishu	砓	zhe	石+殳	1
shikai	研	yan	石+开	1354
shizu	砕	sui	石+卆	2
shitun	砘	dun	石+屯	5
shiqu	砝	fa	石+去	6
shizha	砟	zha	石+乍	9
shiqie	砠	zu	石+且	1
shiyu	砡	yu	石+玉	1
shike	砢	ke	石+可	3
shita	砣	tuo	石+它	89
shidi	砥	di	石+氐	25
cishi	砦	zhai	此+石	24
shizhan	砧	zhen	石+占	44
shifu	砩	fu	石+弗	6
shimu	砪	mu	石+母	0
shizhu	砫	zhu	石+主	1
shili	砬	la	石+立	33
shifa	砭	bian	石+乏	27
nushi	砮	nu	奴+石	2
shibing	砯	ping	石+氷	2
shiping	砰	peng	石+平	103
shiling	砱	ling	石+令	1
shibao	砲	pao	石+包	7
shishi	砳	le	石+石	2
shipi	破	po	石+皮	7313
shiben	砵	e	石+本	8
shishen	砷	shen	石+申	178
shiza	砸	za	石+匝	6923
shiai	砹	ai	石+艾	3
shitong	砼	tong	石+仝	227
shizhu	硃	zhu	石+朱	9
shigui	硅	gui	石+圭	604
shixin	硇	nao	石+囟	3
shiji	硈	qia	石+吉	1
shiyu	硉	lu	石+聿	1
shiwei	硊	hui	石+危	1
shige	硌	ge	石+各	55
shigen	硍	yin	石+艮	1
shixing	硎	xing	石+刑	27
shijian	硏	yan	石+幵	11
shitong	硐	dong	石+同	25
shixi	硒	xi	石+西	175
shixiao	硝	xiao	石+肖	159
shigao	硞	que	石+告	1
shiliang	硠	lang	石+良	1
shiyu	硢	yu	石+余	0
shijia	硖	xia	石+夹	10
shipang	硥	mang	石+尨	2
shiche	砗	che	石+车	5
zheshi	硩	che	折+石	0
shiwo	硪	wo	石+我	192
shiwensichuan	硫	liu	石+亠+厶+川	387
shihuang	硫	liu	石+巟	387
shigeng	硬	ying	石+更	4526
shimang	硭	mang	石+芒	4
shijian	砚	yan	石+见	239
shashi	硰	sha	沙+石	0
shikun	硱	kun	石+困	0
shigu	硲	gu	石+谷	1
shisong	硹	song	石+松	1
shichu	硺	zhuo	石+豖	0
shipeng	硼	peng	石+朋	130
shichui	硾	zhui	石+垂	2
shikong	硿	kong	石+空	1
shiqing	碃	qing	石+青	1
shilin	碄	lin	石+林	0
shiqun	碅	jun	石+囷	0
boshi	碆	pan	波+石	1
shiding	碇	ding	石+定	42
shizhou	碉	diao	石+周	27
shilu	碌	liu	石+录	39
shizu	碎	sui	石+卒	1392
shixi	碏	xi	石+昔	2
shibei	碑	bei	石+卑	550
shizhui	碓	dui	石+隹	30
shiwu	碔	wu	石+武	1
shiqi	碕	qi	石+奇	3
shiwan	碗	wan	石+宛	1854
shidian	碘	dian	石+典	343
pinshi	碞	yan	品+石	2
shishimu	碟	die	石+世+木	1824
shiting	碠	ding	石+亭	0
shidu	碡	zhou	石+毒	7
shihe	碣	jie	石+曷	18
shiying	碤	ying	石+英	1
shibian	碥	bian	石+扁	2
wangbaishi	碧	bi	王+白+石	1203
shiwei	碨	wei	石+畏	1
shiye	硕	shuo	石+页	555
shishen	碪	zhen	石+甚	2
shiduan	碫	duan	石+段	0
shigongpiepie	砀	dang	石+弓+丿+丿	22
shibing	碰	peng	石+並	2812
shixian	碱	jian	石+咸	535
shidi	碲	di	石+帝	14
shitan	碳	tan	石+炭	684
shicha	碴	cha	石+查	74
shifeng	砜	feng	石+风	29
shixuan	碹	xuan	石+宣	5
shijiao	确	que	石+角	1082
shigao	碻	que	石+高	1
shima	码	ma	石+马	4046
shizhan	碾	nian	石+展	167
shizi	磁	ci	石+茲	544
shisi	磃	ti	石+虒	0
shitang	磄	tang	石+唐	0
shipang	磅	bang	石+旁	528
shigu	磆	ke	石+骨	1
shigui	磈	wei	石+鬼	1
shisang	磉	sang	石+桑	2
shishishi	磊	lei	石+石+石	889
shicha	磋	cuo	石+差	40
shizhen	磌	tian	石+真	1
shihai	磍	ya	石+害	1
shixi	磎	qi	石+奚	1
shijian	磏	lian	石+兼	1
banshi	磐	pan	般+石	119
shijie	磔	zhe	石+桀	14
shihe	磕	ke	石+盍	420
shiqumin	磕	ke	石+去+皿	420
shigun	磙	gun	石+衮	4
shizhuan	砖	zhuan	石+专	1731
shiao	磝	qiao	石+敖	1
shibeng	磞	peng	石+崩	1
shilu	磟	liu	石+翏	0
shikan	磡	kan	石+勘	26
shishenli	磡	kan	石+甚+力	26
shishuang	磢	chuang	石+爽	0
shican	碜	chen	石+参	14
shilei	磥	lei	石+累	2
shize	碛	qi	石+责	19
mashi	磨	mo	麻+石	1925
shiqi	磩	zhu	石+戚	1
shicui	磪	cui	石+崔	1
shengshushi	磬	qing	声+殳+石	102
shichun	磭	chuo	石+脣	3
shiji	矶	ji	石+几	115
shiqu	磲	qu	石+渠	2
shiceng	磳	zeng	石+曾	2
shideng	磴	deng	石+登	15
shiqin	磹	dian	石+覃	5
shihuang	磺	huang	石+黄	74
shifan	磻	pan	石+番	6
shiji	磼	za	石+集	3
shiyao	硗	qiao	石+尧	6
lishi	磿	li	厤+石	4
shijiao	礁	jiao	石+焦	146
shidun	礅	dun	石+敦	11
shiqian	硷	jian	石+佥	24
shiao	礇	yu	石+奧	1
shijiao	礉	qiao	石+敫	7
shilei	礌	lei	石+雷	2
shichu	础	chu	石+出	40
shijiang	礓	jiang	石+畺	5
shibi	礔	pi	石+辟	0
shiriyicun	碍	ai	石+日+一+寸	248
shixu	礝	ruan	石+需	0
shimeng	礞	meng	石+蒙	9
shipo	礡	bo	石+蒪	10
shimie	礣	ma	石+蔑	0
shicai	礤	ca	石+蔡	16
shiguang	矿	kuang	石+广	2400
shilei	礧	lei	石+畾	1
leishi	礨	lei	畾+石	0
shili	砺	li	石+厉	62
shile	砾	li	石+乐	61
muyaomudashi	礬	fan	木+爻+木+大+石	1
shihuo	礭	que	石+霍	1
longshi	砻	long	龙+石	11
shibo	礴	bo	石+薄	12
shishuang	礵	shuang	石+霜	1
erxiao	示	shi	二+小	642
dianyiedian	礻	shi	丶+乙+丨+丶	97
shinai	礽	reng	示+乃	26
shitu	社	she	示+土	2966
shishao	礿	yue	示+勺	1
shisi	祀	si	示+巳	147
shiyi	祁	qi	示+邑	431
shiye	祂	ta	示+也	222
shijie	祄	xie	示+介	1
shiyao	祅	yao	示+夭	3
shitian	祆	xian	示+天	61
shishi	祇	qi	示+氏	21
shijin	祈	qi	示+斤	284
shizhi	祉	zhi	示+止	47
shifang	祊	beng	示+方	3
shishu	祋	dui	示+殳	0
shizhong	祌	zhong	示+中	2
shishi	祏	shi	示+石	3
shiyou	祐	you	示+右	59
shishi	祑	zhi	示+失	0
shizhao	祒	tiao	示+召	0
shiba	祓	fu	示+犮	33
shifu	祔	fu	示+付	5
shibi	祕	mi	示+必	2
shiqie	祖	zu	示+且	1615
shidi	祗	zhi	示+氐	68
shizha	祚	zuo	示+乍	84
shiqu	祛	qu	示+去	336
shigu	祜	hu	示+古	46
shixiong	祝	zhu	示+兄	4031
shishen	神	shen	示+申	9418
chushi	祟	sui	出+示	43
shisi	祠	ci	示+司	301
cishi	祡	chai	此+示	1
shipieyishi	祣	lv	示+丿+一+氏	1
shiyu	祤	yu	示+羽	3
shiyang	祥	xiang	示+羊	1863
shizhao	祧	tiao	示+兆	5
xishi	票	piao	西+示	8191
yashi	票	piao	襾+示	8191
shizhu	祩	zhu	示+朱	1
shiwei	祪	gui	示+危	0
shihe	祫	xia	示+合	10
yuanshi	祭	ji	夗+示	709
shigao	祰	gao	示+告	1
shichen	祳	shen	示+辰	0
shijie	祴	gai	示+戒	4
shitao	祹	tao	示+匋	9
shiqi	祺	qi	示+其	272
shiguo	祼	guan	示+果	36
shizu	祽	zui	示+卒	1
shilu	禄	lu	示+录	543
linshi	禁	jin	林+示	1502
shizhou	禂	dao	示+周	1
shiqi	禊	xi	示+契	8
shiyin	禋	yin	示+垔	6
shiguo	祸	huo	示+呙	769
shizhen	祯	zhen	示+贞	191
shiyuan	禐	yuan	示+爰	1
shiyu	禑	wu	示+禺	4
shituan	禒	xian	示+彖	4
shishi	禔	zhi	示+是	5
shimou	禖	mei	示+某	2
shisi	禗	si	示+思	0
shidi	禘	di	示+帝	4
shigao	禚	zhuo	示+羔	5
shizhen	禛	zhen	示+眞	112
shiji	禝	ji	示+畟	1
shisi	禠	si	示+虒	1
shiriyu	禢	ta	示+日+羽	1
shimuyu	禤	xuan	示+目+羽	10
shixi	禧	xi	示+喜	151
shidan	禅	chan	示+单	650
shiqin	禫	dan	示+覃	1
shisui	禭	sui	示+遂	1
shimi	祢	mi	示+尓	89
shier	祢	mi	礻+尔	89
shishou	祷	dao	示+寿	58
shixiang	禳	rang	示+襄	18
shiyue	禴	yue	示+龠	0
jiongsi	禸	rou	冂+厶	4
piekoujiongsi	禹	yu	丿+口+冂+厶	490
jiarou	禺	yu	甲+禸	39
rirou	禺	yu	日+禸	39
renli	禽	qin	人+离	318
piemu	禾	he	丿+木	547
heji	秃	tu	禾+几	249
henai	秀	xiu	禾+乃	5013
hesi	私	si	禾+厶	1220
hezhe	秅	na	禾+乇	1
hegan	秆	gan	禾+干	79
heshan	秈	xian	禾+山	2
heyu	秉	bing	禾+聿	338
heqian	秊	nian	禾+千	0
hehuo	秋	qiu	禾+火	3839
hefen	秎	fen	禾+分	0
hemao	秏	mao	禾+毛	3
hedou	科	ke	禾+斗	5764
heshao	秒	miao	禾+少	5204
hebi	秕	bi	禾+比	11
heshi	秖	zhi	禾+氏	2
hebi	秘	mi	禾+必	608
heni	秜	ni	禾+尼	0
hehe	秝	li	禾+禾	1
heyou	秞	you	禾+由	1
heqie	租	zu	禾+且	4253
hepi	秠	pi	禾+丕	0
heba	秡	bo	禾+犮	1
hemo	秣	mo	禾+末	12
heping	秤	cheng	禾+平	298
heyang	秧	yang	禾+央	139
heshi	秩	zhi	禾+失	81
hedi	秪	zhi	禾+氐	1
heshu	秫	shu	禾+朮	14
heju	秬	ju	禾+巨	6
hetai	秮	huo	禾+台	2
cihe	秶	zi	次+禾	2
hezhi	秷	zhi	禾+至	2
heji	秸	jie	禾+吉	25
hezhai	秺	du	禾+宅	3
heduo	移	yi	禾+多	1116
hexi	稀	xi	禾+希	751
heliang	稂	lang	禾+良	3
hefu	稃	fu	禾+孚	7
hequn	稄	ze	禾+夋	1
hedui	税	shui	禾+兑	2652
helv	稆	lv	禾+吕	3
hehan	稈	gan	禾+旱	1
hedi	稊	ti	禾+弟	3
hecheng	程	cheng	禾+呈	3157
heyu	稌	tu	禾+余	1
hexiao	稍	shao	禾+肖	1887
helu	稑	lu	禾+坴	5
hegu	稒	gu	禾+固	5
hexi	稓	zuo	禾+昔	3
henian	稔	ren	禾+念	38
hexiang	稕	zhun	禾+享	1
hebei	稗	bai	禾+卑	39
heqi	稘	qi	禾+其	0
hezhi	稙	zhi	禾+直	3
hezhui	稚	zhi	禾+隹	161
hekun	稛	kun	禾+困	1
heguo	稞	ke	禾+果	8
wenhuishi	禀	bing	亠+回+示	101
hezhou	稠	chou	禾+周	316
hehuo	稢	yu	禾+或	1
hebian	稨	bian	禾+扁	0
hezhong	种	zhong	禾+中	12160
hexiongbaxi	稯	zong	禾+凶+八+夕	0
hexiongbadong	稯	zong	禾+凶+八+夂	0
hexu	稰	xu	禾+胥	1
heer	称	cheng	禾+尔	13485
heyao	稻	dao	禾+舀	434
heyu	稶	yu	禾+彧	0
hetianerxi	稷	ji	禾+田+儿+夕	47
hetianerdong	稷	ji	禾+田+儿+夂	47
heji	稷	ji	禾+畟	47
hezhen	稹	zhen	禾+真	10
hejia	稼	jia	禾+家	124
heyouzhi	稽	ji	禾+尤+旨	74
gaohe	稾	kao	高+禾	0
hegao	稿	gao	禾+高	1710
barenkou	谷	gu	八+人+口	2678
hehui	穗	sui	禾+惠	736
heji	穄	ji	禾+祭	2
hebaixiaosan	穆	mu	禾+白+小+彡	1057
mahe	穈	mi	麻+禾	1
hexi	穉	zhi	禾+犀	1
heji	穊	ji	禾+既	1
helu	穋	lu	禾+翏	2
yuhe	稣	su	鱼+禾	18
hezhi	积	ji	禾+只	1323
biheye	颖	ying	匕+禾+页	949
heji	稳	wen	禾+急	2822
hegui	穐	qiu	禾+亀	0
hehuang	穔	huang	禾+黄	1
hejiao	穛	zhuo	禾+焦	1
hetong	穜	zhong	禾+童	2
hesui	穟	sui	禾+遂	1
hese	穑	se	禾+啬	11
hesui	秽	hui	禾+岁	115
heyibajingyi	穣	rang	禾+衣+八+井+一	1
hepao	穮	pao	禾+麃	0
hexiang	穰	rang	禾+襄	20
hejue	穱	zhuo	禾+爵	4
baoba	穴	xue	宀+八	1009
xueyi	穵	ya	穴+乙	1
xuejiu	究	jiu	穴+九	276
xuexi	穸	xi	穴+夕	8
xuegong	穹	qiong	穴+弓	69
xuegong	空	kong	穴+工	10992
xueyu	穻	yu	穴+于	1
xuejing	穽	jing	穴+井	2
xueyao	穾	yao	穴+夭	1
xueya	穿	chuan	穴+牙	14227
xuetun	窀	zhun	穴+屯	3
xuequan	突	tu	穴+犬	788
xuezha	窄	zhai	穴+乍	922
xuemu	窅	yao	穴+目	7
xuefa	窆	bian	穴+乏	2
xuebao	窇	bao	穴+包	2
xueyou	窈	yao	穴+幼	20
xuebing	窉	bing	穴+丙	1
xuegua	窊	wa	穴+瓜	2
xuechu	窋	zhu	穴+出	2
xuemao	窌	liao	穴+卯	1
xuewu	窏	wu	穴+汙	1
xuegui	窐	wa	穴+圭	2
xuezhi	窒	zhi	穴+至	49
xuesixin	窓	chuang	穴+厶+心	1
xuejiao	窔	yao	穴+交	2
xuezhao	窕	tiao	穴+兆	11
xuegao	窖	jiao	穴+告	148
xuecong	窗	chuang	穴+囱	1744
xuejun	窘	jiong	穴+君	134
xuexiao	窙	xiao	穴+孝	1
xuequ	窟	ku	穴+屈	189
xueguo	窠	ke	穴+果	28
xuehuo	窢	xu	穴+或	0
xuezu	窣	su	穴+卒	23
xueyin	窨	xun	穴+音	9
xueguo	窝	wo	穴+呙	2199
shuigui	洼	wa	水+圭	170
xueqi	窫	ye	穴+契	1
xueshu	窬	yu	穴+俞	5
xueli	穷	qiong	穴+力	4376
xuefou	窑	yao	穴+缶	559
xuetiao	窱	tiao	穴+條	0
xueliao	窲	chao	穴+料	0
xueguagua	窳	yu	穴+瓜+瓜	6
xuezhen	窴	tian	穴+真	1
xuelou	窭	ju	穴+娄	6
xueliao	窷	liao	穴+聊	2
xuexi	窸	xi	穴+悉	34
xuegui	窥	kui	穴+规	295
xuekuan	窾	kuan	穴+款	1
xuelong	窿	long	穴+隆	39
xuecui	竁	cui	穴+毳	0
xuechuan	窜	cuan	穴+串	581
xueqiao	窍	qiao	穴+巧	351
xuemai	窦	dou	穴+卖	501
xueqie	窃	qie	穴+切	249
likoujue	竒	qi	立+口+亅	2
lishao	竗	miao	立+少	0
liju	竘	qu	立+句	1
lizhan	站	zhan	立+占	13654
lining	竚	zhu	立+宁	1
youpie	龙	long	尤+丿	9924
lili	竝	bing	立+立	2
lirier	竟	jing	立+日+儿	4453
lizao	章	zhang	立+早	5608
liyi	竢	si	立+矣	1
liqun	竣	jun	立+夋	62
lihong	竤	hong	立+宏	1
lili	童	tong	立+里	1528
lishu	竦	song	立+束	23
lishen	竧	zhen	立+身	0
eeyouli	竖	shu	丨+丨+又+立	546
lihe	竭	jie	立+曷	151
liping	竮	ping	立+屏	0
lizhuan	端	duan	立+耑	3825
lishaner	端	duan	立+山+而	3825
lili	竰	li	立+厘	0
lixiong	竞	jing	立+兄	629
jingjing	竸	jing	竟+竟	0
bingyao	竸	jing	竝+覞	0
pieyiepieyijue	竹	zhu	丿+一+丨+丿+一+亅	2261
zhuer	竺	zhu	竹+二	117
zhuli	竻	le	竹+力	3
zhuyu	竽	yu	竹+于	17
zhugan	竿	gan	竹+干	216
zhuwang	笀	mang	竹+亡	7
zhugong	笁	zhu	竹+工	8
zhukai	笄	ji	竹+开	18
zhuyao	笅	jiao	竹+爻	13
zhuba	笆	ba	竹+巴	23
zhuji	笈	ji	竹+及	29
zhuyun	笉	qin	竹+畇	20
zhuzhua	笊	zhao	竹+爪	3
zhuyuan	笎	yuan	竹+元	2
zhuwu	笏	hu	竹+勿	30
zhukang	笐	hang	竹+亢	1
zhuyao	笑	xiao	竹+夭	14513
zhujin	笒	jin	竹+今	3
zhubi	笓	pi	竹+比	7
zhuzhan	笘	shan	竹+占	6
zhusheng	笙	sheng	竹+生	211
zhujia	笚	xia	竹+甲	1
zhuyou	笛	di	竹+由	433
zhuweiyou	笝	na	竹+囗+又	2
zhutai	笞	chi	竹+台	19
zhuli	笠	li	竹+立	128
zhumin	笢	min	竹+民	11
zhubao	笣	bao	竹+包	3
zhuzhao	笤	tiao	竹+召	4
zhusi	笥	si	竹+司	17
zhufu	符	fu	竹+付	1353
zhuben	笨	ben	竹+本	5349
zhudan	笪	da	竹+旦	17
zhudiaopie	第	di	竹+弔+丿	24313
zhugongepie	第	di	竹+弓+丨+丿	24313
zhuling	笭	ling	竹+令	2
zhuzha	笮	zuo	竹+乍	6
zhunu	笯	nu	竹+奴	1
zhufu	笰	fu	竹+弗	1
zhuju	笱	gou	竹+句	6
zhubian	笲	fan	竹+弁	0
zhujia	笳	jia	竹+加	20
zhuke	笴	gan	竹+可	1
zhufan	笵	fan	竹+氾	1
zhushi	笶	shi	竹+矢	1
zhupo	笸	po	竹+叵	3
zhugui	筀	gui	竹+圭	0
zhuzhao	筄	yao	竹+兆	0
zhuxian	筅	xian	竹+先	5
zhumao	笔	bi	竹+毛	3249
zhuqiong	筇	qiong	竹+邛	6
zhushe	筈	kuo	竹+舌	1
zhusi	等	deng	竹+寺	182604
zhujiao	筊	jiao	竹+交	4
zhurouli	筋	jin	竹+肉+力	643
zhuyueli	筋	jin	竹+月+力	643
zhuquan	筌	quan	竹+全	22
zhuyin	笋	sun	竹+尹	313
zhuru	筎	ru	竹+如	2
zhufa	筏	fa	竹+伐	71
zhukuang	筐	kuang	竹+匡	253
zhutong	筒	tong	竹+同	697
zhuhe	答	da	竹+合	3087
zhuci	策	ce	竹+朿	914
zhukou	筘	kou	竹+扣	9
zhujun	筠	jun	竹+均	130
zhuyu	筡	tu	竹+余	0
zhuba	筢	pa	竹+把	7
zhuli	筣	li	竹+利	0
zhuliang	筤	lang	竹+良	0
zhulv	筥	ju	竹+呂	4
zhuwan	筦	guan	竹+完	2
zhujian	笕	jian	竹+见	9
zhuyong	筩	yong	竹+甬	2
zhucheng	筬	cheng	竹+成	1
zhunong	筭	suan	竹+弄	2
zhuwu	筮	shi	竹+巫	18
zhuzuo	筰	zuo	竹+作	2
zhuyou	筱	xiao	竹+攸	463
zhuxiao	筲	shao	竹+肖	2
zhuting	筳	ting	竹+廷	2
zhuyan	筵	yan	竹+延	82
zhugao	筶	gao	竹+告	0
zhukuai	筷	kuai	竹+快	102
zhuhan	筸	gan	竹+旱	1
zhugeng	筻	gang	竹+更	2
zhubei	箄	pai	竹+卑	0
zhubi	箅	bi	竹+畀	8
neibi	箆	pi	内+比	0
zhugu	箇	ge	竹+固	8
zhuzhi	箈	tai	竹+治	0
zhuyu	箊	yu	竹+於	13
zhujian	笺	jian	竹+戋	147
zhudao	箌	zhao	竹+到	5
zhushouza	箍	gu	竹+手+匝	170
zhucaiza	箍	gu	竹+才+匝	170
zhuhu	箎	hu	竹+虎	1
zhuzheng	筝	zheng	竹+争	205
zhuqing	箐	qing	竹+青	93
zhuqie	箑	sha	竹+疌	6
zhuzhou	箒	zhou	竹+帚	2
zhubo	箔	bo	竹+泊	55
zhuqi	箕	ji	竹+其	79
zhulin	箖	lin	竹+林	5
zhuqun	箘	qun	竹+囷	2
zhufu	箙	fu	竹+服	3
zhuhedao	箚	zha	竹+合+刀	3
zhugu	箛	gu	竹+孤	8
zhukong	箜	kong	竹+空	12
zhuqian	箝	qian	竹+拑	15
zhujuan	箞	qian	竹+卷	6
zhukun	箟	jun	竹+昆	4
zhuchui	箠	zhui	竹+垂	5
zhuguan	管	guan	竹+官	15029
zhuwan	箢	yuan	竹+宛	6
zhuzu	箤	zu	竹+卒	1
zhuruo	箬	ruo	竹+若	38
zhuqian	箭	jian	竹+前	1233
zhubian	箯	bian	竹+便	3
zhuxiang	箱	xiang	竹+相	3161
zhuxian	箴	zhen	竹+咸	54
zhusheng	箵	xing	竹+省	1
zhushi	箷	yi	竹+施	1
zhuzhe	箸	zhu	竹+者	49
zhuxiao	箾	xiao	竹+削	5
zhudan	节	jie	竹+卩	5152
zhuhuang	篁	huang	竹+皇	60
caofan	范	fan	草+氾	2843
zhutuan	篆	zhuan	竹+彖	87
zhubian	篇	pian	竹+扁	6897
zhugong	筑	zhu	竹+巩	598
zhuhong	篊	hong	竹+洪	0
zhuhou	篌	hou	竹+侯	17
zhumiao	篎	miao	竹+眇	0
zhuganqian	篏	qian	竹+甘+欠	1
zhuhe	篕	he	竹+盍	0
zhuchu	篘	chou	竹+芻	2
zhugao	篙	gao	竹+高	33
zhufei	篚	fei	竹+匪	12
zhuruo	篛	ruo	竹+弱	1
zhuzheng	篜	zheng	竹+烝	1
zhugou	篝	gou	竹+冓	14
zhunie	篞	nie	竹+涅	0
zhushuirigong	篞	nie	竹+水+日+工	0
zhuqian	篟	qian	竹+倩	1
zhumudasi	篡	cuan	竹+目+大+厶	70
zhupang	篣	peng	竹+旁	0
zhuma	笃	du	竹+马	171
zhuli	篥	li	竹+栗	4
zhuxinbi	篦	bi	竹+囟+比	22
zhuchu	篨	chu	竹+除	2
zhushi	筛	shai	竹+师	271
zhusi	篪	chi	竹+虒	19
zhushou	篫	zhu	筑+手	0
zhugongshou	篫	zhu	竹+巩+手	0
zhulong	笼	long	竹+龙	625
zhubu	篰	bu	竹+部	1
zhuhui	篲	hui	竹+彗	1
zhubi	筚	bi	竹+毕	6
zhuzhu	篴	zhu	竹+逐	1
zhuyan	篶	yan	竹+焉	1
zhufeng	篷	peng	竹+逢	91
zhumudadan	篹	zuan	竹+目+大+卩	1
zhupiao	篻	piao	竹+票	0
zhudou	篼	dou	竹+兜	7
zhuyu	篽	yu	竹+御	0
zhuwangshu	篾	mie	竹+网+戍	22
zhuze	箦	ze	竹+责	5
zhuxi	簁	shai	竹+徙	2
zhuyi	簃	yi	竹+移	3
zhuchan	簅	chan	竹+產	1
zhukou	簆	kou	竹+寇	0
zhuzu	簇	cu	竹+族	276
zhuzao	簉	zao	竹+造	1
zhuji	簊	ji	竹+基	1
zhugenmin	簋	gui	竹+艮+皿	22
zhusou	簌	su	竹+欶	13
zhulou	篓	lou	竹+娄	83
zhucuo	簎	ji	竹+措	1
zhulu	簏	lu	竹+鹿	5
zhushuai	簑	suo	竹+衰	1
zhumudame	簒	cuan	竹+目+大+么	0
zhushuai	簔	suo	竹+衰	0
zhusu	箫	xiao	竹+肃	288
zhubo	簙	bo	竹+博	1
zhuliao	簝	liao	竹+尞	0
zhushan	箪	dan	竹+単	19
zhuqin	簟	dian	竹+覃	29
zhujian	简	jian	竹+间	1282
zhugui	篑	kui	竹+贵	12
zhudeng	簦	deng	竹+登	4
zhuhuang	簧	huang	竹+黄	91
zhuxun	簨	zhuan	竹+巽	6
zhulu	簬	lu	竹+路	12
zhushirenkou	簭	shi	竹+筮+人+口	3
zhupai	簰	pai	竹+牌	4
zhugan	簳	gan	竹+幹	2
muzhan	檐	yan	木+詹	187
zhuqipi	簸	bo	竹+其+皮	19
zhugou	簼	gou	竹+搆	2
zhuqian	签	qian	竹+佥	4658
xuejin	帘	lian	穴+巾	530
zhubo	簿	bu	竹+薄	293
zhushouliu	籀	zhou	竹+手+留	8
zhujian	篮	lan	竹+监	472
zhuyu	籅	yu	竹+與	0
zhuhao	籇	hao	竹+豪	0
zhuzhen	籈	zhen	竹+甄	1
zhuzhai	籊	ti	竹+翟	1
zhushou	筹	chou	竹+寿	653
zhujie	籍	ji	竹+耤	1229
zhuteng	籐	teng	竹+滕	2
zhupan	籓	pan	竹+潘	7
zhuhuo	籗	zhuo	竹+霍	0
zhuteng	籘	teng	竹+縢	1
zhuze	箨	tuo	竹+择	17
zhulai	籁	lai	竹+赖	32
zhuyue	籥	yue	竹+龠	5
zhuzhong	籦	zhong	竹+鍾	1
zhuju	籧	qu	竹+豦	1
zhubian	笾	bian	竹+边	8
zhuduan	簖	duan	竹+断	4
zhuli	篱	li	竹+离	93
zhuluo	箩	luo	竹+罗	79
zhuying	籯	ying	竹+贏	1
mishi	籵	fan	米+十	1
minv	籹	nv	米+女	19
miqi	籺	he	米+乞	0
mishan	籼	xian	米+山	30
mizi	籽	zi	米+子	341
miren	籾	ni	米+刃	0
micun	籿	cun	米+寸	1
miqian	粁	qian	米+千	0
mibi	粃	pi	米+比	0
mifan	粄	ban	米+反	4
miwu	粅	wu	米+勿	3
michou	粈	rou	米+丑	8
mifen	粉	fen	米+分	4338
bimi	粊	bi	比+米	2
mizu	粋	sui	米+卆	2
mimao	粍	zhe	米+毛	6
miba	粑	ba	米+巴	49
mili	粒	li	米+立	1193
miju	粔	ju	米+巨	4
mibai	粕	po	米+白	50
mimo	粖	mo	米+末	2
miqie	粗	cu	米+且	2172
mizhan	粘	nian	米+占	816
yubapiee	肃	su	聿+八+丿+丨	249
chumi	粜	tiao	出+米	10
mixi	粞	xi	米+西	13
ximi	粟	su	西+米	262
yami	粟	su	襾+米	262
mitong	粡	tong	米+同	7
cimi	粢	zi	次+米	5
gongmigong	粥	zhou	弓+米+弓	1498
mibai	粨	bai	米+百	3
shuidaobami	粱	liang	水+刀+八+米	102
daiyoumi	粲	can	歹+又+米	55
migeng	粳	jing	米+更	32
mili	粴	li	米+里	1
dianjiongmikui	粤	yue	丶+冂+米+亏	869
mizu	粹	cui	米+卒	139
mibei	粺	bai	米+卑	7
mizong	粽	zong	米+宗	235
miqing	精	jing	米+青	3445
miguo	粿	guo	米+果	15
mishen	糂	san	米+甚	0
mirou	糅	rou	米+柔	20
mihou	糇	hou	米+侯	4
mixu	糈	xu	米+胥	3
mihu	糊	hu	米+胡	732
miqian	糋	jian	米+前	0
midongrenri	糌	zan	米+夂+人+日	2
mizi	糍	ci	米+兹	23
mili	糎	li	米+厘	0
mipo	糐	fu	米+尃	0
miruo	糑	nuo	米+弱	1
micaochangyong	糒	bei	米+草+厂+用	1
mizao	糔	xiu	米+蚤	0
migao	糕	gao	米+羔	347
mitang	糖	tang	米+唐	2840
michou	糗	qiu	米+臭	105
mizao	糙	cao	米+造	215
mizhuang	粧	zhuang	米+庄	4
mami	糜	mi	麻+米	127
mican	糁	shen	米+参	11
migong	粪	fen	米+共	693
micao	糟	zao	米+曹	584
mikang	糠	kang	米+康	141
mimo	糢	mo	米+莫	1
miliang	粮	liang	米+良	968
miqiang	糨	jiang	米+強	3
bimi	糪	bo	辟+米	1
mixu	糯	nuo	米+需	138
mili	粝	li	米+厉	6
rumi	籴	di	入+米	11
tiaozhai	糶	tiao	粜+翟	1
yaoxiao	糸	mi	幺+小	95
siji	纪	ji	丝+己	1480
sicun	纣	zhou	丝+寸	46
sishao	约	yue	丝+勺	11468
sigong	红	hong	丝+工	12941
siyu	纡	yu	丝+于	16
siqi	纥	ge	丝+乞	9
siwan	纨	wan	丝+丸	33
siren	纫	ren	丝+刃	19
wensi	紊	wen	文+丝	25
wenmi	紊	wen	文+糸	25
siwen	纹	wen	丝+文	1133
sinei	纳	na	丝+内	2103
sichou	纽	niu	丝+丑	335
siyu	纾	shu	丝+予	37
situn	纯	chun	丝+屯	4448
sibi	纰	pi	丝+比	7
sishao	纱	sha	丝+少	679
sishi	纸	zhi	丝+氏	3607
siji	级	ji	丝+及	17388
sifen	纷	fen	丝+分	212
siyun	纭	yun	丝+云	13
fengsi	素	su	丰+丝	4957
fengmi	素	su	丰+糸	4957
sifang	纺	fang	丝+方	251
cisi	紫	zi	此+丝	3099
cimi	紫	zi	此+糸	3099
tianmi	累	lei	田+糸	13301
tiansi	累	lei	田+丝	13301
sitian	细	xi	丝+田	3153
siba	绂	fu	丝+犮	16
siyoudian	绂	fu	丝+友+丶	16
sishi	绁	xie	丝+世	15
sishen	绅	shen	丝+申	76
sizhao	绍	shao	丝+召	721
sigan	绀	gan	丝+甘	48
sifu	绋	fu	丝+弗	16
sitai	绐	dai	丝+台	15
sichu	绌	chu	丝+出	18
sidong	终	zhong	丝+冬	1882
siqie	组	zu	丝+且	22421
siban	绊	ban	丝+半	365
sisheng	经	jing	丝+圣	13284
sixing	绗	hang	丝+行	15
siji	结	jie	丝+吉	3484
sise	绝	jue	丝+色	2382
youmi	絛	tao	攸+糸	1
fengdaomi	絜	xie	丰+刀+糸	8
sikua	绔	ku	丝+夸	17
sijiao	绞	jiao	丝+交	260
sige	络	luo	丝+各	407
sixun	绚	xuan	丝+旬	101
sihe	给	gei	丝+合	191937
sirong	绒	rong	丝+戎	339
rusi	絮	xu	如+丝	196
rumi	絮	xu	如+糸	196
sichong	统	tong	丝+充	776
sisi	丝	si	丝+丝	2479
sihui	绘	hui	丝+会	465
siyuan	绢	juan	丝+肙	259
sikouyue	绢	juan	丝+口+月	259
sibang	绑	bang	丝+邦	1046
sixiao	绡	xiao	丝+肖	71
sigeng	绠	geng	丝+更	24
sidi	绨	ti	丝+弟	9
situo	绥	sui	丝+妥	129
kuaxi	綔	hu	夸+系	9
sizong	综	zeng	丝+宗	121
sichui	缍	chui	丝+垂	11
silu	绿	lv	丝+录	4675
sizhou	绸	chou	丝+周	142
sijuan	绻	quan	丝+卷	30
qimi	綦	qi	其+糸	31
sijian	线	xian	丝+戋	16338
sishou	绶	shou	丝+受	52
sizhui	维	wei	丝+隹	2445
hufanmi	綮	qing	戶+攵+糸	5
siguan	绾	wan	丝+官	136
sigang	纲	gang	丝+冈	387
jiongyiyi	网	wang	冂+乂+乂	21198
sipeng	绷	beng	丝+朋	134
silun	纶	lun	丝+仑	220
sijiu	绺	liu	丝+咎	30
siqi	绮	qi	丝+奇	399
siding	绽	zhan	丝+定	79
sizhuo	绰	chao	丝+卓	152
siling	绫	ling	丝+夌	153
sibo	绵	mian	丝+帛	396
sikun	绲	gun	丝+昆	8
sizai	缁	zi	丝+甾	81
eeyousi	紧	jin	丨+丨+又+丝	4681
sifei	绯	fei	丝+非	217
sizhe	绪	xu	丝+者	361
sishang	绱	shang	丝+尚	18
sixiang	缃	xiang	丝+相	51
sixian	缄	jian	丝+咸	33
sige	缂	ke	丝+革	30
boxi	緜	mian	帛+系	1
siqi	缉	ji	丝+咠	45
sikouer	缉	ji	丝+口+耳	45
siduan	缎	duan	丝+段	105
sidi	缔	di	丝+帝	63
situan	缘	yuan	丝+彖	2061
sisi	缌	si	丝+思	7
sibian	编	bian	丝+扁	2919
siyuan	缓	huan	丝+爰	921
simian	缅	mian	丝+面	167
siwei	纬	wei	丝+韦	314
sihou	缑	gou	丝+侯	11
simushao	缈	miao	丝+目+少	43
guangxie	緳	xie	广+絜	5
sidongyi	练	lian	丝+东+一	8718
sibian	缏	bian	丝+便	2
sishi	缇	ti	丝+是	141
zhipo	致	zhi	至+攴	2826
sili	缠	chan	丝+厘	713
sijin	缙	jin	丝+晋	50
siyi	缢	yi	丝+益	24
sizhui	缒	zhui	丝+追	6
banmi	縏	pan	般+糸	1
sichu	绉	zhou	丝+刍	59
sijian	缣	jian	丝+兼	12
sipo	缚	fu	丝+尃	163
sizhen	缜	zhen	丝+真	27
sigao	缟	gao	丝+高	18
siru	缛	ru	丝+辱	11
roujuan	縢	teng	肉+絭	4
yuejuan	縢	teng	月+絭	4
qiesi	县	xian	且+厶	7573
sicong	纵	zong	丝+从	840
sitiao	绦	tao	丝+条	49
sifeng	缝	feng	丝+逢	1004
sili	缡	li	丝+离	13
sisu	缩	suo	丝+宿	956
silei	缧	lei	丝+累	7
siman	缦	man	丝+曼	22
zhimi	絷	zhi	执+糸	9
silou	缕	lv	丝+娄	237
sipiao	缥	piao	丝+票	25
mami	縻	mi	麻+糸	8
size	绩	ji	丝+责	134
meiposi	繁	fan	每+攴+丝	724
meifanmi	繁	fan	每+攵+糸	724
sichao	缫	sao	丝+巢	8
silu	缪	miu	丝+翏	237
yuefouxi	繇	yao	月+缶+系	15
shumi	繋	ji	軗+糸	2
sixiu	绣	xiu	丝+秀	838
siceng	缯	zeng	丝+曾	15
sizhi	织	zhi	丝+只	569
sishan	缮	shan	丝+善	59
siliao	缭	liao	丝+尞	31
siyao	绕	rao	丝+尧	1854
suomi	繠	rui	惢+糸	0
sigui	缋	hui	丝+贵	6
simin	绳	sheng	丝+黾	635
caochong	茧	jian	草+虫	226
sijiang	缰	jiang	丝+畺	33
sizao	缲	qiao	丝+喿	1
sijiao	缴	jiao	丝+敫	571
bimi	繴	bi	辟+糸	9
siyouere	绎	yi	丝+又+二+丨	50
sieyimi	继	ji	丝+丨+一+米	2685
sibin	缤	bin	丝+宾	25
siqian	缱	qian	丝+遣	10
zhumudasi	纂	zuan	竹+目+大+絲	80
zhumudami	纂	zuan	竹+目+大+糸	80
sijie	缬	xie	丝+颉	21
siguang	纩	kuang	丝+广	4
simai	续	xu	丝+卖	1364
leimi	纍	lei	畾+糸	14
siguangli	缠	chan	丝+广+里	713
siying	缨	ying	丝+婴	103
siqian	纤	qian	丝+千	270
sizan	缵	zuan	丝+赞	10
duxian	纛	dao	毒+縣	22
silan	缆	lan	丝+览	149
pieershan	缶	fou	丿+二+山	32
fougong	缸	gang	缶+工	620
fouhuo	缹	fou	缶+火	0
fouguai	缺	que	缶+夬	3991
jinben	钵	bo	金+本	237
foubing	缾	ping	缶+并	1
fouhou	缿	xiang	缶+后	0
shengshufou	罄	qing	声+殳+缶	29
fouhu	罅	xia	缶+虖	14
fouzun	罇	zun	缶+尊	1
yongfou	罋	weng	雍+缶	1
beibeifou	罂	ying	贝+贝+缶	16
leifou	罍	lei	畾+缶	6
fouhuan	罐	guan	缶+雚	831
wanggan	罕	han	网+干	214
wangbu	罘	fu	网+不	20
wanggua	罛	gu	网+瓜	18
wangzhu	罜	zhu	网+主	1
wangqie	罝	ju	网+且	2
wangmao	罞	meng	网+矛	1
wanggu	罟	gu	网+古	8
wangmin	罠	min	网+民	1
wangzheng	罡	gang	网+正	119
wanggui	罣	gua	网+圭	4
wangyuan	罥	juan	网+肙	3
wangfu	罦	fu	网+孚	1
wanglin	罧	shen	网+林	1
wangyan	罨	yan	网+奄	6
wangzhuo	罩	zhao	网+卓	783
wangfei	罪	zui	网+非	2567
wanggua	罫	guai	网+卦	1
wanghuo	罭	yu	网+或	1
wangzhi	置	zhi	网+直	1619
wangyandao	罚	fa	网+言+刀	1329
wangnan	罱	lan	网+南	3
wangzhe	署	shu	网+者	687
wangsi	罳	si	网+思	0
koukouma	骂	ma	口+口+马	9163
wangliu	罶	liu	网+留	2
wangqu	罢	ba	网+去	1274
wangxinzhui	罹	li	网+心+隹	31
wangchao	罺	chao	网+巢	0
wangwei	罻	wei	网+尉	0
wangchangshan	罽	ji	网+厂+剡	8
wangceng	罾	zeng	网+曾	9
wangtong	罿	chong	网+童	1
wangmu	羃	mi	网+幕	0
wangxi	罗	luo	网+夕	7793
bahuo	罴	pi	罢+火	17
wanggeqi	羇	ji	网+革+奇	1
wanggema	羁	ji	网+革+马	62
yanger	羌	qiang	羊+儿	129
dayang	羍	da	大+羊	1
yangda	美	mei	羊+大	17650
yangjiu	羑	you	羊+久	6
yangfen	羒	fen	羊+分	0
yanghuo	羔	gao	羊+火	43
yangyong	羕	yang	羊+永	3
yangshu	羖	gu	羊+殳	3
yangling	羚	ling	羊+令	110
yangfu	羛	yi	羊+弗	1
yangning	羜	zhu	羊+宁	0
yangdi	羝	di	羊+氐	4
yangpiechou	羞	xiu	羊+丿+丑	435
yangyi	羠	yi	羊+夷	0
yangrong	羢	rong	羊+戎	0
junyang	羣	qun	君+羊	3
junyang	群	qun	君+羊	13451
yangsheng	羟	qiang	羊+圣	73
yangwan	羦	huan	羊+完	1
yangqun	羧	suo	羊+夋	35
yangci	羡	xian	羊+次	223
dianyi	义	yi	丶+乂	2504
yangxian	羬	xian	羊+咸	0
yangshu	羭	yu	羊+俞	1
gaoyifu	羮	lang	羔+一+夫	2
yanghe	羯	jie	羊+曷	59
yangtan	羰	tang	羊+炭	5
yangyuan	羱	yuan	羊+原	1
yangfan	羳	fan	羊+番	0
yangdan	羶	shan	羊+亶	2
wangkouyueyangfan	羸	lei	亡+口+月+羊+凡	38
gaomei	羹	geng	羔+美	255
yangxu	羺	nou	羊+需	0
xixi	羽	yu	习+习	1682
yugong	羾	hong	羽+工	0
yuzhong	翀	chong	羽+中	64
gongyu	翁	weng	公+羽	995
yufen	翂	fen	羽+分	1
zhiyu	翅	chi	支+羽	412
yuzu	翆	cui	羽+卆	1
yuba	翇	fu	羽+犮	0
benyu	翉	pen	本+羽	1
liyu	翊	yi	立+羽	160
yuli	翋	la	羽+立	1
yuli	翌	yi	羽+立	63
yupi	翍	po	羽+皮	1
lingyu	翎	ling	令+羽	229
yurensan	翏	lu	羽+人+彡	1
yushi	翐	zhi	羽+失	0
yuju	翑	yu	羽+句	1
diaodian	习	xi	刁+丶	665
yangyu	翔	xiang	羊+羽	1282
heyu	翕	xi	合+羽	25
duoyu	翗	ke	多+羽	0
youyu	翛	xiao	攸+羽	2
yujing	翞	jiang	羽+京	0
yuzhui	翟	zhai	羽+隹	532
yuzu	翠	cui	羽+卒	1136
feiyu	翡	fei	非+羽	121
zhouyu	翢	zhou	周+羽	1
yuqie	翣	sha	羽+妾	1
zheyu	翥	zhu	者+羽	18
qianyu	翦	jian	前+羽	81
yushi	翨	chi	羽+是	0
bianyu	翩	pian	扁+羽	56
yuxiongbaxi	翪	zong	羽+凶+八+夕	0
yuxiongbadong	翪	zong	羽+凶+八+夂	0
xiyuan	翫	wan	習+元	2
yuhou	翭	hou	羽+侯	1
liyu	翮	he	鬲+羽	25
yugao	翯	he	羽+高	3
shirishirenyu	翰	han	十+日+十+人+羽	391
piaoyu	翲	piao	票+羽	1
yaoyu	翘	qiao	尧+羽	736
gaoyu	翱	ao	皋+羽	44
fanyu	翻	fan	番+羽	5742
yuyi	翼	yi	羽+異	1166
guangzhai	耀	yao	光+翟	1004
tupiebi	老	lao	土+丿+匕	39924
laobi	老	lao	老+匕	39924
laomao	耄	mao	老+毛	18
tupieri	者	zhe	土+丿+日	29752
laori	者	zhe	老+日	29752
laori	耆	qi	老+日	60
laoju	耇	gou	老+句	2
kaokou	耉	gou	考+口	0
laozhi	耋	die	老+至	19
yidianjiongee	而	er	一+丶+冂+丨+丨	135908
ernv	耍	shua	而+女	5269
erda	耎	ruan	而+大	2
ersan	耏	nai	而+彡	1
ercun	耐	nai	而+寸	2491
shaner	耑	zhuan	山+而	4
ermu	耒	lei	二+木	33
yiwei	耒	lei	一+未	33
moyi	耒	lei	末+一	33
leizi	耔	zi	耒+子	11
leijing	耕	geng	耒+井	439
leishao	耖	chao	耒+少	6
leimao	耗	hao	耒+毛	1100
leiyun	耘	yun	耒+云	84
leiba	耙	pa	耒+巴	63
leitai	耛	yi	耒+台	0
leijia	耞	jia	耒+加	1
leiju	耟	ju	耒+巨	0
leihe	耠	huo	耒+合	9
leizhu	耡	chu	耒+助	1
leixi	耤	jie	耒+昔	2
leishang	耥	tang	耒+尚	10
leiyu	耦	ou	耒+禺	58
leiru	耨	nou	耒+辱	63
leigou	耩	jiang	耒+冓	12
leipang	耪	pang	耒+旁	6
leilou	耧	lou	耒+娄	19
leilao	耢	lao	耒+劳	6
leiyou	耰	you	耒+憂	2
leimo	耱	mo	耒+磨	24
erding	耵	ding	耳+丁	6
eryi	耶	ye	耳+邑	3149
daer	耷	da	大+耳	19
erjin	耹	qin	耳+今	1
eryou	耽	dan	耳+冘	62
erhuo	耿	geng	耳+火	635
erran	聃	dan	耳+冉	18
erling	聆	ling	耳+令	101
erzheng	聇	zheng	耳+正	0
eryou	聈	you	耳+幼	0
ermao	聊	liao	耳+卯	15975
erer	聏	nv	耳+而	1
erji	聐	ya	耳+吉	0
erer	聑	zhe	耳+耳	0
ershe	聒	guo	耳+舌	14
youtu	圣	sheng	又+土	2529
erping	聘	pin	耳+甹	487
erkong	聜	di	耳+空	7
erhuo	聝	guo	耳+或	13
mener	闻	wen	门+耳	2526
zhier	聟	xu	知+耳	1
erting	聤	ting	耳+亭	1
ergui	聧	kui	耳+癸	1
erweng	聬	weng	耳+翁	2
erguan	联	lian	耳+关	3141
erzong	聪	cong	耳+总	734
aoer	聱	ao	敖+耳	3
shishie	声	sheng	士+尸+丨	7169
conger	耸	song	从+耳	235
koujin	听	ting	口+斤	31156
ergui	聩	kui	耳+贵	12
eryouyou	聂	nie	耳+又+又	810
erzhi	职	zhi	耳+只	1051
erzhan	聸	dan	耳+詹	1
erning	聍	ning	耳+宁	4
longer	聋	long	龙+耳	178
xueere	聿	yu	彐+二+丨	92
daiyu	肂	si	歹+聿	0
bishiyu	肄	yi	匕+矢+聿	8
hupoyu	肇	zhao	戶+攴+聿	200
hufanyu	肇	zhao	户+攵+聿	200
jiongrenren	肉	rou	冂+人+人	6416
jiongruru	肉	rou	冂+入+入	6416
rouyi	肊	yi	肉+乙	0
yueyi	肊	yi	月+乙	0
rouli	肋	le	肉+力	135
yueli	肋	le	月+力	135
rouji	肌	ji	肉+几	911
yueji	肌	ji	月+几	911
rurou	肏	cao	入+肉	298
rouqi	肐	qi	肉+乞	1
yueqi	肐	qi	月+乞	1
rouwan	肒	huan	肉+丸	0
yuewan	肒	huan	月+丸	0
wangrou	肓	huang	亡+肉	25
wangyue	肓	huang	亡+月	25
rouren	肕	ren	肉+刃	1
yueren	肕	ren	月+刃	1
xiaorou	肖	xiao	小+肉	2577
xiaoyue	肖	xiao	小+月	2577
roucun	肘	zhou	肉+寸	263
yuecun	肘	zhou	月+寸	263
kouyue	肙	yuan	口+月	1
routu	肚	du	肉+土	535
yuetu	肚	du	月+土	535
rougong	肛	gang	肉+工	152
yuegong	肛	gang	月+工	152
rousan	肜	rong	肉+彡	7
yuesan	肜	rong	月+彡	7
rougan	肝	gan	肉+干	1504
yuegan	肝	gan	月+干	1504
roukui	肟	wo	肉+亏	37
yuekui	肟	wo	月+亏	37
roushu	股	gu	肉+殳	16667
yueshu	股	gu	月+殳	16667
rouzhi	肢	zhi	肉+支	184
yuezhi	肢	zhi	月+支	184
roujin	肣	qin	肉+今	0
yuejin	肣	qin	月+今	0
rouba	肥	fei	肉+巴	2808
yueba	肥	fei	月+巴	2808
hurou	肩	jian	戶+肉	1126
huyue	肩	jian	戶+月	1126
roufang	肪	fang	肉+方	19
yuefang	肪	fang	月+方	19
routun	肫	zhun	肉+屯	16
yuetun	肫	zhun	月+屯	16
rouyou	肬	you	肉+尤	1
yueyou	肬	you	月+尤	1
rounei	肭	na	肉+內	3
yuenei	肭	na	月+內	3
roukang	肮	ang	肉+亢	15
yuekang	肮	ang	月+亢	15
zhirou	肯	ken	止+肉	2642
zhiyue	肯	ken	止+月	2642
wensirou	育	yu	亠+厶+肉	876
wensiyue	育	yu	亠+厶+月	876
roujin	肵	qi	肉+斤	1
yuejin	肵	qi	月+斤	1
rouqian	肷	qian	肉+欠	4
yueqian	肷	qian	月+欠	4
roubashi	肸	xi	肉+八+十	2
yuebashi	肸	xi	月+八+十	2
roupo	肺	fei	肉+巿	1611
yuepo	肺	fei	月+巿	1611
roujing	肼	jing	肉+井	30
yuejing	肼	jing	月+井	30
routai	肽	tai	肉+太	266
yuetai	肽	tai	月+太	266
roushen	胂	shen	肉+申	9
yueshen	胂	shen	月+申	9
tianrou	胃	wei	田+肉	2227
tianyue	胃	wei	田+月	2227
yourou	胄	zhou	由+肉	40
youyue	胄	zhou	由+月	40
roushi	胅	die	肉+失	1
yueshi	胅	die	月+失	1
roufu	胇	fei	肉+弗	0
yuefu	胇	fei	月+弗	0
rouba	胈	ba	肉+犮	1
yueba	胈	ba	月+犮	1
roubai	胉	bo	肉+白	1
yuebai	胉	bo	月+白	1
rouju	胊	xu	肉+句	1
yueju	胊	xu	月+句	1
rougua	胍	gua	肉+瓜	31
yuegua	胍	gua	月+瓜	31
routai	胎	tai	肉+台	962
yuetai	胎	tai	月+台	962
rouchu	胐	ku	肉+出	0
yuechu	胐	ku	月+出	0
rouzhi	胑	zhi	肉+只	1
yuezhi	胑	zhi	月+只	1
cirou	胔	zi	此+肉	2
ciyue	胔	zi	此+月	2
roufu	胕	zhou	肉+付	1
yuefu	胕	zhou	月+付	1
rouban	胖	pang	肉+半	4710
yueban	胖	pang	月+半	4710
rourensan	胗	zhen	肉+人+彡	21
yuerensan	胗	zhen	月+人+彡	21
rouxuan	胘	xian	肉+玄	1
yuexuan	胘	xian	月+玄	1
rouzha	胙	zuo	肉+乍	5
yuezha	胙	zuo	月+乍	5
roupi	胚	pei	肉+丕	224
yuepi	胚	pei	月+丕	224
roujia	胛	jia	肉+甲	7
yuejia	胛	jia	月+甲	7
roudi	胝	zhi	肉+氐	13
yuedi	胝	zhi	月+氐	13
roubao	胞	bao	肉+包	271
yuebao	胞	bao	月+包	271
rouqu	胠	qu	肉+去	1
yuequ	胠	qu	月+去	1
gurou	胡	hu	古+肉	6006
guyue	胡	hu	古+月	6006
roupieyiye	胣	chi	肉+丿+一+也	0
yuepieyiye	胣	chi	月+丿+一+也	0
shuyue	胥	xu	疋+月	183
rouyang	胦	yang	肉+央	0
yueyang	胦	yang	月+央	0
rouka	胩	ka	肉+卡	4
yueka	胩	ka	月+卡	4
nurou	胬	nu	奴+肉	19
nuyue	胬	nu	奴+月	19
rouyin	胭	yan	肉+因	27
yueyin	胭	yan	月+因	27
roukua	胯	kua	肉+夸	113
yuekua	胯	kua	月+夸	113
rouyi	胰	yi	肉+夷	139
yueyi	胰	yi	月+夷	139
rouguang	胱	guang	肉+光	19
yueguang	胱	guang	月+光	19
rouhai	胲	hai	肉+亥	4
yuehai	胲	hai	月+亥	4
rouge	胳	ge	肉+各	23
yuege	胳	ge	月+各	23
routong	胴	dong	肉+同	13
yuetong	胴	dong	月+同	13
rouzhi	胵	zhi	肉+至	1
yuezhi	胵	zhi	月+至	1
rouxiong	胸	xiong	肉+匈	1827
yuexiong	胸	xiong	月+匈	1827
rouer	胹	er	肉+而	1
yueer	胹	er	月+而	1
rouan	胺	an	肉+安	338
yuean	胺	an	月+安	338
rouxing	胻	heng	肉+行	0
yuexing	胻	heng	月+行	0
siroubibi	能	neng	厶+肉+匕+匕	161410
siyuebibi	能	neng	厶+月+匕+匕	161410
shigerou	胾	zi	十+戈+肉	1
tugerou	胾	zi	土+戈+肉	1
chengrou	脀	zheng	丞+肉	1
chengyue	脀	zheng	丞+月	1
rouzhao	脁	tiao	肉+兆	3
yuezhao	脁	tiao	月+兆	3
rouzhi	脂	zhi	肉+旨	610
yuezhi	脂	zhi	月+旨	610
rouban	胁	xie	肉+办	165
yueban	胁	xie	月+办	165
rouwei	脆	cui	肉+危	583
yuewei	脆	cui	月+危	583
rouxie	脇	xie	肉+劦	2
yuexie	脇	xie	月+劦	2
rouyong	脉	mai	肉+永	972
yueyong	脉	mai	月+永	972
rourenerer	脊	ji	肉+人+二+二	230
yuerenerer	脊	ji	月+人+二+二	230
rousha	脎	sa	肉+杀	2
yuesha	脎	sa	月+杀	2
roumi	脒	mi	肉+米	14
yuemi	脒	mi	月+米	14
roumian	脕	wen	肉+免	11
yuemian	脕	wen	月+免	11
roubei	脖	bo	肉+孛	175
yuebei	脖	bo	月+孛	175
rouwan	脘	wan	肉+完	36
yuewan	脘	wan	月+完	36
rouqiu	脙	xiu	肉+求	15
yueqiu	脙	xiu	月+求	15
rousheng	胫	jing	肉+圣	63
yuesheng	胫	jing	月+圣	63
rouheng	脝	heng	肉+亨	8
yueheng	脝	heng	月+亨	8
rouzuo	脞	cuo	肉+坐	5
yuezuo	脞	cuo	月+坐	5
routing	脡	ting	肉+廷	12
yueting	脡	ting	月+廷	12
roumei	脢	mei	肉+每	13
yuemei	脢	mei	月+每	13
chenrou	脣	chun	辰+肉	18
chenyue	脣	chun	辰+月	18
rouchen	脤	shen	肉+辰	10
yuechen	脤	shen	月+辰	10
rouqun	脧	zui	肉+夋	8
yuequn	脧	zui	月+夋	8
yourou	脩	xiu	攸+肉	20
youyue	脩	xiu	攸+月	20
roudui	脱	tuo	肉+兑	2753
yuedui	脱	tuo	月+兑	2753
roufu	脬	pao	肉+孚	6
yuefu	脬	pao	月+孚	6
roucheng	脭	cheng	肉+呈	13
yuecheng	脭	cheng	月+呈	13
roufu	脯	pu	肉+甫	28
yuefu	脯	pu	月+甫	28
roudou	脰	dou	肉+豆	17
yuedou	脰	dou	月+豆	17
rouniao	脲	niao	肉+尿	128
yueniao	脲	niao	月+尿	128
rouchang	胀	zhang	肉+长	407
yuechang	胀	zhang	月+长	407
rouzu	脺	sui	肉+卒	5
yuezu	脺	sui	月+卒	5
rouzhui	脽	shui	肉+隹	3
yuezhui	脽	shui	月+隹	3
roubei	脾	pi	肉+卑	494
yuebei	脾	pi	月+卑	494
roubing	胼	pian	肉+并	6
yuebing	胼	pian	月+并	6
roujuan	腃	quan	肉+卷	1
yuejuan	腃	quan	月+卷	1
rouchui	腄	hou	肉+垂	2
yuechui	腄	hou	月+垂	2
roudian	腆	tian	肉+典	19
yuedian	腆	tian	月+典	19
rouwei	腇	nei	肉+委	0
yuewei	腇	nei	月+委	0
rouqing	腈	jing	肉+青	30
yueqing	腈	jing	月+青	30
rouye	腋	ye	肉+夜	51
yueye	腋	ye	月+夜	51
rounian	腍	ren	肉+念	3
yuenian	腍	ren	月+念	3
eeyourou	肾	shen	丨+丨+又+肉	1252
eeyouyue	肾	shen	丨+丨+又+月	1252
furou	腐	fu	府+肉	466
guangfurou	腐	fu	广+付+肉	466
roufu	腑	fu	肉+府	72
yuefu	腑	fu	月+府	72
rouju	腒	ju	肉+居	0
yueju	腒	ju	月+居	0
roufei	腓	fei	肉+非	46
yuefei	腓	fei	月+非	46
roukong	腔	qiang	肉+空	812
yuekong	腔	qiang	月+空	812
rouwan	腕	wan	肉+宛	378
yuewan	腕	wan	月+宛	378
roudong	胨	dong	肉+东	4
yuedong	胨	dong	月+东	4
rouzong	腙	zong	肉+宗	19
yuezong	腙	zong	月+宗	19
rouding	腚	ding	肉+定	111
yueding	腚	ding	月+定	111
rouwu	腛	wo	肉+屋	1
yuewu	腛	wo	月+屋	1
roumou	腜	mei	肉+某	0
yuemou	腜	mei	月+某	0
routuan	腞	zhuan	肉+彖	0
yuetuan	腞	zhuan	月+彖	0
roushi	腟	chi	肉+室	0
yueshi	腟	chi	月+室	0
rouzou	腠	cou	肉+奏	27
yuezou	腠	cou	月+奏	27
rouguo	脶	luo	肉+呙	4
yueguo	脶	luo	月+呙	4
rouyu	腢	ou	肉+禺	0
yueyu	腢	ou	月+禺	0
rouyin	腤	an	肉+音	1
yueyin	腤	an	月+音	1
rouxing	腥	xing	肉+星	240
yuexing	腥	xing	月+星	240
roushu	腧	shu	肉+俞	6
yueshu	腧	shu	月+俞	6
rounan	腩	nan	肉+南	44
yuenan	腩	nan	月+南	44
rouzhong	肿	zhong	肉+中	859
yuezhong	肿	zhong	月+中	859
roue	腭	e	肉+咢	44
yuee	腭	e	月+咢	44
rousi	腮	sai	肉+思	209
yuesi	腮	sai	月+思	209
roudun	腯	tu	肉+盾	1
yuedun	腯	tu	月+盾	1
rouyao	腰	yao	肉+要	2606
yueyao	腰	yao	月+要	2606
roujian	腱	jian	肉+建	52
yuejian	腱	jian	月+建	52
rouwei	腲	wei	肉+畏	0
yuewei	腲	wei	月+畏	0
rouque	脚	jiao	肉+却	5573
yueque	脚	jiao	月+却	5573
rouyu	腴	yu	肉+臾	46
yueyu	腴	yu	月+臾	46
rouduan	腶	duan	肉+段	1
yueduan	腶	duan	月+段	1
rougongpiepie	肠	chang	肉+弓+丿+丿	900
yuegongpiepie	肠	chang	月+弓+丿+丿	900
roufu	腹	fu	肉+复	870
yuefu	腹	fu	月+复	870
rouquan	腺	xian	肉+泉	283
yuequan	腺	xian	月+泉	283
routui	腿	tui	肉+退	4066
yuetui	腿	tui	月+退	4066
roupang	膀	bang	肉+旁	52
yuepang	膀	bang	月+旁	52
lvrou	膂	lv	旅+肉	4
lvyue	膂	lv	旅+月	4
rousu	膆	su	肉+素	1
yuesu	膆	su	月+素	1
rouzhui	膇	zhui	肉+追	0
yuezhui	膇	zhui	月+追	0
rouli	膈	ge	肉+鬲	66
yueli	膈	ge	月+鬲	66
rouyi	膉	yi	肉+益	1
yueyi	膉	yi	月+益	1
roupo	膊	bo	肉+尃	272
yuepo	膊	bo	月+尃	272
rouji	膌	ji	肉+脊	1
yueji	膌	ji	月+脊	1
rouxinbi	膍	pi	肉+囟+比	1
yuexinbi	膍	pi	月+囟+比	1
gaorou	膏	gao	高+肉	703
gaoyue	膏	gao	高+月	703
roucui	膗	chuai	肉+崔	0
yuecui	膗	chuai	月+崔	0
roupiao	膘	biao	肉+票	110
yuepiao	膘	biao	月+票	110
rouqiang	膙	jiang	肉+強	1
yueqiang	膙	jiang	月+強	1
roufu	肤	fu	肉+夫	282
yuefu	肤	fu	月+夫	282
routang	膛	tang	肉+堂	91
yuetang	膛	tang	月+堂	91
roumo	膜	mo	肉+莫	2247
yuemo	膜	mo	月+莫	2247
rouqi	膝	xi	肉+桼	341
yueqi	膝	xi	月+桼	341
roulv	膟	lu	肉+率	0
yuelv	膟	lu	月+率	0
roujiao	胶	jiao	肉+交	1356
yuejiao	胶	jiao	月+交	1356
rouzhi	膣	zhi	肉+窒	7
yuezhi	膣	zhi	月+窒	7
routong	膧	tong	肉+童	1
yuetong	膧	tong	月+童	1
roupeng	膨	peng	肉+彭	91
yuepeng	膨	peng	月+彭	91
rouer	腻	ni	肉+贰	1055
yueer	腻	ni	月+贰	1055
rouchi	膪	chuai	肉+啻	1
yuechi	膪	chuai	月+啻	1
rouliao	膫	liao	肉+尞	1
yueliao	膫	liao	月+尞	1
roucui	膬	cui	肉+毳	1
yuecui	膬	cui	月+毳	1
roufan	膰	fan	肉+番	1
yuefan	膰	fan	月+番	1
roujiao	膲	jiao	肉+焦	2
yuejiao	膲	jiao	月+焦	2
roushan	膳	shan	肉+善	116
yueshan	膳	shan	月+善	116
roucui	膵	cui	肉+萃	1
yuecui	膵	cui	月+萃	1
guangrenzhuirou	膺	ying	广+人+隹+肉	42
guangrenzhuiyue	膺	ying	广+人+隹+月	42
guangsuirou	膺	ying	广+倠+肉	42
roudan	膻	shan	肉+亶	43
yuedan	膻	shan	月+亶	43
roudan	胆	dan	肉+旦	1035
yuedan	胆	dan	月+旦	1035
rouhui	脍	kuai	肉+会	24
yuehui	脍	kuai	月+会	24
rounong	脓	nong	肉+农	261
yuenong	脓	nong	月+农	261
roudian	臀	tun	肉+殿	369
yuedian	臀	tun	月+殿	369
roulian	臁	lian	肉+廉	8
yuelian	臁	lian	月+廉	8
roubi	臂	bi	肉+辟	655
yuebi	臂	bi	月+辟	655
rouyong	臃	yong	肉+雍	11
yueyong	臃	yong	月+雍	11
rouju	臄	jue	肉+豦	1
yueju	臄	jue	月+豦	1
roushu	臅	chu	肉+蜀	1
yueshu	臅	chu	月+蜀	1
rouyi	臆	yi	肉+意	32
yueyi	臆	yi	月+意	32
roujuan	臇	juan	肉+雋	1
yuejuan	臇	juan	月+雋	1
rouge	臈	la	肉+葛	2
yuege	臈	la	月+葛	2
rouqian	脸	lian	肉+佥	7322
yueqian	脸	lian	月+佥	7322
rouzao	臊	sao	肉+喿	61
yuezao	臊	sao	月+喿	61
rougu	臌	gu	肉+鼓	22
yuegu	臌	gu	月+鼓	22
rouqi	脐	qi	肉+齐	161
yueqi	脐	qi	月+齐	161
roubin	膑	bin	肉+宾	15
yuebin	膑	bin	月+宾	15
rouxun	臐	xun	肉+熏	0
yuexun	臐	xun	月+熏	0
rouxu	臑	nao	肉+需	2
yuexu	臑	nao	月+需	2
rouzhuang	脏	zang	肉+庄	1786
yuezhuang	脏	zang	月+庄	1786
roupao	臕	biao	肉+麃	0
yuepao	臕	biao	月+麃	0
rouxi	腊	la	肉+昔	158
yuexi	腊	la	月+昔	158
rouyan	臙	yan	肉+燕	2
yueyan	臙	yan	月+燕	2
roulu	胪	lu	肉+卢	11
yuelu	胪	lu	月+卢	11
rouhuo	臛	huo	肉+霍	2
yuehuo	臛	huo	月+霍	2
wangkouyueguofan	臝	luo	亡+口+月+果+凡	1
rouqu	臞	qu	肉+瞿	2
yuequ	臞	qu	月+瞿	2
yirou	脔	luan	亦+肉	5
juee	臣	chen	巨+丨+丨	1390
judiandian	臣	chen	巨+丶+丶	1390
chenbu	卧	wo	臣+卜	639
panwuchen	臧	zang	爿+戊+臣	227
eepieyidiankoue	临	lin	丨+丨+丿+一+丶+口+丨	1838
dianmu	自	zi	丶+目	14405
zimu	臬	nie	自+木	10
ziquan	臭	chou	自+犬	2596
niewei	臲	nie	臬+危	1
yisitu	至	zhi	一+厶+土	17782
zhifan	致	zhi	至+攵	2826
shigezhi	臷	zhi	十+戈+至	2
tugezhi	臷	zhi	土+戈+至	2
zhizhi	臸	zhi	至+至	3
zhicheng	臹	xiu	至+成	0
zhiqin	臻	zhen	至+秦	339
pieeyixue	臼	jiu	丿+丨+一+彐	72
jiuren	臾	yu	臼+人	6
qianjiu	臿	cha	千+臼	2
ganjiu	臿	cha	干+臼	2
zhuajiu	舀	yao	爪+臼	127
fuyijiu	舂	chong	夫+一+臼	33
jiubaohuo	舄	xi	臼+勹+火	17
jiunan	舅	jiu	臼+男	250
xingere	举	ju	兴+二+丨	2164
eri	旧	jiu	丨+日	5456
qiankou	舌	she	千+口	875
sheshi	舐	shi	舌+氏	34
sheran	舑	tian	舌+冉	1
sheyu	舒	shu	舍+予	1693
shetian	舔	tian	舌+忝	1418
sheyan	舕	tan	舌+炎	1
jinfu	铺	pu	金+甫	1930
jinjinfu	铺	pu	金+金+甫	1930
rensheguan	舘	guan	人+舌+官	3
xixie	舛	chuan	夕+匸+丨	59
pieyixiyichuan	舞	wu	丿+一+卌+一+舛	3233
pieyiyieeeeyichuan	舞	wu	丿+一+一+丨+丨+丨+丨+一+舛	3233
dianjiongyidiandian	舟	zhou	丶+冂+一+丶+丶	894
dianjiongyidiane	舟	zhou	丶+冂+一+丶+丨	894
zhoudao	舠	dao	舟+刀	1
zhougong	舡	chuan	舟+工	3
zhoushan	舢	shan	舟+山	3
zhouba	舥	pa	舟+巴	1
zhoufan	舨	ban	舟+反	3
zhougong	舩	fan	舟+公	0
zhoukang	航	hang	舟+亢	1145
zhoufang	舫	fang	舟+方	84
zhoushu	般	ban	舟+殳	4577
zhoubi	舭	bi	舟+比	1
zhouzhong	舯	zhong	舟+中	4
zhouling	舲	ling	舟+令	8
zhouyou	舳	zhu	舟+由	5
zhouzha	舴	ze	舟+乍	6
zhouta	舵	duo	舟+它	132
zhoubai	舶	bo	舟+白	70
zhouxuan	舷	xian	舟+玄	72
zhouke	舸	ge	舟+可	78
zhoubakou	船	chuan	舟+八+口	4132
zhoujia	舺	xia	舟+甲	2
zhougong	舼	qiong	舟+共	1
zhouxi	舾	xi	舟+西	9
zhoufu	艀	fu	舟+孚	0
zhoupang	艂	feng	舟+夆	0
zhouxiao	艄	shao	舟+肖	5
zhouyu	艅	yu	舟+余	1
zhouting	艇	ting	舟+廷	277
zhouyi	艉	wei	舟+尾	9
zhoumeng	艋	meng	舟+孟	9
zhouhuang	艎	huang	舟+皇	1
zhoushou	艏	shou	舟+首	14
zhouxiongbaxi	艐	zong	舟+凶+八+夕	1
zhouxiongbadong	艐	zong	舟+凶+八+夂	1
zhoubian	艑	bian	舟+扁	1
zhoumao	艒	mu	舟+冒	0
zhoupang	艕	bang	舟+旁	0
zhoucha	艖	cha	舟+差	0
zhouyi	艗	yi	舟+益	0
zhousou	艘	sou	舟+叟	630
zhoucang	舱	cang	舟+仓	587
zhoucao	艚	cao	舟+曹	4
zhouyao	艞	yao	舟+筄	1
zhoutong	艟	chong	舟+童	5
zhouyi	舣	yi	舟+义	10
zhoujian	舰	jian	舟+见	620
zhoumeng	艨	meng	舟+蒙	3
zhoulu	舻	lu	舟+卢	13
zhouchan	艬	chan	舟+毚	0
diangen	良	liang	丶+艮	2770
yougen	艰	jian	又+艮	104
daoba	色	se	刀+巴	7601
fuse	艴	fu	弗+色	5
bingse	艵	ping	并+色	0
fengse	艳	yan	丰+色	1481
shanshan	艸	cao	山+山	6
yiee	艹	cao	一+丨+丨	231
caoding	艼	ting	草+丁	1
caojiu	艽	jiao	草+九	6
caoyi	艾	ai	草+乂	2586
caonai	艿	nai	草+乃	9
caodao	芀	tiao	草+刀	0
caofan	芃	peng	草+凡	33
caowan	芄	wan	草+丸	7
caoyi	芅	yi	草+弋	0
caoqian	芊	qian	草+千	88
caoyu	芋	yu	草+于	109
caoshao	芍	shao	草+勺	60
caogong	芎	xiong	草+弓	12
caotu	芏	du	草+土	9
caoxia	芐	xia	草+下	19
caoji	芑	qi	草+己	8
caowang	芒	mang	草+亡	467
caozi	芓	zi	草+子	2
caobi	芘	bi	草+比	14
caofu	芙	fu	草+夫	351
caotun	芚	tun	草+屯	0
caoyin	芛	wei	草+尹	1
caozhi	芝	zhi	草+之	1009
caoqi	芞	qi	草+气	1
caoshu	芟	shan	草+殳	8
caowen	芠	wen	草+文	43
caoqian	芡	qian	草+欠	55
caoren	芢	ren	草+仁	3
caobu	芣	fu	草+不	20
caokong	芤	kou	草+孔	8
caojie	芥	jie	草+介	66
caoyu	芧	zhu	草+予	2
caoji	芨	ji	草+及	16
caojin	芩	qin	草+今	40
caoshi	芪	qi	草+氏	31
caoyuan	芫	yan	草+元	20
caofen	芬	fen	草+分	1301
caoba	芭	ba	草+巴	284
caonei	芮	rui	草+內	202
caoxin	芯	xin	草+心	1078
caozhi	芰	ji	草+支	13
caohua	花	hua	草+化	23744
caofang	芳	fang	草+方	2403
caowu	芴	wu	草+勿	11
caoguai	芵	jue	草+夬	2
caogou	芶	gou	草+勾	4
caozhi	芷	zhi	草+止	306
caoyun	芸	yun	草+云	743
caojin	芹	qin	草+斤	290
caoyao	芺	ao	草+夭	3
caomao	芼	mao	草+毛	2
caoya	芽	ya	草+牙	600
caopo	芾	fei	草+巿	15
caoreng	芿	reng	草+仍	1
caokang	苀	hang	草+亢	1
caohuo	苂	yin	草+火	1
caoyou	苃	you	草+友	2
caobian	苄	bian	草+卞	49
caoyi	苅	yi	草+刈	3
caoe	苊	e	草+厄	7
caoyuan	苑	yuan	草+夗	1349
caoran	苒	ran	草+冉	64
caoling	苓	ling	草+令	131
caotai	苔	tai	草+台	392
caozhao	苕	tiao	草+召	42
caoyou	苖	di	草+由	1
caotian	苗	miao	草+田	1723
caoli	苙	li	草+立	3
caoke	苛	ke	草+可	119
caomu	苜	mu	草+目	19
caobao	苞	bao	草+包	200
caoju	苟	gou	草+句	290
caomin	苠	min	草+民	5
caoyi	苡	yi	草+以	40
caoju	苣	ju	草+巨	16
caopi	苤	pie	草+丕	12
caoyou	若	ruo	草+右	11227
caogu	苦	ku	草+古	5038
caobaoyi	苎	zhu	草+宀+一	21
caoni	苨	ni	草+尼	3
caobing	苪	bing	草+丙	1
caozhan	苫	shan	草+占	28
caoqiu	苬	xiu	草+囚	1
caoyou	苭	yao	草+幼	0
caoben	苯	ben	草+本	639
caohong	苰	hong	草+弘	12
caoyang	英	ying	草+央	4588
caozha	苲	zha	草+乍	1
caodong	苳	dong	草+冬	2
caoqie	苴	ju	草+且	33
caoshi	苵	die	草+失	0
caomi	苶	nie	草+尒	2
caogan	苷	gan	草+甘	161
caomu	苺	mei	草+母	2
caofu	苻	fu	草+付	34
caogua	苽	gua	草+瓜	2
caobi	苾	bi	草+必	10
caofu	茀	fu	草+弗	15
caochu	茁	zhuo	草+出	24
caowu	茂	mao	草+戊	933
caojia	茄	jia	草+加	231
caomao	茅	mao	草+矛	449
caomao	茆	mao	草+卯	28
caoba	茇	ba	草+犮	17
caoci	茈	zi	草+此	6
caomo	茉	mo	草+末	112
caoshi	茌	chi	草+仕	14
caoju	茍	ji	草+句	5
caoge	茖	luo	草+各	3
caoming	茗	ming	草+名	353
caoli	茘	li	草+刕	1
caorong	茙	rong	草+戎	0
caoyin	茚	yin	草+印	13
caogen	茛	gen	草+艮	6
caoxi	茜	qian	草+西	389
caochen	茞	chen	草+臣	1
caoxiu	茠	xiu	草+休	3
caolie	茢	lie	草+列	1
caoduo	茤	ji	草+多	4
caogui	茥	gui	草+圭	0
caoci	茦	ci	草+朿	0
caoci	茨	ci	草+次	456
caohou	茩	hou	草+后	1
caoguang	茪	guang	草+光	1
caoshuiwang	茫	mang	草+水+亡	124
caozai	茬	cha	草+在	272
caojiao	茭	jiao	草+交	16
caofu	茯	fu	草+伏	11
caozhu	茱	zhu	草+朱	29
caojiang	茳	jiang	草+江	8
caohui	茴	hui	草+回	47
caoyin	茵	yin	草+因	348
caorenyixiao	茶	cha	草+人+一+小	4823
caofa	茷	pei	草+伐	1
caoer	茸	rong	草+耳	142
caoru	茹	ru	草+如	574
caochong	茺	chong	草+充	4
caocao	茻	mu	艸+艸	1
caotong	茼	tong	草+同	9
caogong	茿	zhu	草+巩	1
caoxun	荀	xun	草+旬	137
caogen	荁	huan	草+亘	1
caokua	荂	fu	草+夸	1
caoquan	荃	quan	草+全	189
caohai	荄	gai	草+亥	2
caohe	荅	ta	草+合	3
caoxing	荇	xing	草+行	47
caochuan	荈	chuan	草+舛	14
caozao	草	cao	草+早	7871
jingdao	荆	jing	井+刀	408
caoer	荋	er	草+而	1
caoan	荌	an	草+安	2
caoshou	荍	qiao	草+收	2
caozhi	荎	chi	草+至	1
caoren	荏	ren	草+任	21
caoyi	荑	yi	草+夷	12
caohuang	荒	huang	草+巟	652
caobing	荓	ping	草+并	1
caoxie	荔	li	草+劦	153
caolao	荖	lao	草+老	4
guangtu	庄	zhuang	广+土	3153
caodou	荳	dou	草+豆	2
caofu	荴	fu	草+扶	0
caoren	荵	ren	草+忍	1
caoyin	荶	yin	草+吟	1
caohe	荷	he	草+何	1265
caobei	荸	bi	草+孛	3
caojun	荺	yun	草+均	1
caodi	荻	di	草+狄	150
caoyu	荼	tu	草+余	150
caotuo	荽	sui	草+妥	5
caoqun	荾	sui	草+夋	1
caocheng	荿	cheng	草+成	2
caowu	莁	wu	草+巫	1
caoxi	莃	xi	草+希	38
caofu	莆	pu	草+甫	51
caozhu	莇	zhu	草+助	1
caomei	莈	mo	草+沒	12
caoli	莉	li	草+利	1093
caozuo	莋	zuo	草+作	6
caodui	莌	tuo	草+兑	1
caoqiu	莍	qiu	草+求	1
caosha	莎	sha	草+沙	341
caochao	莏	suo	草+抄	1
caoshen	莐	chen	草+沈	1
caolv	莒	ju	草+吕	30
caomei	莓	mei	草+每	94
caojiong	莔	xi	草+囧	31
caoxing	莕	xing	草+杏	1
caosheng	茎	jing	草+圣	417
caoxin	莘	xin	草+辛	119
caojun	莙	jun	草+君	2
caoyan	莚	yan	草+延	1
caoting	莛	ting	草+廷	9
caoyou	莜	you	草+攸	41
caozuo	莝	cuo	草+坐	1
caowan	莞	guan	草+完	147
caojin	莟	han	草+今	0
caoxiu	莠	you	草+秀	14
caojia	荚	jia	草+夹	70
caowang	莣	wang	草+忘	11
caoyou	莤	you	草+酉	2
caoniu	莥	rou	草+狃	0
caoxiao	莦	xiao	草+肖	1
caojian	苋	xian	草+见	22
caoliang	莨	lang	草+良	12
caofu	莩	piao	草+孚	2
caowo	莪	e	草+我	431
caorida	莫	mo	草+日+大	4509
caoyueda	莫	mo	艹+曰+大	4509
caonan	莮	nan	草+男	6
caomu	莯	mu	草+沐	3
caokan	莰	kan	草+坎	4
caoci	莿	ci	草+刺	1
caowan	菀	wan	草+宛	41
caoqing	菁	jing	草+青	356
caode	菂	di	草+的	33
caoju	菃	qu	草+洰	0
caoguan	菅	jian	草+官	33
caoqu	菆	zou	草+取	1
caogu	菇	gu	草+姑	252
caola	菈	la	草+拉	28
caolu	菉	lu	草+彔	3
caoju	菊	ju	草+匊	1046
caobaomi	菊	ju	草+勹+米	1046
caowei	菋	wei	草+味	6
caoqun	菌	jun	草+囷	1152
caokun	菎	kun	草+昆	1
caohe	菏	he	草+河	28
caozai	菑	zi	草+甾	7
caofu	菔	fu	草+服	5
caochang	菖	chang	草+昌	9
caochou	菗	chou	草+抽	2
caosong	菘	song	草+松	31
caochui	菙	chui	草+垂	0
caocai	菜	cai	草+采	7620
caoba	菝	ba	草+犮	2
caohebaopie	菞	li	草+禾+勹+丿	1
caotu	菟	tu	草+兔	33
caobo	菠	bo	草+波	30
caohan	菡	han	草+函	94
caobao	菢	bao	草+抱	25
caojuan	菤	juan	草+卷	1
caoxi	菥	xi	草+析	7
caodi	菧	di	草+底	1
caoqie	菨	sha	草+妾	0
caodang	菪	dang	草+宕	6
caozhao	菬	zhao	草+沼	0
caogeng	菮	geng	草+庚	0
huashi	华	hua	化+十	7045
caogu	菰	gu	草+孤	22
caoling	菱	ling	草+夌	343
caofei	菲	fei	草+非	1773
caojin	菳	qin	草+金	1
caoyan	菴	yan	草+奄	5
caowang	菵	wang	草+罔	1
caofeng	菶	beng	草+奉	1
caozhou	菷	zhou	草+帚	0
caoju	菹	zu	草+沮	13
caojian	菺	jian	草+肩	1
caolin	菻	lin	草+林	2
caoyan	菼	tan	草+炎	3
caoshu	菽	shu	草+叔	27
caotian	菾	tian	草+忝	1
caodao	菿	dao	草+到	18
caoqi	萁	qi	草+其	22
caozu	萃	cui	草+卒	124
caotao	萄	tao	草+匋	27
caobei	萆	bi	草+卑	4
caochang	苌	chang	草+长	29
caofei	萉	fu	草+肥	1
caolai	莱	lai	草+来	1188
caoqi	萋	qi	草+妻	9
caoming	萌	meng	草+明	1004
caoshuiping	萍	ping	草+水+平	1274
caowei	萎	wei	草+委	140
caoqie	萐	sha	草+疌	0
caoyan	萒	yan	草+兖	0
caoyi	萓	yi	草+宜	0
caoqi	荠	qi	草+齐	13
caonai	萘	nai	草+奈	72
caotie	萜	tie	草+帖	37
caopeng	萠	meng	草+朋	2
caoqiu	萩	qiu	草+秋	13
caoke	萪	ke	草+科	1
caoxiang	萫	xiang	草+香	2
caoyu	萭	yu	草+禹	2
caojian	萰	lian	草+柬	0
caoxuan	萱	xuan	草+宣	370
caoyuan	萲	xuan	草+爰	0
caonan	萳	nan	草+南	1
caoguo	莴	wo	草+呙	7
caochun	萶	chun	草+春	1
caoxiao	萷	xiao	草+削	1
caoyu	萸	yu	草+臾	28
caobian	萹	bian	草+扁	1
caomao	萺	mu	草+冒	1
caoyin	萻	an	草+音	1
caoe	萼	e	草+咢	72
caoluo	落	luo	草+洛	5191
caohuo	萿	kuo	草+活	4
caokuo	葀	kuo	草+括	0
caomian	葂	mian	草+勉	0
caozuo	葃	zuo	草+昨	2
caozuo	葄	zuo	草+胙	1
caozu	葅	zu	草+俎	1
caobao	葆	bao	草+保	167
caorou	葇	rou	草+柔	3
caoxi	葈	xi	草+枲	0
taimu	葈	xi	苔+木	0
koushi	叶	ye	口+十	6660
caoqu	葋	qu	草+朐	0
caojian	葌	jian	草+姦	0
caolv	葎	lv	草+律	2
caopen	葐	pen	草+盆	0
fenmin	葐	pen	芬+皿	0
caofeng	葑	feng	草+封	22
caohong	荭	hong	草+红	16
caohou	葔	hou	草+侯	2
caotu	葖	tu	草+突	1
yangpiemu	着	zhe	羊+丿+目	87757
caozhe	著	zhu	草+者	3225
caoxiang	葙	xiang	草+相	15
caoshen	葚	ren	草+甚	7
caohe	葛	ge	草+曷	1383
caoqi	葜	qia	草+契	7
caomi	葞	mi	草+弭	0
caohuang	葟	huang	草+皇	0
caoqin	葠	shen	草+侵	1
caopu	葡	pu	草+匍	174
caozhong	董	dong	草+重	2494
caozhou	荮	zhou	草+纣	2
caoqian	葥	qian	草+前	1
caowei	苇	wei	草+韦	273
caobo	葧	bo	草+勃	1
caowei	葨	wei	草+畏	0
caohu	葫	hu	草+胡	25
caoduan	葮	duan	草+段	2
caoyue	药	yao	草+约	7930
caojun	葰	suo	草+俊	5
caowei	葳	wei	草+威	62
caoxian	葴	zhen	草+咸	1
caogui	葵	kui	草+癸	397
caoting	葶	ting	草+亭	40
caojun	荤	hun	草+军	453
caosi	葸	xi	草+思	13
caoshi	葹	shi	草+施	1
caoqi	葺	qi	草+咠	25
caokouer	葺	qi	草+口+耳	25
caoyao	葽	yao	草+要	17
caoyuan	葾	yuan	草+怨	1
yuanxin	葾	yuan	苑+心	1
caodi	蒂	di	草+帝	885
caoguan	蒄	guan	草+冠	2
caogongnv	蒆	xue	草+巩+女	0
caojie	蒈	kai	草+皆	11
caopai	蒎	pai	草+派	7
caogui	蒐	sou	草+鬼	3
caoyin	蒑	yin	草+殷	0
caochun	莼	chun	草+纯	26
caoshi	莳	shi	草+时	29
caolang	蒗	lang	草+浪	4
caoru	蒘	ru	草+挐	0
rushou	蒘	ru	茹+手	0
caoli	蒚	li	草+鬲	0
caoque	蒛	que	草+缺	1
caoshishi	蒜	suan	草+示+示	453
caoyuan	蒝	yuan	草+原	3
caowei	莅	li	草+位	43
caoliju	蒟	ju	草+立+句	1
caoxi	蒠	xi	草+息	0
caopang	蒡	bang	草+旁	3
caochu	蒢	chu	草+除	2
caotu	蒤	tu	草+涂	1
caowuzhan	蒧	dian	草+戊+占	1
caoqian	蒨	qian	草+倩	7
caozu	蒩	zu	草+租	1
caopo	蒪	po	草+尃	1
caocha	蒫	cuo	草+差	1
caoyuan	蒬	yuan	草+冤	0
caochu	蒭	chu	草+芻	1
mengdao	蒯	kuai	萠+刀	55
caoban	蒰	pan	草+般	1
caobu	蒱	pu	草+捕	1
caopu	蒲	pu	草+浦	557
caoshuo	蒴	shuo	草+朔	6
caozheng	蒸	zheng	草+烝	1404
caojian	蒹	jian	草+兼	14
caoji	蒺	ji	草+疾	3
caoruo	蒻	ruo	草+弱	2
caocang	苍	cang	草+仓	867
caoen	蒽	en	草+恩	137
caogao	蒿	hao	草+高	144
caosun	荪	sun	草+孙	75
caoqin	蓁	zhen	草+秦	24
caoming	蓂	mi	草+冥	1
caochu	蓄	xu	草+畜	366
caoliu	蓅	liu	草+流	11
caoxi	蓆	xi	草+席	1
caogu	蓇	gu	草+骨	1
caorong	蓉	rong	草+容	788
caoweng	蓊	weng	草+翁	8
caoyangmin	盖	gai	草+羊+皿	4231
caocuo	蓌	cuo	草+夎	1
cuosui	蓌	cuo	莝+夊	1
caoqi	蓍	shi	草+耆	15
caotang	蓎	tang	草+唐	0
caoguagua	蓏	luo	草+瓜+瓜	1
caoru	蓐	ru	草+辱	11
caoshuai	蓑	suo	草+衰	51
caobei	蓓	bei	草+倍	163
caogao	蓔	zhuo	草+羔	0
caoxinbi	蓖	bi	草+囟+比	14
caotu	蓗	zong	草+徒	1
caoxiu	蓚	tiao	草+修	1
caotiao	蓧	diao	草+條	2
caoyouyue	蓨	tiao	草+攸+月	1
caotong	蓪	tong	草+通	0
caozhu	蓫	zhu	草+逐	1
caofeng	蓬	peng	草+逢	402
caolian	莲	lian	草+连	1431
caocong	苁	cong	草+从	10
caoxi	蓰	xi	草+徙	4
caoping	蓱	ping	草+洴	1
caojin	蓳	jin	草+堇	1
caowei	蓶	wei	草+唯	2
caotui	蓷	tui	草+推	2
caoyu	蓹	yu	草+御	0
caolu	蓼	liao	草+翏	49
caobi	荜	bi	草+毕	47
caosu	蓿	xu	草+宿	6
caobu	蔀	bu	草+部	2
caolei	蔂	lei	草+累	2
caoling	蔆	ling	草+淩	1
caoji	蔇	xi	草+既	0
caopiao	蔈	piao	草+票	0
caohan	蔊	han	草+焊	1
caoshu	蔋	di	草+淑	1
caosou	蔌	su	草+欶	8
caolu	蔍	lu	草+鹿	1
caoshang	蔏	shang	草+商	0
caowangshu	蔑	mie	草+网+戍	60
caoxun	蔒	xun	草+焄	1
caoman	蔓	man	草+曼	149
caoshu	蔗	zhe	草+庶	100
caoxuan	蔙	xuan	草+旋	0
caowei	蔚	wei	草+尉	381
caoao	蔜	ao	草+敖	0
caomi	蔝	mi	草+眯	1
caolou	蒌	lou	草+娄	24
caozu	蔟	cu	草+族	15
caozhong	蔠	zhong	草+終	3
caoji	蔡	cai	草+祭	2526
caojiang	蒋	jiang	草+将	2451
caomi	蔤	mi	草+密	1
caocong	葱	cong	草+怱	869
caoniao	茑	niao	草+鸟	33
caohui	蔧	hui	草+彗	1
caoquan	蔨	jun	草+圈	1
caoyin	蔩	yin	草+寅	1
caoyan	蔫	nian	草+焉	148
caoshu	蔬	shu	草+疏	65
caoyin	荫	yin	草+阴	304
caohu	蔰	hu	草+扈	0
caoyuechen	蔵	zang	草+戉+臣	8
caodou	蔸	dou	草+兜	41
caokou	蔻	kou	草+寇	48
caobi	蔽	bi	草+敝	122
limu	蔾	li	菞+木	1
caoji	蕀	ji	草+棘	2
caoxun	荨	qian	草+寻	14
caofan	蕃	fan	草+番	97
caoyu	蕅	ou	草+湡	3
caowubei	蒇	chan	草+戊+贝	22
caoqin	蕈	xun	草+覃	30
caojiao	蕉	jiao	草+焦	139
caosuo	蕊	rui	草+惢	415
xinxinxin	蕊	rui	芯+心+心	415
caoyu	蕍	yu	草+渝	1
caoqiao	荞	qiao	草+乔	37
caomai	荬	mai	草+买	7
caobao	蕔	bao	草+報	1
caoyou	莸	you	草+犹	10
caoqu	蕖	qu	草+渠	9
caolu	蕗	lu	草+路	10
caoyao	荛	rao	草+尧	8
caohui	蕙	hui	草+惠	196
caopinkui	蕚	e	草+品+亏	0
caokoue	蕚	e	草+口+咢	0
caoti	蕛	ti	草+稊	0
caozui	蕞	zui	草+最	26
caoxu	蕠	ru	草+絮	1
caogui	蒉	kui	草+贵	16
caoshun	蕣	shun	草+舜	1
caoshisheng	蕤	rui	草+豕+生	27
caoya	蕥	ya	草+雅	2
caojue	蕨	jue	草+厥	49
caowu	芜	wu	草+无	106
caotong	蕫	dong	草+童	1
caosu	萧	xiao	草+肃	2092
caoxi	蕮	xi	草+舄	0
caosun	蕵	sun	草+飧	1
caoling	蕶	ling	草+零	2
caoyu	蓣	yu	草+预	2
caoxia	蕸	xia	草+遐	1
caoyong	蕹	weng	草+雍	2
caoji	蕺	ji	草+戢	6
caosi	蕼	si	草+肆	1
caolei	蕾	lei	草+雷	787
caojiao	薂	xiao	草+敫	0
caohao	薃	hao	草+滈	0
caoshuifucun	薄	bo	草+水+甫+寸	1255
caoshuipo	薄	bo	艸+氵+尃	1255
caoru	薅	hao	草+媷	21
caowei	薇	wei	草+微	1108
caohui	荟	hui	草+会	72
caosui	薉	hui	草+歲	1
caoyudao	蓟	ji	草+鱼+刀	111
caoxiang	芗	xiang	草+乡	25
caoyi	薏	yi	草+意	29
caoleng	薐	leng	草+稜	1
caose	蔷	qiang	草+啬	104
caolian	薕	lian	草+廉	2
caozhi	薙	ti	草+雉	8
caobi	薜	bi	草+辟	27
caozhan	薝	zhan	草+詹	1
caoqian	莶	xian	草+佥	6
caoding	薡	ding	草+鼎	0
caojie	薢	xie	草+解	1
caogu	薣	gu	草+鼓	0
caodaijiu	薤	xie	草+歹+韭	12
caocun	荐	jian	草+存	391
caowenkoujiongsi	薧	kao	草+亠+口+冂+死	0
caofuchan	萨	sa	草+阜+产	1956
caoxin	薪	xin	草+新	462
caoxun	薰	xun	草+熏	545
caoshu	薯	shu	草+署	141
caoyu	薶	wo	草+貍	0
caoxu	薷	ru	草+需	4
caopiao	薸	piao	草+漂	3
caotai	薹	tai	草+臺	15
caozhen	薽	zhen	草+甄	0
caoer	薾	er	草+爾	1
caoyi	薿	ni	草+疑	2
haomu	藁	gao	蒿+木	17
caoju	藂	cong	草+聚	1
caoxiao	藃	xiao	草+歊	1
caoqi	藄	qi	草+綦	1
caoqian	藆	jian	草+搴	1
caokui	藈	kui	草+睽	0
caozhai	藋	zhuo	草+翟	1
caojian	蓝	lan	草+监	7677
caojin	荩	jin	草+尽	16
caozang	藏	cang	草+臧	2119
caomao	藐	miao	草+貌	51
caoxiong	藑	qiong	草+夐	0
caohehe	藒	qie	草+禾+曷	0
caoou	藕	ou	草+耦	499
caoyi	藙	yi	草+毅	1
caoli	藜	li	草+黎	54
caolei	藞	la	草+磊	1
caolei	藟	lei	草+畾	3
caoshi	藡	di	草+適	1
caozhi	藢	zhi	草+徵	0
caoteng	藤	teng	草+滕	893
caomo	藦	mo	草+摩	2
caopao	藨	biao	草+麃	2
caopan	藩	fan	草+潘	187
caoshu	薮	sou	草+数	24
shuixun	藫	tan	水+蕈	1
caoqiong	藭	qiong	草+窮	2
caowei	藯	wei	草+慰	1
caowei	藱	hui	草+廆	0
caoli	苈	li	草+历	10
caoye	蔼	ai	草+谒	53
caomenzhui	蔺	lin	草+门+隹	99
caozao	藻	zao	草+澡	309
caoqin	藽	qin	草+親	1
caohuo	藿	huo	草+霍	11
caoe	蘁	wu	草+噩	1
caorui	蘂	rui	草+橤	0
ruimu	蘂	rui	蕊+木	0
caodanjin	蕲	qi	草+单+斤	20
caoheng	蘅	heng	草+衡	59
caohu	芦	lu	草+户	306
caoping	苹	ping	草+平	238
caoyu	蘌	yu	草+禦	0
caoxun	薫	xun	草+熏	4
caomo	蘑	mo	草+磨	63
caobo	蘖	nie	草+檗	30
xuemu	蘖	nie	薛+木	30
caobo	蘗	bo	草+檗	2
caoxiang	蘘	rang	草+襄	2
caoyi	蘙	yi	草+翳	1
caoxian	藓	xian	草+鲜	36
caoshenyu	蘛	yu	草+甚+育	1
caoju	蘜	ju	草+鞠	0
caolian	蔹	lian	草+敛	3
caozhenzhennv	蘡	ying	草+真+真+女	1
caolong	茏	long	草+龙	17
caotou	蘣	tou	草+黈	1
caoyue	蘥	yue	草+龠	1
caoling	蘦	ling	草+霝	0
caoju	蘧	qu	草+豦	16
caofan	蘩	fan	草+繁	19
caomi	蘪	mei	草+麋	1
caoji	蘮	ji	草+罽	1
caodang	蘯	tang	草+盪	1
dangmin	蘯	tang	蕩+皿	1
caolei	蘲	lei	草+壘	1
caoli	蘴	song	草+豊	0
caowei	蘶	wei	草+魏	1
caoyouzhuihuo	蘸	zhan	草+酉+隹+火	351
caohuai	蘹	huai	草+懷	0
caoli	蓠	li	草+离	14
caomi	蘼	mi	草+靡	61
caohuai	蘾	huai	草+壞	1
caoluo	萝	luo	草+罗	329
caoji	虀	ji	草+韲	2
caolei	虆	lei	草+纍	1
caogonghuan	虇	quan	草+弓+雚	0
caoxin	虋	men	草+釁	1
caobie	虌	bie	草+鼈	1
bimin	虌	bie	蔽+黽	1
huer	虎	hu	虎+儿	2911
huxiyi	虐	nue	虎+匸+一	744
changhu	虒	si	厂+虎	4
jiuhu	虓	xiao	九+虎	7
huwen	虔	qian	虎+文	72
huhu	虖	hu	虎+乎	2
hubi	虙	fu	虎+必	1
huye	虚	xu	虎+业	2018
huli	虏	lu	虎+力	124
huwu	虞	yu	虎+吴	505
hukuangyiba	虡	ju	虎+丱+一+八	2
wuhu	虣	bao	武+虎	1
huhu	虤	yan	虎+虎	0
hubin	虨	bin	虎+彬	1
hulinsan	虨	bin	虎+林+彡	1
xiaorixiaohu	虩	xi	小+日+小+虎	1
hutiao	虪	shu	虎+儵	1
chongdao	虭	diao	虫+刀	1
chongding	虰	ding	虫+丁	1
chongshao	虳	jue	虫+勺	1
chongzhe	虴	zhe	虫+乇	1
chonggan	虷	han	虫+干	1
chonggong	虹	hong	虫+工	1032
wuchong	虺	hui	兀+虫	13
chongwang	虻	meng	虫+亡	15
chongqi	虼	ge	虫+乞	4
chonge	蚅	e	虫+厄	0
chongba	蚆	ba	虫+巴	1
chongchi	蚇	chi	虫+尺	1
chongwen	蚊	wen	虫+文	724
chongnei	蚋	rui	虫+内	9
chongfeng	蚌	bang	虫+丰	95
chongbi	蚍	pi	虫+比	5
chongri	蚎	yue	虫+日	1
chongyun	蚐	jun	虫+勻	0
chongzhi	蚑	qi	虫+支	1
chongyin	蚓	yin	虫+引	25
chongshi	蚔	zhi	虫+氏	2
chongyuan	蚖	yuan	虫+元	2
chongguai	蚗	que	虫+夬	1
chongyou	蚘	you	虫+尤	2
chongjin	蚙	qin	虫+今	1
chongjin	蚚	qi	虫+斤	2
chongya	蚜	ya	虫+牙	60
chongmao	蚝	hao	虫+毛	77
chongmu	蚞	mu	虫+木	0
chongfen	蚡	fen	虫+分	8
chongkang	蚢	hang	虫+亢	1
chonggong	蚣	gong	虫+公	5
chadianchong	蚤	zao	叉+丶+虫	53
chongfu	蚥	fu	虫+父	1
chongjie	蚧	jie	虫+介	30
chongfu	蚨	fu	虫+夫	4
shanyichong	蚩	chi	山+一+虫	17
chongdou	蚪	dou	虫+斗	7
chongbao	蚫	pao	虫+包	1
chongqiu	蚯	qiu	虫+丘	5
chongyou	蚰	you	虫+由	9
chongzha	蚱	zha	虫+乍	8
chongdi	蚳	di	虫+氐	2
chongyou	蚴	you	虫+幼	31
chongke	蚵	ke	虫+可	6
chonggan	蚶	han	虫+甘	15
chongju	蚷	ju	虫+巨	1
chongchi	蚸	li	虫+斥	0
chongfu	蚹	fu	虫+付	1
chongran	蚺	ran	虫+冉	10
zhachong	蚻	zha	札+虫	0
chongju	蚼	xu	虫+句	1
chongpi	蚽	pi	虫+丕	1
chongpi	蚾	pi	虫+皮	1
chongxuan	蚿	xian	虫+玄	9
chongzhu	蛀	zhu	虫+主	58
chongzhao	蛁	diao	虫+召	3
chongba	蛂	bie	虫+犮	0
chongbing	蛃	bing	虫+丙	0
chonggu	蛄	gu	虫+古	12
chongzhan	蛅	zhan	虫+占	1
chongqie	蛆	qu	虫+且	239
chongta	蛇	she	虫+它	2059
chongshi	蛈	tie	虫+失	1
chongling	蛉	ling	虫+令	12
shuchong	蛋	dan	疋+虫	2805
chonggua	蛌	gu	虫+瓜	1
chongqu	蛐	qu	虫+曲	6
chongmou	蛑	mou	虫+牟	3
shigechong	蛓	ci	十+戈+虫	1
tugechong	蛓	ci	土+戈+虫	1
chonghui	蛔	hui	虫+回	16
chongpang	蛖	mang	虫+尨	0
chongyang	蛘	yang	虫+羊	8
chonggui	蛙	wa	虫+圭	354
chonglie	蛚	lie	虫+列	1
chongzhu	蛛	zhu	虫+朱	61
chongyi	蛜	yi	虫+伊	1
chonggen	蛝	xian	虫+艮	0
chongshe	蛞	kuo	虫+舌	5
chongjiao	蛟	jiao	虫+交	107
chongbing	蛢	ping	虫+并	1
chongji	蛣	qie	虫+吉	1
chonghe	蛤	ha	虫+合	247
chongyi	蛦	yi	虫+夷	1
chongbai	蛨	mo	虫+百	0
gongchong	蛩	qiong	巩+虫	20
fengdaochong	蛪	qie	丰+刀+虫	0
chongwei	蛫	gui	虫+危	1
gongchong	蛬	qiong	共+虫	1
chongzhi	蛭	zhi	虫+至	18
chongqiu	蛷	qiu	虫+求	0
chongxiao	蛸	shao	虫+肖	8
chongyong	蛹	yong	虫+甬	109
chongjia	蛱	jia	虫+夹	5
chongdui	蜕	tui	虫+兑	81
chongwo	蛾	e	虫+我	232
chongpieyishu	蜁	xuan	虫+丿+一+疋	1
chongpang	蜂	feng	虫+夆	431
chenchong	蜃	shen	辰+虫	22
chongchen	蜄	zhen	虫+辰	0
chongfu	蜅	fu	虫+甫	1
chongjian	蚬	xian	虫+见	32
zhechong	蜇	zhe	折+虫	51
chongwu	蜈	wu	虫+吴	30
chongfu	蜉	fu	虫+孚	4
chongli	蜊	li	虫+利	5
chongliang	蜋	liang	虫+良	1
chongbitu	蜌	bi	虫+比+土	1
chongyu	蜍	chu	虫+余	2
chongyuan	蜎	yuan	虫+肙	2
yanchong	蜑	dan	延+虫	2
chongyan	蜒	yan	虫+延	50
chongting	蜓	ting	虫+廷	25
chongzhi	蜘	zhi	虫+知	11
chongsong	蜙	song	虫+松	0
chongfei	蜚	fei	虫+非	18
chongju	蜛	ju	虫+居	1
baobichong	蜜	mi	宀+必+虫	870
michong	蜜	mi	宓+虫	870
chongqi	蜞	qi	虫+其	12
chongqun	蜠	jun	虫+囷	0
chongmeng	蜢	meng	虫+孟	6
chongqiang	蜣	qiang	虫+羌	6
xichong	蜤	xi	析+虫	0
chongxi	蜥	xi	虫+析	34
chongli	蜧	li	虫+戾	1
chongqie	蜨	die	虫+疌	1
chongzhou	蜩	tiao	虫+周	16
chongtao	蜪	tao	虫+匋	0
chonghan	蜬	han	虫+函	1
chonghuo	蜮	yu	虫+或	5
feichong	蜰	fei	肥+虫	1
chongbei	蜱	pi	虫+卑	19
chongwei	蜲	wei	虫+委	1
chongxiang	蜳	tun	虫+享	0
chongyi	蜴	yi	虫+易	7
chongjuan	蜷	quan	虫+卷	107
chonger	蜺	ni	虫+兒	1
chongqing	蜻	qing	虫+青	7
chongzhui	蜼	wei	虫+隹	1
chongguo	蜾	guo	虫+果	4
chongwan	蜿	wan	虫+宛	33
chongban	蝂	ban	虫+版	3
chongmi	蝆	mi	虫+芈	0
chongxi	蜡	la	虫+昔	454
chongke	蝌	ke	虫+科	28
chongji	蝍	jie	虫+即	1
chonghe	蝎	xie	虫+曷	166
chongting	蝏	ting	虫+亭	0
chongmao	蝐	mao	虫+冒	0
chongxu	蝑	xu	虫+胥	0
chongmian	蝒	mian	虫+面	1
chongshu	蝓	yu	虫+俞	4
chongjie	蝔	jie	虫+皆	0
shichong	蚀	shi	食+虫	286
chongxuan	蝖	xuan	虫+宣	1
chonghuang	蝗	huang	虫+皇	60
chongyan	蝘	yan	虫+匽	1
chongbian	蝙	bian	虫+扁	5
chongrou	蝚	rou	虫+柔	1
chongwei	蝛	wei	虫+威	1
chongtuan	蝝	yuan	虫+彖	1
chongmei	蝞	mei	虫+眉	0
quanwei	猬	wei	犬+胃	12
chongruan	蝡	ruan	虫+耎	0
chongyou	蝣	you	虫+斿	3
chongqiu	蝤	qiu	虫+酋	4
chongxia	虾	xia	虫+下	1515
chongying	蝧	ying	虫+英	1
chongzhong	蝩	zhong	虫+重	0
chongzhe	蝫	zhu	虫+者	0
chongxiongbaxi	蝬	zong	虫+凶+八+夕	1
chongxiongbadong	蝬	zong	虫+凶+八+夂	1
chongshi	蝭	ti	虫+是	1
chongfu	蝮	fu	虫+复	15
chongyuan	蝯	yuan	虫+爰	1
chongkui	蝰	kui	虫+奎	12
chongdu	蝳	du	虫+毒	1
chonghu	蝴	hu	虫+胡	25
qiuchong	蝵	qiu	秋+虫	0
chongguo	蜗	wo	虫+呙	67
chongyu	蝺	yu	虫+禹	1
chongnan	蝻	nan	虫+南	8
chongchun	蝽	chun	虫+春	21
chongmin	蝇	ying	虫+黾	240
chonglang	螂	lang	虫+郎	25
chongpang	螃	pang	虫+旁	9
chongshi	蛳	si	虫+师	4
chongxi	螅	xi	虫+息	10
chongxi	螇	xi	虫+奚	0
chongyuan	螈	yuan	虫+原	7
chongweng	螉	weng	虫+翁	1
chongsou	螋	sou	虫+叟	8
lichong	融	rong	鬲+虫	1118
chongji	螏	ji	虫+疾	0
chongchou	螑	xiu	虫+臭	0
shirishirenchong	螒	han	十+日+十+人+虫	2
chongqin	螓	qin	虫+秦	3
chongsi	螔	yi	虫+虒	1
chonggu	螖	hua	虫+骨	2
chongtang	螗	tang	虫+唐	4
nengchong	螚	neng	能+虫	15
chonghai	螛	xia	虫+害	1
chonggui	螝	hui	虫+鬼	1
chongma	蚂	ma	虫+马	22
chongming	螟	ming	虫+冥	52
chongshang	螪	shang	虫+商	0
shechong	螫	zhe	赦+虫	12
chongcao	螬	cao	虫+曹	9
chongli	螭	chi	虫+离	43
aochong	螯	ao	敖+虫	67
chonglu	螰	lu	虫+鹿	1
chongzhi	螲	zhi	虫+窒	1
chongtang	螳	tang	虫+堂	9
chongpiao	螵	piao	虫+票	10
juchongchong	螶	qu	巨+虫+虫	1
beichong	螷	pi	庳+虫	0
yuchong	螸	yu	欲+虫	0
chonglei	螺	luo	虫+累	314
chonglou	蝼	lou	虫+娄	14
chongjin	螼	qin	虫+堇	1
dongchongchong	螽	zhong	冬+虫+虫	5
chongyin	螾	yin	虫+寅	1
chonglv	蟀	shuai	虫+率	46
chongman	蟃	man	虫+曼	1
zhichong	蛰	zhe	执+虫	64
chongshu	蟅	zhe	虫+庶	1
chongmo	蟆	ma	虫+莫	30
mochong	蟇	ma	莫+虫	0
chongguo	蝈	guo	虫+国	26
chonglu	蟉	liu	虫+翏	0
maochongchong	蟊	mao	矛+虫+虫	4
chongxi	蟋	xi	虫+悉	9
chongcong	蟌	cong	虫+悤	1
chongcaoliang	螨	man	虫+草+两	124
chongzhang	蟑	zhang	虫+章	26
chongmang	蟒	mang	虫+莽	92
chongxiang	蟓	xiang	虫+象	6
chonghei	蟔	mo	虫+黑	0
yikouejiongchuchong	蟗	qiu	一+口+丨+冂+出+虫	1
chongdai	蟘	te	虫+貸	0
chongpeng	蟛	peng	虫+彭	6
chongqu	蟝	qu	虫+渠	1
bichong	蟞	bie	敝+虫	1
chongliao	蟟	liao	虫+尞	1
chongfan	蟠	pan	虫+番	32
chongxi	蟢	xi	虫+喜	1
chongji	虮	ji	虫+几	8
chongxun	蟤	zhuan	虫+巽	0
chonghuang	蟥	huang	虫+黄	2
juechong	蟨	jue	厥+虫	0
chonghui	蟪	hui	虫+惠	7
chongqin	蟫	yin	虫+覃	1
chongdan	蝉	chan	虫+单	274
chongjiao	蟭	jiao	虫+焦	1
chongshan	蟮	shan	虫+善	16
chongyao	蛲	nao	虫+尧	4
kousi	虫	chong	口+厶	1966
sichong	蟴	si	斯+虫	1
chongsheng	蛏	cheng	虫+圣	15
jiechong	蟹	xie	解+虫	883
chongdan	蟺	tuo	虫+亶	8
chongyi	蚁	yi	虫+义	249
jingchong	蟼	jing	敬+虫	5
chongzhan	蟾	chan	虫+詹	68
chongye	蠂	she	虫+葉	3
wangkouyuechongfan	蠃	luo	亡+口+月+虫+凡	16
wanchong	虿	chai	万+虫	8
chonglian	蠊	lian	虫+廉	12
chongshu	蠋	zhu	虫+蜀	4
chongxie	蠍	xie	虫+歇	5
chongjie	蠏	xie	虫+解	1
chongqi	蛴	qi	虫+齐	21
chongrong	蝾	rong	虫+荣	19
chongmeng	蠓	meng	虫+蒙	10
chongxu	蠕	ru	虫+需	26
chongzhai	蠗	zhuo	虫+翟	1
chongmie	蠛	mie	虫+蔑	4
muyaomudachong	蠜	fan	木+爻+木+大+虫	1
chonglei	蠝	lei	虫+畾	0
mianchongchong	蠠	min	面+虫+虫	1
tuanchongchong	蠡	li	彖+虫+虫	30
chunchongchong	蠢	chun	春+虫+虫	641
chongli	蛎	li	虫+厉	20
qiuchongchong	蠤	qiu	酋+虫+虫	0
zhidaochongchong	蠫	li	豸+刀+虫+虫	1
chongyi	蠮	ye	虫+翳	0
guangbeichongchong	蠯	pi	广+卑+虫+虫	0
chongxiang	蠰	shang	虫+襄	1
chongmin	蛊	gu	虫+皿	175
yishu	蠲	juan	益+蜀	24
chongxi	蠵	xi	虫+巂	2
tianchong	蚕	can	天+虫	308
chongqu	蠷	qu	虫+瞿	1
chonghuan	蠸	quan	虫+雚	1
yichong	蛮	man	亦+虫	9290
chongquyou	蠼	qu	虫+瞿+又	3
quegechongchong	蠽	jie	雀+戈+虫+虫	0
chongshu	蠾	zhu	虫+屬	1
yaoyaoyieyiyaoyaochongchong	蠿	zhuo	幺+幺+一+丨+一+幺+幺+虫+虫	1
dianmin	血	xue	丶+皿	10049
piemin	血	xue	丿+皿	10049
wangxue	衁	huang	亡+血	1
xueren	衂	nv	血+刄	1
xuebu	衃	pei	血+不	5
xuechou	衄	nv	血+丑	16
xueer	衈	er	血+耳	0
yubaibaixue	衋	xi	聿+百+百+血	0
chichu	行	xing	彳+亍	35822
xingshui	衍	yan	行+水	278
xinggan	衎	kan	行+干	2
xingxuan	衒	xuan	行+玄	2
mudian	术	shu	木+丶	2278
xinggong	衖	xiang	行+共	1
xinggui	街	jie	行+圭	4420
xingtutu	街	jie	行+土+土	4420
xingwu	衙	ya	行+吾	79
danyi	卫	wei	卩+一	2059
xingdaotianda	衡	heng	行+刀+田+大	567
xingqu	衢	qu	行+瞿	77
yiyu	衧	yu	衣+于	1
yicha	衩	cha	衣+叉	16
yiye	衪	yi	衣+也	6
yisan	衫	shan	衣+彡	970
yifu	衭	fu	衣+夫	2
yifen	衯	pen	衣+分	1
yizhongyi	衰	shuai	衣+中+一	1170
yinei	衲	na	衣+内	26
yiyou	衴	dan	衣+冘	0
yiri	衵	yi	衣+日	1
yizhong	衶	zhong	衣+中	1
yizhong	衷	zhong	衣+中	209
yizhongyi	衷	zhong	一+中+衣	209
yishi	衹	zhi	衣+氏	8
yizhi	衼	zhi	衣+支	0
yiren	衽	ren	衣+壬	17
jinyi	衾	qin	今+衣	62
yijin	衿	jin	衣+今	40
yiyun	袀	jun	衣+勻	0
tukouyi	袁	yuan	土+口+衣	2210
yiguai	袂	mei	衣+夬	86
qieyi	袃	chai	切+衣	0
jiayi	袈	jia	加+衣	6
yita	袉	tuo	衣+它	0
daiyi	袋	dai	代+衣	1637
yibao	袌	pao	衣+包	1
yibao	袍	pao	衣+包	317
yiyou	袎	yao	衣+幼	0
yizhao	袑	shao	衣+召	0
yidan	袒	tan	衣+旦	23
yiqie	袓	ju	衣+且	10
yixue	袕	xue	衣+穴	0
yiyou	袖	xiu	衣+由	607
yirensan	袗	zhen	衣+人+彡	4
yipieyiye	袘	yi	衣+丿+一+也	2
yibai	袙	pa	衣+白	2
yiba	袚	fu	衣+犮	3
yidi	袛	di	衣+氐	6
yigong	衮	gun	衣+公	27
yishi	袟	zhi	衣+失	1
yiran	袡	ran	衣+冉	1
yiban	袢	pan	衣+半	21
yimao	袤	mao	衣+矛	8
yiju	袧	gou	衣+句	3
yixuan	袨	xuan	衣+玄	3
yiqu	袪	qu	衣+去	13
yipi	被	bei	衣+皮	138128
yitai	袬	yu	衣+台	1
yifu	袱	fu	衣+伏	11
yiduo	袲	nuo	衣+多	1
yikua	袴	ku	衣+夸	4
yiren	袵	ren	衣+任	1
yihe	袷	qia	衣+合	6
yicun	袸	zun	衣+存	1
yibai	袹	mo	衣+百	1
yiji	袺	jie	衣+吉	1
yige	袼	ge	衣+各	4
yiru	袽	ru	衣+如	2
yizhu	袾	zhu	衣+朱	2
yigui	袿	gui	衣+圭	2
yiyin	裀	yin	衣+因	4
shigeyi	裁	cai	十+戈+衣	526
tugeyi	裁	cai	土+戈+衣	526
lieyi	裂	lie	列+衣	768
yigen	裉	ken	衣+艮	8
yidou	裋	shu	衣+豆	0
yikun	裍	kun	衣+困	1
yicheng	裎	cheng	衣+呈	9
jiaer	里	li	甲+二	98050
tiantu	里	li	田+土	98050
yiyuan	裐	juan	衣+肙	1
yijiu	裒	pou	衣+臼	6
yijiong	裔	yi	衣+冏	299
yigu	裕	yu	衣+谷	647
yichen	裖	zhen	衣+辰	0
yiwensichuan	裗	liu	衣+亠+厶+川	1
yihuang	裗	liu	衣+巟	1
yiqiu	裘	qiu	衣+求	294
yijun	裙	qun	衣+君	745
zheyi	裚	ji	折+衣	1
yiyi	裛	yi	衣+邑	3
yibu	补	bu	衣+卜	7071
zhuangyi	装	zhuang	壮+衣	20962
yidui	裞	shui	衣+兑	1
shayi	裟	sha	沙+衣	15
yiyan	裧	tan	衣+炎	1
yibei	裨	bi	衣+卑	8
yiling	裬	ling	衣+夌	1
yichang	裮	chang	衣+昌	1
yizhou	裯	dao	衣+周	2
yibiao	裱	biao	衣+表	75
shangyi	裳	shang	尚+衣	173
feiyi	裴	pei	非+衣	717
yifei	裵	pei	衣+非	1
yifei	裶	fei	衣+非	1
yijuan	裷	yuan	衣+卷	1
yiguo	裸	luo	衣+果	795
yiguo	裹	guo	衣+果	469
yiyan	裺	yan	衣+奄	1
shuyi	裻	du	叔+衣	1
yiyi	裼	xi	衣+易	4
yiju	裾	ju	衣+居	38
yigua	褂	gua	衣+卦	70
yidi	褅	ti	衣+帝	0
yishi	褆	ti	衣+是	8
yiqi	褉	xie	衣+契	53
yibian	褊	bian	衣+扁	11
yichangerhe	褎	you	衣+厂+二+禾	7
yihe	褐	he	衣+曷	215
yiyuan	褑	yuan	衣+爰	7
baoyi	褒	bao	保+衣	181
wenbaoyi	褒	bao	亠+保+衣	181
yibao	褓	bao	衣+保	6
yishu	褕	yu	衣+俞	6
yituan	褖	tuan	衣+彖	3
yiyan	褗	yan	衣+匽	4
yibei	褙	bei	衣+背	3
yizhe	褚	chu	衣+者	195
yiriyu	褟	ta	衣+日+羽	17
yita	褡	da	衣+荅	9
yigui	褢	huai	衣+鬼	1
yirong	褣	rong	衣+容	1
yiru	褥	ru	衣+辱	36
yineng	褦	nai	衣+能	3
gengyi	褧	jiong	耿+衣	1
banyi	褩	pan	般+衣	1
yitui	褪	tui	衣+退	201
yisi	褫	chi	衣+虒	8
yisang	褬	sang	衣+桑	3
yixi	褯	jie	衣+席	2
baojingdayi	褰	qian	宀+井+大+衣	33
yimuereer	褱	huai	衣+目+二+丨+二	1
yiwangereer	褱	huai	衣+网+二+丨+二	1
yiku	裤	ku	衣+库	892
yilian	裢	lian	衣+连	5
yili	褵	li	衣+离	13
yixi	褶	zhe	衣+習	102
yixi	褷	shi	衣+徙	12
yilou	褛	lv	衣+娄	15
zhiyi	亵	xie	执+衣	30
yixidaji	褼	xian	衣+西+大+己	1
weiyi	褽	wei	尉+衣	1
yipiao	褾	biao	衣+票	2
yichangerdai	襃	pou	衣+厂+二+呆	2
koukoujingyiyi	襄	xiang	口+口+井+一+衣	261
yijian	裥	jian	衣+间	11
yiji	襋	ji	衣+棘	0
yiji	襍	za	衣+集	0
yixiang	襐	xiang	衣+象	2
yibi	襒	bie	衣+敝	1
yiyao	袄	ao	衣+夭	299
yizao	襙	cao	衣+喿	1
yisui	襚	sui	衣+遂	1
yizhan	襜	chan	衣+詹	4
yiqian	裣	lian	衣+佥	4
biyi	襞	bi	辟+衣	9
yijin	襟	jin	衣+禁	165
yidang	裆	dang	衣+当	114
yishu	襡	shu	衣+蜀	1
yidan	襢	zhan	衣+亶	1
yibi	襣	bi	衣+鼻	0
yijian	褴	lan	衣+监	8
yixu	襦	ru	衣+需	22
yimo	袜	wa	衣+末	258
yishi	襫	shi	衣+奭	1
yibao	襮	bo	衣+暴	1
yicun	衬	chen	衣+寸	338
longyi	袭	xi	龙+衣	462
yixian	襳	xian	衣+韱	1
yidai	襶	dai	衣+戴	1
yipan	襻	pan	衣+攀	7
yikouer	西	xi	一+口+儿	9937
yiweier	西	xi	一+囗+儿	9937
yisi	西	xi	一+四	9937
xinv	要	yao	西+女	396900
yanv	要	yao	襾+女	396900
xifa	覂	feng	西+乏	1
xizao	覃	qin	西+早	300
yazao	覃	qin	襾+早	300
yaowu	覅	fiao	要+勿	6
xifu	覆	fu	西+復	586
yugeyue	霸	ba	雨+革+月	793
xijiao	覈	he	西+敫	2
yajiao	覈	he	襾+敫	2
youjian	观	guan	又+见	3281
fujian	规	gui	夫+见	1058
zhuajian	觅	mi	爪+见	389
shijian	视	shi	示+见	2625
zhanjian	觇	chan	占+见	26
wujian	觋	xi	巫+见	32
shujian	觎	yu	俞+见	19
eepieyidianwangjian	览	lan	丨+丨+丿+一+丶+网+见	401
limu	亲	qin	立+木	6778
qijian	觊	ji	岂+见	29
goujian	觏	gou	冓+见	13
jinjian	觐	jin	堇+见	31
xujian	觑	qu	虚+见	49
eepieyidianjian	览	lan	丨+丨+丿+一+丶+见	401
maijian	觌	di	卖+见	20
niujiao	觕	cu	牛+角	1
jiaoguai	觖	jue	角+夬	3
jiaoji	觙	ji	角+及	1
jiaogua	觚	gu	角+瓜	13
jiaodan	觛	dan	角+旦	1
cijiao	觜	zui	此+角	16
jiaodi	觝	zhi	角+氐	3
jiaogui	觟	xie	角+圭	1
jiaoge	觡	ge	角+各	1
fengdaojiao	觢	shi	丰+刀+角	1
jiaodaoniu	解	jie	角+刀+牛	5545
jiaowei	觤	gui	角+危	1
jiaoguang	觥	gong	角+光	20
jiaoyang	觧	xie	角+羊	1
jiaogong	觨	hun	角+汞	1
jiaoqiu	觩	qiu	角+求	1
jiaoshu	觫	su	角+束	4
jiaoer	觬	ni	角+兒	0
jiaoqi	觭	qi	角+奇	2
jiaozhe	觰	zha	角+者	1
xianjiao	觱	bi	咸+角	2
jiaoyangniu	觲	xing	角+羊+牛	0
jiaopieyigongpiepie	觞	shang	角+丿+一+弓+丿+丿	116
jiaodan	觯	zhi	角+单	9
jiaochong	触	chu	角+虫	815
yijiao	觺	yi	疑+角	2
jiaoxiong	觼	jue	角+夐	1
jiaoyan	觾	yan	角+燕	1
ererkou	言	yan	二+二+口	4470
dianyierkou	言	yan	丶+一+二+口	4470
yanding	订	ding	言+丁	3616
yanbu	讣	fu	言+卜	25
baoyan	訇	hong	勹+言	11
yanshi	计	ji	言+十	2476
yangong	讧	hong	言+工	3
yancun	讨	tao	言+寸	1067
yangan	讦	jie	言+干	27
yanchuan	训	xun	言+川	2132
yanshan	讪	shan	言+山	18
yanqi	讫	qi	言+乞	43
yanji	记	ji	言+己	6360
yanhua	讹	e	言+化	69
yanya	讶	ya	言+牙	29
yangong	讼	song	言+公	100
yanguai	诀	jue	言+夬	347
yannei	讷	ne	言+內	144
yanfang	访	fang	言+方	1140
yanshu	设	she	言+殳	3787
yanwu	许	xu	言+午	5070
yanyouere	译	yi	言+又+二+丨	1129
yanchi	诉	su	言+斥	884
yanke	诃	he	言+可	120
yanrensan	诊	zhen	言+人+彡	310
ciyan	訾	zi	此+言	36
yangu	诂	gu	言+古	16
yandi	诋	di	言+氐	15
yanshidian	诋	di	言+氏+丶	15
muyan	詈	li	目+言	16
yanju	讵	ju	言+巨	53
yanzha	诈	zha	言+乍	197
yantai	诒	yi	言+台	42
yanzhao	诏	zhao	言+召	205
yanping	评	ping	言+平	2385
yanchu	诎	qu	言+出	11
yanqie	诅	zu	言+且	19
yansi	词	ci	言+司	5362
kouyong	咏	yong	口+永	569
yanyu	诩	xu	言+羽	32
yanxun	询	xun	言+旬	269
yanzhi	诣	yi	言+旨	70
yanshi	试	shi	言+式	6578
yansi	诗	shi	言+寺	4945
yanzhai	诧	cha	言+宅	42
yanhou	诟	gou	言+后	18
yanwei	诡	gui	言+危	98
yanquan	诠	quan	言+全	46
yanji	诘	jie	言+吉	49
yanshe	话	hua	言+舌	57807
yanhai	该	gai	言+亥	48251
yanyang	详	xiang	讠+羊	405
yanxian	诜	shen	言+先	13
daochangeryan	詹	zhan	刀+厂+儿+言	512
yanhui	诙	hui	言+灰	9
yangui	诖	gua	言+圭	6
yanlei	诔	lei	言+耒	18
yanzhu	诛	zhu	言+朱	242
yankuang	诓	kuang	言+匡	26
yanren	认	ren	言+人	2412
yankuang	诳	kuang	言+狂	37
yanyi	诶	e	言+矣	1766
zheyan	誓	shi	折+言	439
yanyan	诞	dan	言+延	129
yanbei	誖	bei	言+孛	2
yanxiu	诱	you	言+秀	384
yanxiao	诮	qiao	言+肖	10
yanwu	语	yu	言+吾	3458
yancheng	诚	cheng	言+成	1521
yanjie	诫	jie	言+戒	70
yanwu	诬	wu	言+巫	68
yanwu	误	wu	言+吴	1463
yangao	诰	gao	言+告	33
yanyong	诵	song	言+甬	239
yanmei	诲	hui	言+每	83
yandui	说	shuo	言+兑	338803
yanmai	读	du	言+卖	12702
yanzhui	谁	shui	言+隹	41704
yanguo	课	ke	言+果	7950
yanzu	谇	sui	言+卒	6
yanfei	诽	fei	言+非	38
yanyi	谊	yi	言+宜	181
yanzhou	调	tiao	言+周	4646
yanxiang	谆	zhun	言+享	12
qiyan	諅	ji	其+言	2
yanyan	谈	tan	言+炎	13518
yanwei	诿	wei	言+委	7
yanqing	请	qing	言+青	55964
yanzheng	诤	zheng	言+争	37
yanqu	诹	zou	言+取	28
yanchu	诼	zhuo	言+豖	6
yanjing	谅	liang	言+京	133
yanlun	论	lun	言+仑	6258
yannian	谂	shen	言+念	243
yanyu	谀	yu	言+臾	26
yanshimu	谍	die	言+世+木	74
yanbian	谝	pian	言+扁	33
yanximin	谥	shi	言+兮+皿	75
yanjun	诨	hun	言+军	7
yane	谔	e	言+咢	33
yandi	谛	di	言+帝	238
yanjie	谐	xie	言+皆	163
yanjian	谏	jian	言+柬	188
yanshu	谕	yu	言+俞	101
yanzi	谘	zi	言+咨	16
yanwei	讳	hui	言+韦	93
yanyin	谙	an	言+音	57
yanshen	谌	chen	言+甚	78
yanfeng	讽	feng	言+风	81
yanzhe	诸	zhu	言+者	1555
yanyan	谚	yan	言+彦	52
yanyuan	谖	xuan	言+爰	17
yanruo	诺	nuo	言+若	2244
yanmou	谋	mou	讠+某	1058
yanhe	谒	ye	言+曷	69
yanwei	谓	wei	言+胃	732
yanchu	诌	zhou	言+刍	33
baojingdayan	謇	jian	宀+井+大+言	9
rigongyan	謈	po	日+共+言	1
yanhuang	谎	huang	言+荒	177
yanmi	谜	mi	言+迷	529
yanbimin	谧	mi	言+必+皿	58
yannue	谑	xue	言+虐	33
yanji	谡	su	言+畟	16
yanpang	谤	bang	言+旁	57
yanjian	谦	qian	言+兼	560
yanyi	谥	shi	言+益	75
yanjing	讲	jiang	言+井	22589
yanshe	谢	xie	言+射	6505
yanzhuafou	谣	yao	言+爪+缶	176
yanmo	谟	mo	言+莫	81
yanlu	谬	miu	言+翏	137
yanjian	谫	jian	言+剪	14
yanqu	讴	ou	言+区	18
aoyan	謷	ao	敖+言	2
yanjin	谨	jin	言+堇	398
qiangyan	謽	jiang	強+言	1
yanman	谩	man	言+曼	28
yangan	譀	xian	言+敢	1
yanzheng	证	zheng	言+正	5296
yanyu	谲	jue	言+矞	33
yanji	讥	ji	言+几	77
yanjijiri	谮	zen	言+旡+旡+日	45
yanqian	谮	zen	言+朁	45
yanzhi	识	shi	言+只	1779
yanjiao	谯	qiao	言+焦	62
yanqin	谭	tan	言+覃	1771
yanpu	谱	pu	言+普	943
yandang	谠	dang	言+当	21
jiaoyan	譥	jiao	敫+言	1
jingyan	警	jing	敬+言	778
yanzhan	谵	zhan	言+詹	13
biyan	譬	pi	辟+言	38
yanyi	议	yi	言+义	618
yangyanyan	譱	shan	羊+言+言	1
yanqian	谴	qian	言+遣	50
shouhu	护	hu	手+户	1173
caihu	护	hu	才+户	1173
xingyan	誉	yu	兴+言	286
zhuiyanzhui	雠	chou	隹+言+隹	11
chouyan	雠	chou	雔+言	11
chouyan	讐	chou	雔+言	1
zhuizhuiyan	讐	chou	隹+隹+言	1
yanshang	让	rang	言+上	97928
yanlan	谰	lan	言+阑	56
yanxian	谶	chen	言+韱	41
yanhuan	讙	huan	言+雚	3
xianxianbei	赞	zan	先+先+贝	3402
yanxian	谳	yan	言+献	31
guya	谺	xia	谷+牙	1
gugong	谼	hong	谷+共	1
guhan	谽	han	谷+含	1
gukong	谾	long	谷+空	1
xigu	谿	xi	奚+谷	4
haigu	豁	huo	害+谷	195
gulu	豂	liao	谷+翏	1
gugan	豃	han	谷+敢	1
dougong	豇	jiang	豆+工	10
shanji	岂	qi	山+己	503
douzhi	豉	chi	豆+支	31
qudou	豊	li	曲+豆	10
yuandou	豋	deng	夗+豆	4
douwan	豌	wan	豆+宛	8
doubei	豍	bian	豆+卑	1
daoyouli	竖	shu	刂+又+立	546
doujian	豏	xian	豆+兼	1
fenghe	豔	yan	豐+盍	8
shidian	豖	chu	豕+丶	1
wushi	豗	hui	兀+豕	1
roushi	豚	tun	肉+豕	110
yueshi	豚	tun	月+豕	110
shikai	豜	yan	豕+开	1
shiba	豝	ba	豕+巴	1
daokoueshi	象	xiang	刀+口+丨+豕	13251
bafushi	豢	huan	八+夫+豕	25
shigen	豤	kun	豕+艮	1
shihai	豥	gai	豕+亥	1
hushi	豦	ju	虎+豕	1
shixi	豨	xi	豕+希	16
shishi	豩	huan	豕+豕	1
yuxiang	豫	yu	予+象	409
quanzhe	猪	zhu	犬+者	15935
shixi	豯	xi	豕+奚	1
shiyuan	豲	huan	豕+原	1
shanhuan	豳	bin	山+豩	14
shishanshi	豳	bin	豕+山+豕	14
shiyi	豷	yi	豕+壹	1
piediandianpiejuepiepie	豸	zhi	丿+丶+丶+丿+亅+丿+丿	27
zhishao	豹	bao	豸+勺	454
zhicai	豺	chai	豸+才	34
zhigan	豻	an	豸+干	1
zhibi	豼	pi	豸+比	0
zhinei	豽	na	豸+內	0
zhichu	貀	na	豸+出	1
zhixue	貁	you	豸+穴	1
zhizhao	貂	diao	豸+召	118
zhiyu	貄	si	豸+聿	1
zhixiu	貅	xiu	豸+休	15
zhigen	貆	huan	豸+亘	2
zhige	貉	he	豸+各	21
zhibai	貊	mo	豸+百	13
zhibaier	貌	mao	豸+白+儿	389
zhier	貎	ni	豸+兒	5
zhibei	貏	bi	豸+卑	1
zhishu	貐	yu	豸+俞	6
zhizhuan	貒	tuan	豸+耑	1
quanmiao	猫	mao	犬+苗	8212
zhixinbi	貔	pi	豸+囟+比	4
zhixi	貕	xi	豸+奚	1
quanmo	獏	mu	犬+莫	1
quanhuan	獾	huan	犬+雚	35
zhijue	貜	jue	豸+矍	1
jiongren	贝	bei	冂+人	2074
bubei	贞	zhen	卜+贝	640
daobei	负	fu	刀+贝	2850
beicai	财	cai	贝+才	1906
gongbei	贡	gong	工+贝	378
yibei	貣	te	弋+貝	1
fenbei	贫	pin	分+贝	633
huabei	货	huo	化+贝	7754
beifan	贩	fan	贝+反	330
jinbei	贪	tan	今+贝	1028
mubei	贯	guan	母+贝	406
fengbei	责	ze	丰+贝	613
beibaoyi	贮	zhu	贝+宀+一	162
shibei	贳	shi	世+贝	4
cibei	赀	zi	此+贝	12
yierbei	贰	er	弋+二+贝	432
zhongyibei	贵	gui	中+一+贝	13963
beifa	贬	bian	贝+乏	292
daibei	贷	dai	代+贝	1265
beixiong	贶	kuang	贝+兄	7
fubei	费	fei	弗+贝	10112
beizhan	贴	tie	贝+占	10562
beitai	贻	yi	贝+台	164
maobei	贸	mao	卯+贝	296
jiabei	贺	he	加+贝	1538
shicaobei	贲	ben	十+艹+贝	55
beige	赂	lu	贝+各	31
renbei	赁	lin	任+贝	19
beiyou	贿	hui	贝+有	60
beihai	赅	gai	贝+亥	19
cibei	资	zi	次+贝	1203
xibei	贾	jia	西+贝	1845
yabei	贾	jia	襾+贝	1845
beirong	贼	zei	贝+戎	3971
beijian	贱	jian	贝+戋	2026
beichen	赈	zhen	贝+辰	61
beishe	赊	she	贝+佘	67
baobing	宾	bin	宀+兵	813
beiqiu	赇	qiu	贝+求	6
laibei	赉	lai	来+贝	33
beiyi	赐	ci	贝+易	610
shangbei	赏	shang	尚+贝	955
gengbei	赓	geng	庚+贝	25
eeyoubei	贤	xian	丨+丨+又+贝	1687
beiwu	赋	fu	贝+武	671
beiyan	赕	dan	贝+炎	10
changshibei	质	zhi	厂+十+贝	1873
beichang	账	zhang	贝+长	794
beizhe	赌	du	贝+者	1920
shufu	赖	lai	束+负	2186
beijian	赚	zhuan	贝+兼	10432
beipo	赙	fu	贝+尃	20
beigou	购	gou	贝+勾	2028
baojingdabei	赛	sai	宀+井+大+贝	4086
zhibei	贽	zhi	执+贝	17
aobei	赘	zhui	敖+贝	69
binbei	赟	yun	斌+贝	10
beiceng	赠	zeng	贝+曾	780
changrenzhuibei	赝	yan	厂+人+隹+贝	17
changsuibei	赝	yan	厂+倠+贝	17
beizhan	赡	shan	贝+詹	31
wangkouyuebeifan	赢	ying	亡+口+月+贝+凡	5076
beijin	赆	jin	贝+尽	4
beizhuang	赃	zang	贝+庄	81
beimai	赎	shu	贝+卖	156
lizaoxigongbei	赣	gan	立+早+夕+工+贝	254
lizaodonggongbei	赣	gan	立+早+夂+工+贝	254
tupiejueba	赤	chi	土+丿+亅+八	1130
chipo	赦	she	赤+攴	96
chifan	赦	she	赤+攵	96
chidanyou	赧	nan	赤+卩+又	16
chichong	赨	xiong	赤+虫	1
chise	赩	xi	赤+色	1
chichi	赫	he	赤+赤	861
chizhe	赭	zhe	赤+者	45
chitang	赯	tang	赤+唐	1
shishu	走	zou	十+疋	48130
zouli	赲	li	走+力	1
zoubu	赴	fu	走+卜	2178
zouji	起	qi	走+己	29383
zoushan	赸	shan	走+山	1
zouyun	赹	qiong	走+匀	0
zoushao	赻	xian	走+少	1
zouguai	赽	jue	走+夬	5
zourensan	趁	chen	走+人+彡	1684
zouqie	趄	ju	走+且	8
zouzhao	超	chao	走+召	9875
zouchu	趉	jue	走+出	2
zouyue	越	yue	走+戉	14156
zouji	趌	jie	走+吉	1
zouduo	趍	qu	走+多	1
zouzhu	趎	chu	走+朱	1
zoushe	趏	huo	走+舌	0
zouyu	趐	xue	走+羽	5
zouci	趑	zi	走+次	57
zouzhao	趒	tiao	走+兆	1
zouduo	趓	duo	走+朵	1
zoulie	趔	lie	走+列	17
zougan	赶	gan	走+干	3694
zouzuo	趖	suo	走+坐	1
zouyi	赵	zhao	走+乂	6376
zoujin	趛	yin	走+金	1
zouju	趜	qu	走+匊	1
zoushang	趟	tang	走+尚	1603
zouzhuo	趠	zhuo	走+卓	1
zoucui	趡	wei	走+崔	1
zouqu	趣	qu	走+取	584
zouqiu	趥	qiu	走+酋	1
zoushi	趧	ti	走+是	1
zouchu	趋	qu	走+刍	643
zouhuang	趪	huang	走+黄	1
zoujiao	趭	jiao	走+焦	0
zouzao	趮	zao	走+喿	0
zouzhai	趯	yue	走+翟	3
zouzan	趱	zan	走+赞	12
kouburen	足	zu	口+卜+人	3449
zuba	趴	pa	足+八	680
zushao	趵	bao	足+勺	3
zuyu	趶	wu	足+于	1
zuqi	趷	ke	足+乞	1
zuguai	趹	jue	足+夬	0
zufu	趺	fu	足+夫	11
zukai	趼	jian	足+开	7
zuzhi	趾	zhi	足+止	171
zuji	趿	ta	足+及	14
zuba	跁	pa	足+巴	1
zuzhi	跂	qi	足+支	8
zuchi	跅	tuo	足+斥	1
zutai	跆	tai	足+台	12
zushi	跇	yi	足+世	1
zurensan	跈	nian	足+人+彡	1
zuba	跋	ba	足+犮	88
zushi	跌	die	足+失	8772
zugu	跍	ku	足+古	1
zuta	跎	tuo	足+它	10
zujia	跏	jia	足+加	5
zuci	跐	ci	足+此	2
zubao	跑	pao	足+包	21815
zuzhu	跓	zhu	足+主	1
zuzhan	跕	zhan	足+占	2
zushi	跖	zhi	足+石	51
zufu	跗	fu	足+付	13
zuban	跘	pan	足+半	3
zuqie	跙	zhu	足+且	1
zuce	跚	shan	足+册	48
zupi	跛	bo	足+皮	59
zuni	跜	ni	足+尼	1
zuju	距	ju	足+巨	4448
zugen	跟	gen	足+艮	74632
zuyi	跠	yi	足+夷	0
zuduo	跢	duo	足+多	2
zuxian	跣	xian	足+先	10
zujiao	跤	jiao	足+交	55
zuduo	跺	duo	足+朵	157
zuzhu	跦	zhu	足+朱	1
zuquan	跧	zun	足+全	1
zukua	跨	kua	足+夸	2090
zuye	跩	zhuai	足+曳	17
zuwei	跪	gui	足+危	532
gongzu	跫	qiong	巩+足	10
zugui	跬	kui	足+圭	2
zuzhi	跮	die	足+至	0
zuge	路	lu	足+各	20471
zubing	跰	pian	足+并	1
zusi	跱	zhi	足+寺	1
zuhe	跲	jie	足+合	1
zuzhao	跳	tiao	足+兆	7089
zuxi	跴	cai	足+西	1
zuju	跼	qu	足+局	2
zuji	跽	ji	足+忌	4
youzu	跾	shu	攸+足	0
zuzou	跿	tu	足+走	1
zuzu	踀	cu	足+足	1
zuyi	踂	nie	足+耴	1
zuxiao	踃	xiao	足+肖	0
zubu	踄	bu	足+步	1
zhezu	踅	xue	折+足	12
zuqun	踆	zun	足+夋	1
zumei	踇	mu	足+每	1
zushu	踈	shu	足+束	1
zuliang	踉	liang	足+良	9
zuxiao	踍	qiao	足+孝	0
zuta	踏	ta	足+沓	815
zujian	践	jian	足+戋	154
zuqi	踑	qi	足+其	0
zuwei	踒	wo	足+委	1
zuzhui	踓	wei	足+隹	1
zuzhuo	踔	chuo	足+卓	6
zuqie	踕	jie	足+疌	0
zuxi	踖	ji	足+昔	1
zunian	踗	nie	足+念	0
zuju	踘	ju	足+匊	2
zuqu	踙	nie	足+取	0
zulu	踛	lu	足+坴	1
zuling	踜	leng	足+夌	0
zuguo	踝	huai	足+果	61
zuju	踞	ju	足+居	51
zuzhi	踟	chi	足+知	3
zuwan	踠	wo	足+宛	1
zujuan	踡	quan	足+卷	2
zuyi	踢	ti	足+易	3745
zuzu	踤	zu	足+卒	1
zuqie	踥	qie	足+妾	1
zuqi	踦	yi	足+奇	2
zushu	踧	cu	足+叔	1
zucai	踩	cai	足+采	3453
zubing	踫	peng	足+並	11
zudian	踮	dian	足+店	98
zushu	踰	yu	足+俞	10
zudu	踱	duo	足+度	151
zuchun	踳	chuan	足+春	2
zuyong	踊	yong	足+甬	21
zuzhong	踵	zhong	足+重	43
zushi	踶	di	足+是	1
zushen	踸	chen	足+甚	1
zuzhuan	踹	chuai	足+耑	587
zujian	踺	jian	足+建	10
zuyu	踽	ju	足+禹	5
zuqiu	踿	zu	足+秋	1
zubian	蹁	pian	足+扁	4
zurou	蹂	rou	足+柔	15
zudi	蹄	ti	足+帝	231
zucha	蹅	cha	足+查	1
baojingdazu	蹇	jian	宀+井+大+足	80
zuyao	蹈	dao	足+舀	82
zucha	蹉	cuo	足+差	15
zuxi	蹊	qi	足+奚	18
zuriyu	蹋	ta	足+日+羽	52
zucang	跄	qiang	足+仓	13
zuzhan	蹍	nian	足+展	2
zuzhen	蹎	dian	足+真	1
zuji	蹐	ji	足+脊	1
zuliu	蹓	liu	足+留	6
zhanzu	蹔	zan	斬+足	1
zubi	跸	bi	足+毕	7
zuchong	蹖	chong	足+舂	13
zulu	蹗	lu	足+鹿	0
qizu	蹙	cu	戚+足	109
zutang	蹚	tang	足+堂	8
zusu	蹜	su	足+宿	1
zuxi	蹝	xi	足+徙	1
zushu	蹠	zhuo	足+庶	3
zucaoliang	蹒	pan	足+草+两	6
zuzong	踪	zong	足+宗	305
zubeng	蹦	beng	足+崩	660
zucao	蹧	zao	足+曹	1
bizu	蹩	bie	敝+足	40
zudeng	蹬	deng	足+登	391
zuceng	蹭	ceng	足+曾	1002
zufan	蹯	fan	足+番	4
zuzun	蹲	dun	足+尊	680
zujiu	蹴	cu	足+就	40
zujue	蹶	jue	足+厥	28
zuyao	跷	qiao	足+尧	64
zupinmu	躁	zao	足+品+木	178
zuzao	躁	zao	足+喿	178
bizu	躄	bi	辟+足	3
zushu	躅	zhu	足+蜀	10
zuju	躆	ju	足+豦	0
zuzhu	躇	chu	足+著	12
zujiao	躈	qiao	足+敫	1
wanzu	趸	dun	万+足	27
zushou	踌	chou	足+寿	20
zuqi	跻	ji	足+齐	24
zuwu	躌	wu	足+舞	2
zuyao	跃	yue	足+夭	657
zuzheng	踯	zhi	足+郑	6
zule	跞	li	足+乐	1
zuzhi	踬	zhi	足+质	5
zuchan	躔	chan	足+廛	19
zuchu	蹰	chu	足+厨	25
zueeryaoyaoyaoyao	躖	duan	足+丨+二+幺+幺+幺+幺	0
zuqian	跹	xian	足+迁	10
zuxie	躞	xie	足+燮	13
zuxiang	躟	rang	足+襄	0
xuezu	躠	xie	薛+足	1
zunie	蹑	nie	足+聂	29
zuqu	躣	qu	足+瞿	1
zujie	躤	que	足+藉	1
zucuan	蹿	cuan	足+窜	166
zuzan	躜	zuan	足+赞	7
zukui	躨	kui	足+夔	1
zujue	躩	qi	足+矍	1
zulin	躏	lin	足+蔺	4
dianqiepie	身	shen	丶+且+丿	5764
shengong	躬	gong	身+弓	175
shenben	躰	ti	身+本	3
shenduo	躲	duo	身+朵	2188
shenshang	躺	tang	身+尚	1416
shenyan	躽	yan	身+匽	0
shenqu	躯	qu	身+区	114
shenfeng	軆	ti	身+豐	4
chejiugui	轨	gui	车+九+軌	456
chegan	轩	xuan	车+干	1517
cheren	轫	ren	车+刃	17
chee	轭	e	车+厄	25
cheqian	软	ruan	车+欠	3419
chezhuan	转	zhuan	车+专	16584
chehu	轷	hu	车+乎	2
chetai	軩	dai	車+台	0
cherensan	轸	zhen	车+人+彡	39
chegu	轱	gu	车+古	11
cheyou	轴	zhou	车+由	1287
chezhi	轵	zhi	车+只	9
chezhao	轺	yao	车+召	2
cheke	轲	ke	车+可	44
cheshi	轶	yi	车+失	164
chesheng	轻	qing	车+圣	5236
cheshi	轼	shi	车+式	37
chejiao	较	jiao	车+交	7414
chege	辂	lu	车+各	12
chequan	辁	quan	车+全	4
shigeche	载	zai	十+戈+车	2159
tugeche	载	zai	土+戈+车	2159
chezhi	轾	zhi	车+至	2
cheliang	辆	liang	车+两	1820
cheyi	辄	zhe	车+耴	98
chefu	辅	fu	车+甫	562
chezai	辎	zi	车+甾	7
chejun	辉	hui	车+军	2272
chewang	辋	wang	车+罔	4
chekun	辊	gun	车+昆	213
fufuche	辇	nian	夫+夫+车	66
feiche	辈	bei	非+车	421
chelun	轮	lun	车+仑	2977
cheqi	辑	ji	车+咠	505
chekouer	辑	ji	车+口+耳	505
chezou	辏	cou	车+奏	5
cheshu	输	shu	车+俞	5263
chezhan	辗	zhan	车+展	26
jiucheyiba	舆	yu	臼+车+一+八	117
chehai	辖	xia	车+害	208
cheyuan	辕	yuan	车+袁	54
chelu	辘	lu	车+鹿	10
chechiyufan	辙	zhe	车+彳+育+攵	133
cheqiao	轿	jiao	车+乔	203
cheyouyou	轰	hong	车+又+又	583
sichekou	辔	pei	丝+车+口	49
chele	轹	li	车+乐	4
chelu	轳	lu	车+卢	4
lishi	辛	xin	立+十	1361
guxin	辜	gu	古+辛	168
shikouxin	辟	bi	尸+口+辛	180
xinshu	辣	la	辛+束	1603
liba	办	ban	力+八	17518
xindaoxin	辧	bian	辛+刀+辛	1
xindianpiexin	辨	bian	辛+丶+丿+辛	506
shexin	辞	ci	舌+辛	1044
xinsixin	辫	bian	辛+丝+辛	129
xinyanxin	辩	bian	辛+言+辛	587
changyi	辰	chen	厂+衣	833
chencun	辱	ru	辰+寸	246
dadian	迖	ti	达+丶	1
xuesui	邃	sui	穴+遂	32
kouba	邑	yi	口+巴	283
jiyi	邔	qi	己+邑	0
chuanyi	邕	yong	巛+邑	39
ganyi	邗	han	干+邑	17
yuyi	邘	yu	于+邑	3
wangyi	邙	mang	亡+邑	7
gongyi	邛	qiong	工+邑	32
fuyi	邞	fu	夫+邑	0
kangyi	邟	kang	亢+邑	1
fenyi	邠	bin	分+邑	6
fangyi	邡	fang	方+邑	4
kaiyi	邢	xing	开+邑	654
yueyi	那	na	月+邑	269381
youyi	邥	shen	冘+邑	1
fengyi	邦	bang	丰+邑	1708
yuanyi	邧	yuan	元+邑	0
tunyi	邨	cun	屯+邑	16
yayi	邪	xie	牙+邑	1380
ganyi	邯	han	甘+邑	34
taiyi	邰	tai	台+邑	46
qiuyi	邱	qiu	丘+邑	1432
biyi	邲	bi	必+邑	2
piyi	邳	pi	丕+邑	25
bingyi	邴	bing	丙+邑	20
zhaoyi	邵	shao	召+邑	1069
beiyi	邶	bei	北+邑	5
diyi	邸	di	氐+邑	117
shidianyi	邸	di	氏+丶+邑	117
guiyi	邽	gui	圭+邑	4
zhuyi	邾	zhu	朱+邑	20
siyi	邿	shi	寺+邑	1
youyi	郁	yu	有+邑	739
heyi	郃	he	合+邑	11
zhiyi	郅	zhi	至+邑	58
xunyi	郇	huan	旬+邑	16
houyi	郈	hou	后+邑	2
jiaoyi	郊	jiao	交+邑	215
ziyi	郋	xi	自+邑	1
liangyi	郎	lang	良+邑	1793
yanyi	郔	yan	延+邑	1
chengyi	郕	cheng	成+邑	5
douyi	郖	dou	豆+邑	1
xiyi	郗	xi	希+邑	39
fuyi	郙	fu	甫+邑	0
wuyi	郚	wu	吾+邑	1
fuyi	郛	fu	孚+邑	6
gaoyi	郜	gao	告+邑	56
chiyi	郝	hao	赤+邑	1012
liangyi	郞	lang	良+邑	30
jiayi	郏	jia	夹+邑	19
gengyi	郠	geng	更+邑	1
junyi	郡	jun	君+邑	922
chengyi	郢	ying	呈+邑	87
beiyi	郣	bo	孛+邑	0
guyi	郤	xi	谷+邑	10
yaoyi	郩	xiao	肴+邑	1
qiyi	郪	qi	妻+邑	2
beiyi	郫	pi	卑+邑	7
qingyi	郬	qing	青+邑	1
xiangyi	郭	guo	享+邑	4365
yanyi	郯	tan	炎+邑	24
quyi	郰	zou	取+邑	1
bingyi	郱	ping	并+邑	0
eryi	郳	ni	兒+邑	1
linyi	郴	chen	林+邑	97
youyi	邮	you	由+邑	736
xianggenyi	郷	xiang	乡+艮+邑	3
juyi	郹	ju	狊+邑	0
duoyong	郺	yong	多+邕	0
mueyichuanyi	郻	qiao	目+丨+一+巛+邑	0
zheyi	都	dou	者+邑	401877
yanyi	郾	yan	匽+邑	29
meiyi	郿	mei	眉+邑	4
ruoyi	鄀	ruo	若+邑	1
beiyi	鄁	bei	背+邑	0
eyi	鄂	e	咢+邑	560
shuyi	鄃	shu	俞+邑	1
yinyi	鄄	juan	垔+邑	27
yuyi	鄅	yu	禹+邑	1
junyi	郓	yun	军+邑	14
houyi	鄇	hou	侯+邑	0
guiyi	鄈	kui	癸+邑	0
souyi	鄋	sou	叟+邑	1
mingyi	鄍	ming	冥+邑	0
xiyi	鄎	xi	息+邑	1
ruyi	鄏	ru	辱+邑	1
chuyi	鄐	chu	畜+邑	1
chuyi	邹	zou	刍+邑	1334
wuyi	邬	wu	乌+邑	199
yuanyi	郧	yun	员+邑	27
gaoyi	鄗	hao	高+邑	2
yongyi	鄘	yong	庸+邑	1
moyi	鄚	mao	莫+邑	2
chaoyi	鄛	chao	巢+邑	1
luyi	鄜	fu	鹿+邑	8
luyi	鄝	liao	翏+邑	1
jinyi	鄞	yin	堇+邑	17
yuyi	鄠	hu	雩+邑	3
yanyi	鄢	yan	焉+邑	94
zhangyi	鄣	zhang	章+邑	16
manyi	鄤	wan	曼+邑	3
youyi	邓	deng	又+邑	2554
biyi	鄨	bi	敝+邑	0
cengyi	鄫	zeng	曾+邑	3
guanyi	郑	zheng	关+邑	3941
shanyi	鄯	shan	善+邑	7
lingyi	邻	lin	令+邑	595
fanyi	鄱	po	番+邑	20
danyi	郸	dan	单+邑	7
yeyi	邺	ye	业+邑	45
zaoyi	鄵	sao	喿+邑	1
huiyi	郐	kuai	会+邑	8
juyi	鄹	zou	聚+邑	6
guangyi	邝	kuang	广+邑	155
youyi	鄾	you	憂+邑	1
yanyi	酀	yan	燕+邑	1
chanyi	酁	chan	毚+邑	0
lingyi	酃	ling	霝+邑	10
huanyi	酄	quan	雚+邑	1
xiyi	酅	xi	巂+邑	1
fengyi	酆	feng	豐+邑	13
liyi	郦	li	丽+邑	71
xiyi	酉	you	西+一	134
youding	酊	ding	酉+丁	31
youshao	酌	zhuo	酉+勺	107
youji	配	pei	酉+己	6736
youcun	酎	zhou	酉+寸	14
youye	酏	yi	酉+也	2
yougan	酐	gan	酉+干	22
shuiyou	酒	jiu	水+酉	8304
jinyou	酓	yin	今+酉	1
youzu	酔	zui	酉+卆	2
youmao	酕	mao	酉+毛	1
youyou	酖	dan	酉+冘	2
youxiong	酗	xu	酉+凶	9
youshu	酘	dou	酉+殳	1
youfen	酚	fen	酉+分	275
youtai	酞	tai	酉+太	23
youzhan	酟	tian	酉+占	1
youke	酠	qia	酉+可	1
youta	酡	tuo	酉+它	9
youzha	酢	zuo	酉+乍	14
yougan	酣	han	酉+甘	111
yougu	酤	gu	酉+古	9
youhe	酥	su	酉+禾	470
shigeyou	酨	zui	十+戈+酉	1
tugeyou	酨	zui	土+戈+酉	1
youming	酩	ming	酉+名	14
geyou	酪	lao	各+酉	54
youzhou	酬	chou	酉+州	230
youtong	酮	tong	酉+同	357
youzhi	酯	zhi	酉+旨	268
youxian	酰	xian	酉+先	84
youcheng	酲	cheng	酉+呈	6
youyaorou	酳	yin	酉+幺+肉	1
youyaoyue	酳	yin	酉+幺+月	1
youyu	酴	tu	酉+余	3
youxiao	酵	jiao	酉+孝	38
youmei	酶	mei	酉+每	1067
yougao	酷	ku	酉+告	2385
youqun	酸	suan	酉+夋	2875
youfu	酺	pu	酉+甫	3
youzhui	醀	zhui	酉+隹	1
youlu	醁	lu	酉+彔	2
youlin	醂	lan	酉+林	1
rouyan	腌	a	肉+奄	274
yueyan	腌	a	月+奄	274
youtao	醄	tao	酉+匋	1
youjian	醆	zhan	酉+戔	0
youxiang	醇	chun	酉+享	463
youzu	醉	zui	酉+卒	2491
youxi	醋	cu	酉+昔	1082
youkun	醌	kun	酉+昆	42
youshi	醍	ti	酉+是	12
youzhe	醏	du	酉+者	0
youhu	醐	hu	酉+胡	4
youxu	醑	xu	酉+胥	4
youxing	醒	xing	酉+星	3506
youyoumin	醓	tan	酉+冘+皿	5
yousou	醙	sou	酉+叟	2
youmi	醚	mi	酉+迷	112
youquan	醛	quan	酉+荃	129
youcha	醝	cuo	酉+差	1
youyun	酝	yun	酉+云	33
youang	醠	ang	酉+盎	0
youzhai	醡	zha	酉+窄	25
youyoumin	醢	hai	酉+右+皿	11
youtang	醣	tang	酉+唐	7
panxiyou	酱	jiang	丬+夕+酉	874
youpiao	醥	piao	酉+票	1
youli	醨	li	酉+离	2
youlu	醪	lao	酉+翏	22
youjiao	醮	jiao	酉+焦	26
youwensichuanmin	醯	xi	酉+亠+厶+川+皿	35
youhuangmin	醯	xi	酉+巟+皿	35
youqin	醰	tan	酉+覃	2
yougao	醳	yi	酉+睪	1
youli	醴	li	酉+豊	26
youju	醵	ju	酉+豦	5
youyi	醷	yi	酉+意	1
youxu	醹	ru	酉+需	1
youxun	醺	xun	酉+熏	17
youyan	醼	yan	酉+燕	2
youling	醽	ling	酉+霝	1
youmi	醾	mi	酉+糜	0
youliang	酿	niang	酉+良	340
xueban	衅	xin	血+半	23
youjue	釂	jiao	酉+爵	1
youli	酾	shai	酉+丽	2
youyan	酽	yan	酉+严	30
piemi	釆	bian	丿+米	14
caiyouere	释	shi	采+又+二+丨	612
bianyouere	释	shi	釆+又+二+丨	612
caiyou	釉	you	采+由	220
bianyou	釉	you	釆+由	220
yuetu	里	li	曰+土	98050
pieyili	重	zhong	丿+一+里	6392
liyu	野	ye	里+予	4734
riyili	量	liang	日+一+里	11116
yueyili	量	liang	曰+一+里	11116
changli	厘	li	厂+里	266
jinyi	钇	yi	金+乙	17
jinle	钌	liao	金+了	15
jindao	钊	zhao	金+刀	187
jinding	钉	ding	金+丁	655
jinbu	钋	po	金+卜	15
fujin	釜	fu	父+金	92
jinshi	针	zhen	金+十	2103
bajin	釡	fu	八+金	1
jinshao	钓	diao	金+勺	857
jinsan	钐	shan	金+彡	7
jinkou	釦	kou	金+口	4
jinchuan	钏	chuan	金+川	43
jinfan	钒	fan	金+凡	176
jingong	釭	gang	金+工	5
jincha	钗	chai	金+叉	207
jintu	钍	tu	金+土	16
jinnv	钕	nv	金+女	54
jinqian	钎	qian	金+千	49
jinba	钯	ba	金+巴	47
jinfang	钫	fang	金+方	7
jindou	钭	dou	金+斗	13
jinbu	钚	bu	金+不	60
jinnei	钠	na	金+内	586
jintun	钝	dun	金+屯	234
jingou	钩	gou	金+勾	775
jinjin	钤	qian	金+今	28
jinfan	钣	ban	金+反	14
jinshao	钞	chao	金+少	207
jinchou	钮	niu	金+丑	297
jinyun	钧	jun	金+勻	513
jingai	钙	gai	金+丐	1165
jinhuo	钬	huo	金+火	11
jintai	钛	tai	金+太	421
jinkang	钪	kang	金+亢	12
jinyouere	铎	duo	金+又+二+丨	163
jinni	铌	ni	金+尼	44
jinshi	铈	shi	金+市	25
jinke	钶	ke	金+可	7
jinling	铃	ling	金+令	631
jingu	钴	gu	金+古	123
jinba	钹	bo	金+犮	21
jinpi	铍	pi	金+皮	27
jinyu	钰	yu	金+玉	356
jinbu	钸	bu	金+布	5
jinyou	铀	you	金+由	230
jintian	钿	tian	金+田	60
jinjia	钾	jia	金+甲	484
jinshi	铁	tie	金+失	5369
jinju	钜	ju	金+巨	92
jinta	铊	ta	金+它	44
jinxuan	铉	xuan	金+玄	88
jinbi	铋	bi	金+必	43
jinqie	鉏	zu	金+且	5
jinbai	铂	bo	金+白	175
jinpo	钷	po	金+叵	2
jingan	钳	qian	金+甘	201
jinmao	铆	mao	金+卯	68
jinjikou	铅	qian	金+几+口	593
jinyue	钺	yue	金+戉	75
jinzheng	钲	zheng	金+正	12
jinmu	钼	mu	金+目	163
jindan	钽	tan	金+旦	47
jinjiao	铰	jiao	金+交	60
jiner	铒	er	金+耳	30
jinge	铬	ge	金+各	278
jinhe	铪	ha	金+合	20
jingen	银	yin	金+艮	4061
jinchong	铳	chong	金+充	35
jintong	铜	tong	金+同	2344
jinxian	铣	xi	金+先	67
jinquan	铨	quan	金+全	99
jinzhu	铢	zhu	金+朱	32
jinming	铭	ming	金+名	1160
jinzhao	铫	diao	金+兆	2
xingjin	衔	xian	行+金	278
jinlao	铑	lao	金+老	36
jinru	铷	ru	金+如	11
jinyi	铱	yi	金+衣	26
jinyin	铟	yin	金+因	39
jinan	铵	an	金+安	164
jindiu	铥	diu	金+丢	15
jinyou	铕	you	金+有	29
jinse	铯	se	金+色	20
jinkao	铐	kao	金+考	90
jinjian	钱	qian	金+戋	55755
jindiao	铞	diao	金+吊	9
jindui	锐	rui	金+兑	699
jinxiao	销	xiao	金+肖	903
jinxiu	锈	xiu	金+秀	218
jindi	锑	ti	金+弟	72
jinzuo	锉	cuo	金+坐	61
jinlv	铝	lv	金+吕	1318
jinliang	锒	lang	金+良	6
jinxin	锌	xin	金+辛	739
jinbei	钡	bei	金+贝	86
jinting	铤	ting	金+廷	13
jinjia	铗	jia	金+夹	19
jinpang	锋	feng	金+夆	1532
jinxie	铘	ye	金+邪	14
jinzhu	锄	chu	金+助	133
jincheng	锃	zeng	金+呈	8
jinju	锔	ju	金+局	18
jinwo	锇	e	金+我	15
jincheng	铖	cheng	金+成	42
jingao	锆	gao	金+告	58
jinli	锂	li	金+里	127
jintei	铽	te	金+忒	5
jinshou	铸	zhu	金+寿	457
jinwensichuan	锍	liu	金+亠+厶+川	6
jinhuang	锍	liu	金+巟	6
jinju	锯	ju	金+居	239
jingang	钢	gang	金+冈	2439
jinguo	锞	ke	金+果	5
jinqing	锖	qiang	金+青	4
jinjuan	锩	juan	金+卷	3
jinzhui	锥	zhui	金+隹	228
jina	锕	a	金+阿	109
jinkun	锟	kun	金+昆	58
shujin	錖	du	叔+金	0
jinchui	锤	chui	金+垂	581
jinzai	锱	zi	金+甾	5
jinzheng	铮	zheng	金+争	209
jinben	锛	ben	金+奔	110
jinyan	锬	tan	金+炎	3
jinding	锭	ding	金+定	347
jinbo	锦	jin	金+帛	1647
jinmiao	锚	mao	金+苗	163
jinyi	锡	xi	金+易	1090
jingu	锢	gu	金+固	13
jinxi	错	cuo	金+昔	22088
jinmeng	锰	meng	金+孟	227
jinlai	铼	lai	金+来	15
jinriyicun	锝	de	金+日+一+寸	94
jinxin	锨	xian	金+欣	17
jinhu	锪	huo	金+忽	4
jinmen	钔	men	金+门	4
jinjie	锴	kai	金+皆	58
jinguo	锅	guo	金+呙	1884
jindu	镀	du	金+度	200
jine	锷	e	金+咢	42
jinze	铡	zha	金+则	44
hongjin	鍙	hu	洪+金	53
jinduan	锻	duan	金+段	114
jincha	锸	cha	金+臿	5
jinqi	锲	qie	金+契	23
jinruo	锘	nuo	金+若	6
jinqiu	锹	qiao	金+秋	51
jinyuan	锾	huan	金+爰	4
jinjian	键	jian	金+建	3306
jinsi	锶	si	金+思	48
jinzhong	钟	zhong	金+中	4317
jinzhong	锺	zhong	金+重	112
jinmei	镁	mei	金+美	365
jinai	锿	ai	金+哀	3
jinmei	镅	mei	金+眉	3
jinpang	镑	bang	金+旁	244
jinrong	镕	rong	金+容	4
jinxiaobei	锁	suo	金+小+贝	3122
jinli	镉	ge	金+鬲	127
jinwu	钨	wu	金+乌	169
jinliu	镏	liu	金+留	9
jinqi	铠	kai	金+岂	110
jinsha	铩	sha	金+杀	7
jinsou	锼	sou	金+叟	3
jingao	镐	gao	金+高	70
jinzhen	镇	zhen	金+真	9073
jinyi	镒	yi	金+益	22
jinnie	镍	nie	金+臬	307
jinjia	镓	jia	金+家	26
jinjun	镌	juan	金+隽	32
jinna	镎	na	金+拿	2
jinzu	镞	zu	金+族	17
jinxuan	镟	xuan	金+旋	8
jinlian	链	lian	金+连	1411
aojin	鏊	ao	敖+金	15
jinmo	镆	mo	金+莫	9
jinlei	镙	luo	金+累	17
lujin	鏖	ao	鹿+金	7
jinjian	铿	keng	金+坚	65
jinjiang	锵	qiang	金+将	37
jintang	镗	tang	金+堂	48
jinman	镘	man	金+曼	5
jinyong	镛	yong	金+庸	57
jinchan	铲	chan	金+产	479
jinjing	镜	jing	金+竟	1506
jinpiao	镖	biao	金+票	208
jinlou	镂	lou	金+娄	50
zhanjin	錾	zan	斩+金	17
jinhua	铧	hua	金+华	29
jinqiang	镪	qiang	金+强	16
jinyao	铙	nao	金+尧	15
jintang	铴	tang	金+汤	9
jinliao	镣	liao	金+尞	18
jinlao	铹	lao	金+劳	3
jindun	镦	dui	金+敦	10
jinqin	镡	xin	金+覃	6
jindeng	镫	deng	金+登	21
jinjue	镢	jue	金+厥	8
jinpu	镨	pu	金+普	11
jinkai	锎	kai	金+开	3
jinjian	锏	jian	金+间	20
jinfei	镄	fei	金+费	13
jinlian	镰	lian	金+廉	49
jinshu	镯	zhuo	金+蜀	50
jinlei	镭	lei	金+雷	109
jindang	铛	dang	金+当	103
bijin	鐾	bei	辟+金	3
jinyi	镱	yi	金+意	39
jinbin	镔	bin	金+宾	61
eepieyidianjin	鉴	jian	丨+丨+丿+一+丶+金	443
jincha	镲	cha	金+察	28
jinzhan	钻	zuan	金+占	2213
jinle	铄	shuo	金+乐	29
jinluhuo	镳	biao	金+鹿+灬	28
jinlu	镥	lu	金+鲁	6
jinjinjin	鑫	xin	金+金+金	1415
jinlan	镧	lan	金+阑	25
jinyue	钥	yao	金+月	85
jinxiang	镶	xiang	金+襄	328
jinnie	镊	nie	金+聂	13
jincuan	镩	cuan	金+窜	5
jinluo	锣	luo	金+罗	114
yijin	銮	luan	亦+金	58
menyi	闩	shuan	门+一	20
menren	闪	shan	门+人	3554
mensan	闫	yan	门+三	508
mencai	闭	bi	门+才	854
menkang	闶	kang	门+亢	10
menwang	闰	run	门+王	90
menmu	闲	xian	门+木	3241
menri	间	jian	门+日	10668
menwen	闵	min	门+文	414
diandianshi	斗	dou	丶+丶+十	2548
menjia	闸	zha	门+甲	527
menshi	闹	nao	门+市	4470
menhai	阂	he	门+亥	28
menge	阁	ge	门+各	1399
menfa	阀	fa	门+伐	534
mengui	闺	gui	门+圭	118
menchong	闽	min	门+虫	387
menkun	阃	kun	门+困	10
menliang	阆	lang	门+良	16
menlv	闾	lv	门+吕	56
mendui	阅	yue	门+兑	633
menchang	阊	chang	门+昌	15
menyan	阉	yan	门+奄	172
menyu	阏	yan	门+於	26
menhun	阍	hun	门+昏	10
menhuo	阈	yu	门+或	41
menshou	阌	wen	门+受	9
menju	阒	qu	门+狊	20
menwei	闱	wei	门+韦	14
menhuo	阔	kuo	门+活	504
mengui	阕	que	门+癸	52
menjian	阑	lan	门+柬	321
menzhen	阗	tian	门+真	29
menhe	阖	he	门+盍	53
menma	闯	chuang	门+马	1044
mengan	阚	kan	门+敢	86
mendan	阐	chan	门+单	51
menda	闼	ta	门+达	22
fuli	阞	le	阜+力	0
fuqian	阡	qian	阜+千	36
fuwu	阢	wu	阜+兀	7
fuqi	阣	yi	阜+乞	1
fuye	阤	zhi	阜+也	1
fue	阨	e	阜+厄	3
fufan	阪	ban	阜+反	65
fukang	阬	keng	阜+亢	2
fuyun	阭	yun	阜+允	0
fuyuan	阮	ruan	阜+元	686
fuzhi	阯	zhi	阜+止	5
fubi	阰	pi	阜+比	1
fujing	阱	jing	阜+井	31
fufang	防	fang	阜+方	4470
fuqu	阹	qu	阜+去	0
fudi	阺	di	阜+氐	1
fuqie	阻	zu	阜+且	638
fuzha	阼	zuo	阜+乍	6
fuzhan	阽	dian	阜+占	1
fuke	阿	a	阜+可	15389
futa	陀	tuo	阜+它	420
fupi	陂	bei	阜+皮	39
fubing	陃	bing	阜+丙	1
fufu	附	fu	阜+付	1595
fuduo	陊	duo	阜+多	1
fueyibing	陋	lou	阜+丨+一+丙	86
fubai	陌	mo	阜+百	234
fuzhu	陎	shu	阜+朱	1
fuyou	陏	sui	阜+有	1
fugen	限	xian	阜+艮	1635
fuer	陑	er	阜+而	2
fukua	陓	yu	阜+夸	1
fuhai	陔	gai	阜+亥	11
fusheng	陉	xing	阜+圣	9
fubi	陛	bi	阜+坒	58
fubitu	陛	bi	阜+比+土	58
fujia	陕	shan	阜+夹	284
fubu	陟	zhi	阜+步	22
fuzou	陡	dou	阜+走	330
fuwan	院	yuan	阜+完	3519
fuche	阵	zhen	阜+车	1729
fuyu	除	chu	阜+余	8546
fufei	陫	pei	阜+非	0
fuqu	陬	zou	阜+取	15
fuqi	陭	yi	阜+奇	0
fuyue	阴	yin	阜+月	2194
fuju	陱	ju	阜+匊	0
fuchui	陲	chui	阜+垂	17
fudong	陈	chen	阜+东	12941
fubei	陴	pi	阜+卑	5
fuling	陵	ling	阜+夌	732
futao	陶	tao	阜+匋	1708
fuji	陆	lu	阜+击	3000
fuqian	险	xian	阜+佥	1551
fuzhe	陼	zhu	阜+者	1
furi	阳	yang	阜+日	6013
furuan	陾	reng	阜+耎	2
fuzhong	隀	chong	阜+重	0
fushu	隃	yu	阜+俞	1
fushi	隄	di	阜+是	1
fuyu	隅	yu	阜+禺	132
fudongsheng	隆	long	阜+夂+生	1472
fuxisheng	隆	long	阜+夕+生	1472
fuwei	隇	wei	阜+威	0
fuwei	隈	wei	阜+畏	16
fujiutu	隉	nie	阜+臼+土	0
furen	队	dui	阜+人	10367
fuzuoyue	隋	sui	阜+左+月	339
fuhuang	隍	huang	阜+皇	11
fujie	阶	jie	阜+介	567
fujian	隒	yan	阜+兼	0
fuzuozuo	隓	hui	阜+左+左	0
fuli	隔	ge	阜+鬲	1866
fuyuan	陨	yun	阜+员	64
fugui	隗	wei	阜+鬼	25
fuyi	隘	ai	阜+益	88
fuxiaorixiao	隙	xi	阜+小+日+小	169
fushi	际	ji	阜+示	451
fuzhang	障	zhang	阜+章	270
fuao	隞	ao	阜+敖	0
fuji	隐	yin	阜+急	1272
fugui	隤	tui	阜+貴	2
fusui	隧	sui	阜+遂	47
fuyou	随	sui	阜+迶	5721
fuao	隩	yu	阜+奧	1
fusuirenxin	隳	hui	阜+隋+人+心	16
fusuirenxiaodian	隳	hui	阜+隋+人+小+丶	16
fulong	陇	long	阜+龙	155
xueshui	隶	li	彐+水	122
renzhuyi	隹	zhui	人+主+一	17
zhuishi	隼	sun	隹+十	86
yizhui	隿	yi	弋+隹	0
shaozhui	雀	que	少+隹	469
changrenzhui	雁	yan	厂+人+隹	926
changsui	雁	yan	厂+倠	926
jinzhui	雂	qin	今+隹	0
kaizhui	雃	qian	开+隹	0
yazhui	雅	ya	牙+隹	2996
zhuimu	集	ji	隹+木	7498
caozhui	萑	huan	草+隹	4
shizhui	雉	zhi	矢+隹	68
juzhui	雊	gou	句+隹	1
cizhui	雌	ci	此+隹	341
wenxiangzhui	雍	yong	亠+乡+隹	301
qiezhui	雎	ju	且+隹	25
jiumu	杂	za	九+木	2519
gezhui	雒	luo	各+隹	49
yuzhui	雓	yu	余+隹	0
zhuizhui	雔	chou	隹+隹	1
kouchong	虽	sui	口+虫	4041
shirishipieyizhui	雗	han	十+日+十+丿+一+隹	0
youyou	双	shuang	又+又	8838
caokoukouzhui	雚	huan	草+口+口+隹	2
chuzhui	雏	chu	刍+隹	141
yongzhui	雝	yong	邕+隹	1
youniao	鸡	ji	又+鸟	4509
luzhui	雡	liu	翏+隹	0
lizhuili	离	li	离+隹+離	9937
youzhui	难	nan	又+隹	15640
zhuizhuizhui	雥	za	隹+隹+隹	1
yijiongediandiandiandian	雨	yu	一+冂+丨+丶+丶+丶+丶	7744
yukui	雩	yu	雨+亏	13
yuxue	雪	xue	雨+彐	7151
yuxia	雫	na	雨+下	3
yuwen	雯	wen	雨+文	911
yufen	雰	fen	雨+分	2
yufang	雱	pang	雨+方	6
yuyang	雵	yang	雨+央	1
yuling	零	ling	雨+令	3091
yutian	雷	lei	雨+田	4231
yugan	雸	an	雨+甘	0
yubao	雹	bao	雨+包	35
yumao	雺	wu	雨+矛	1
yuhu	雽	hu	雨+乎	1
yuzhao	雿	diao	雨+兆	0
yuer	需	xu	雨+而	6368
yumu	霂	mu	雨+沐	3
yuxiao	霄	xiao	雨+肖	271
yuyan	霅	zha	雨+言	4
yuting	霆	ting	雨+廷	243
yuchen	震	zhen	雨+辰	1549
yupei	霈	pei	雨+沛	46
yumu	霉	mei	雨+母	516
yuyiya	霊	ling	雨+一+亚	5
yuqi	霋	qi	雨+妻	0
yuzhui	霍	huo	雨+隹	1049
yuqie	霎	sha	雨+妾	19
yufei	霏	fei	雨+非	119
yuhong	霐	hong	雨+泓	1
yuzhan	霑	zhan	雨+沾	14
yunjin	霒	yin	雲+今	1
yuer	霓	ni	雨+兒	145
yulin	霖	lin	雨+林	722
yudong	霘	dong	雨+洞	0
yuying	霙	ying	雨+英	2
yuxiang	霜	shuang	雨+相	1629
yukoukoukou	霝	ling	雨+口+口+口	2
yuhong	霟	hong	雨+洪	1
yulijin	霠	yin	雨+立+今	1
yuliu	霤	liu	雨+留	1
yubin	霦	bin	雨+彬	0
yuwu	雾	wu	雨+务	1346
yuwei	霨	wei	雨+尉	2
yuguo	霩	kuo	雨+郭	0
yushuizhuaren	霪	yin	雨+水+爪+壬	20
yuxi	霫	xi	雨+習	1
yuyi	霬	yi	雨+異	0
yuzhan	霮	dan	雨+湛	0
yudeng	霯	teng	雨+登	0
yusan	霰	xian	雨+散	32
yulu	露	lu	雨+路	2148
yulong	霳	long	雨+隆	0
yuji	霵	ji	雨+戢	0
yubi	霹	pi	雨+辟	24
yuwei	霺	wei	雨+微	1
yuqi	霁	ji	雨+齐	171
yuyu	霾	mai	雨+貍	80
yuli	雳	li	雨+历	10
yuchou	靃	suo	雨+雔	1
yuzhuizhui	靃	suo	雨+隹+隹	1
yuye	霭	ai	雨+谒	78
xuehuo	灵	ling	彐+火	3722
fengyue	青	qing	丰+月	5178
saneyue	青	qing	三+丨+月	5178
zhengqing	靕	zhen	正+青	0
liqing	靖	jing	立+青	628
qingse	靘	qing	青+色	1
qingjian	靓	liang	青+见	1509
qingding	靛	dian	青+定	79
qingzheng	静	jing	青+争	4902
sanpieesan	非	fei	三+丿+丨+三	17475
gaofei	靠	kao	告+非	30617
mafei	靡	mi	麻+非	134
yidianweieeyiyi	面	mian	一+丶+囗+丨+丨+一+一	13022
mianbao	靤	bao	面+包	0
roumian	腼	mian	肉+面	13
yuemian	腼	mian	月+面	13
yanmian	靥	ye	厌+面	35
niankoushi	革	ge	廿+口+十	540
geding	靪	ding	革+丁	0
gecha	靫	cha	革+叉	1
gegan	靬	qian	革+干	7
geren	靭	ren	革+刃	1
geshao	靮	di	革+勺	0
gewu	靰	wu	革+兀	3
geren	靱	ren	革+刄	0
gejin	靲	qin	革+今	3
gejin	靳	jin	革+斤	311
gehua	靴	xue	革+化	279
geba	靶	ba	革+巴	186
geyin	靷	yin	革+引	2
geji	靸	sa	革+及	2
genei	靹	na	革+內	2
gemo	靺	mo	革+末	8
geqie	靻	zu	革+且	1
gedan	靼	da	革+旦	9
geban	靽	ban	革+半	0
geshi	靾	yi	革+世	1
geyou	靿	yao	革+幼	1
gezhao	鞀	tao	革+召	1
gepi	鞁	bei	革+皮	1
gehe	鞂	jie	革+和	0
gehong	鞃	hong	革+弘	0
gebao	鞄	pao	革+包	1
geyang	鞅	yang	革+央	38
gehe	鞈	ta	革+合	1
geji	鞊	jie	革+吉	0
gegui	鞋	xie	革+圭	3364
gean	鞍	an	革+安	580
gegen	鞎	hen	革+艮	3
gongfan	巩	gong	工+凡	268
gemian	鞔	men	革+免	8
youge	鞗	tiao	攸+革	1
gexiao	鞘	qiao	革+肖	166
geyuan	鞙	xuan	革+肙	2
gekong	鞚	kong	革+空	3
geta	鞜	ta	革+沓	0
geshang	鞝	zhang	革+尚	1
gebei	鞞	bing	革+卑	10
geju	鞠	ju	革+匊	227
gebaomi	鞠	ju	革+勹+米	227
gela	鞡	la	革+拉	3
gerou	鞣	rou	革+柔	15
fengge	鞤	bang	封+革	2
geyan	鞥	eng	革+弇	231
gehe	鞨	he	革+曷	12
gehong	鞫	ju	革+訇	7
gejian	鞬	jian	革+建	2
gebian	鞭	bian	革+便	530
geshi	鞮	di	革+是	6
gegou	鞲	gou	革+冓	5
geta	鞳	ta	革+荅	1
gecaochangyong	鞴	bei	革+草+厂+用	3
bange	鞶	pan	般+革	5
lige	鞷	ge	鬲+革	0
geguo	鞹	kuo	革+郭	1
geqiao	鞒	qiao	革+乔	5
geda	鞑	da	革+达	20
gemie	韈	wa	革+蔑	1
gejian	鞯	jian	革+荐	11
weiren	韧	ren	韦+刃	230
shirishiwei	韩	han	十+日+十+韦	4279
shiwei	韪	wei	是+韦	13
weiyao	韬	tao	韦+舀	188
weigou	韝	gou	韋+冓	1
feiyi	韭	jiu	非+一	56
caojiu	韮	jiu	草+韭	1
renrengejiu	韱	xian	人+人+戈+韭	1
wenpieejiu	齑	ji	文+丿+丨+韭	10
liri	音	yin	立+日	3290
liyue	音	yin	立+曰	3290
yinzhao	韶	shao	音+召	210
yinpang	韸	peng	音+夆	1
yinhuang	韹	ying	音+皇	1
yinying	韺	ying	音+英	1
yinyun	韵	yun	音+匀	1115
yinyin	韽	an	酓+音	1
xiangkou	响	xiang	向+口	2554
yidianbei	页	ye	一+丶+贝	24679
dingye	顶	ding	丁+页	12733
biye	顷	qing	匕+页	108
gongye	项	xiang	工+页	4675
chuanye	顺	shun	川+页	3004
ganye	顸	han	干+页	15
sanye	须	xu	彡+页	5622
yuye	顼	xu	玉+页	21
wangye	顼	xu	王+页	21
eye	顾	gu	厄+页	3015
gongye	颂	song	公+页	482
jinye	颀	qi	斤+页	39
kangye	颃	hang	亢+页	2
yuye	预	yu	予+页	1313
yuanye	顽	wan	元+页	106
fenye	颁	ban	分+页	177
tunye	顿	dun	屯+页	1820
piye	颇	po	皮+页	1077
lingye	领	ling	令+页	4061
heye	颌	he	合+页	81
jiye	颉	jie	吉+页	64
xiekoueye	颐	yi	匸+丨+口+丨+页	359
haiye	颏	ke	亥+页	34
zhaoye	頫	fu	兆+頁	25
jiaye	颊	jia	夹+页	146
diandianda	头	tou	丶+丶+大	20243
hanye	颔	han	含+页	18
shengye	颈	jing	圣+页	767
tuye	颓	tui	秃+页	125
buye	频	pin	步+页	806
guoye	颗	ke	果+页	1246
shiye	题	ti	是+页	4442
keye	额	e	客+页	12039
eye	颚	e	咢+页	69
yanye	颜	yan	彦+页	1613
zhuanye	颛	zhuan	耑+页	12
yuanxin	愿	yuan	原+心	3339
sangye	颡	sang	桑+页	7
zhenye	颠	dian	真+页	740
mida	类	lei	米+大	19235
caoliangye	颟	man	草+两+页	13
jingye	颢	hao	景+页	59
danye	颤	chan	亶+页	379
xuye	颥	ru	需+页	1
riye	显	xian	日+业	2300
pinbei	颦	pin	频+卑	87
luye	颅	lu	卢+页	125
nieye	颞	nie	聂+页	62
huanye	颧	quan	雚+页	30
jiyi	风	feng	几+乂	12099
fengbao	飑	biao	风+包	13
lifeng	飒	sa	立+风	92
fengju	飓	ju	风+具	9
fengsou	飕	sou	风+叟	8
piaofeng	飘	piao	票+风	2376
biaofeng	飙	biao	猋+风	443
quanquanquanfeng	飙	biao	犬+犬+犬+风	443
fengbiao	飚	biao	风+猋	261
fanfei	飜	fan	番+飛	1
renliang	食	shi	人+良	3981
bingshi	飡	can	冰+食	1
shiji	饥	ji	食+几	197
shitun	饨	tun	食+屯	9
shiren	饪	ren	食+壬	6
shiyao	饫	yu	饣+夭	6
shipieyili	饬	chi	饣+丿+一+力	24
shifan	饭	fan	食+反	11199
shiqian	饮	yin	食+欠	2026
shitai	饴	yi	食+台	23
cishi	飺	ci	此+食	0
shisi	饲	si	食+司	154
shibao	饱	bao	食+包	1411
shipieyijin	饰	shi	食+丿+一+巾	1525
shibu	饰	shi	食+布	1525
shiai	餀	hai	食+艾	0
shijiao	饺	jiao	食+交	75
shibing	饼	bing	食+并	1276
cishi	餈	ci	次+食	0
shixiang	饷	xiang	食+向	71
yangjie	养	yang	羊+介	7053
shier	饵	er	食+耳	167
daiyoushi	餐	can	歹+又+食	1272
shibei	饽	bo	饣+孛	5
shituo	馁	nei	食+妥	47
shiwo	饿	e	食+我	8284
shiyu	馀	yu	饣+余	209
yiyou	肴	yao	乂+有	58
yiyipierou	肴	yao	乂+一+丿+肉	58
yiyipieyue	肴	yao	乂+一+丿+月	58
shikun	馄	hun	食+昆	15
shijian	饯	jian	食+戋	23
feishi	餥	fei	非+食	0
shiguan	馆	guan	食+官	2318
tianshi	餮	tie	殄+食	11
shigongpiepie	饧	xing	饣+弓+丿+丿	12
shicha	馇	cha	饣+查	3
shiqi	饩	xi	食+气	11
shiliu	馏	liu	食+留	26
shisou	馊	sou	食+叟	86
shimo	馍	mo	食+莫	169
shiman	馒	man	食+曼	26
shixiu	馐	xiu	饣+羞	11
shijin	馑	jin	饣+堇	6
shisan	馓	san	饣+散	5
shigui	馈	kui	食+贵	85
shixun	馔	zhuan	食+巽	38
shiyao	饶	rao	食+尧	730
haoshi	饕	tao	號+食	19
shixiang	飨	xiang	食+乡	72
yanshi	餍	yan	厌+食	9
shinang	馕	nang	饣+囊	47
jiushou	馗	kui	九+首	12
shouhuo	馘	guo	首+或	7
heri	香	xiang	禾+日	6204
xiangni	馜	ni	香+尼	1
xiangbi	馝	bi	香+必	0
xiangbei	馞	po	香+孛	0
xiangfei	馡	fei	香+非	4
xiangyan	馣	an	香+奄	1
xiangfu	馥	fu	香+复	120
xiangjian	馦	xian	香+兼	0
shengshuxiang	馨	xin	声+殳+香	1521
xiangxiangxiang	馫	xin	香+香+香	1
mayou	驭	yu	马+又	87
bingma	冯	feng	冰+马	2510
magan	馯	qian	馬+干	0
mada	驮	tuo	马+大	148
maye	驰	chi	马+也	454
machuan	驯	xun	马+川	87
mayao	驳	bo	马+爻	263
maqu	驱	qu	马+区	570
mazhu	驻	zhu	马+主	2132
numa	驽	nu	奴+马	44
maju	驹	ju	马+句	137
maqie	驵	zang	马+且	8
jiama	驾	jia	加+马	564
matai	骀	tai	马+台	29
mafu	驸	fu	马+付	14
mashi	驶	shi	马+史	287
mata	驼	tuo	马+它	200
masi	驷	si	马+四	43
mabing	骈	pian	马+并	39
mahai	骇	hai	马+亥	122
mage	骆	luo	马+各	508
maqun	骏	jun	马+夋	469
maping	骋	cheng	马+甹	56
mazhui	骓	zhui	马+隹	25
maguo	骒	ke	马+果	7
maqi	骑	qi	马+奇	2295
maqi	骐	qi	马+其	106
maqian	验	yan	马+佥	720
mabian	骗	pian	马+扁	5243
mabaojingda	骞	qian	马+宀+井+大	121
zhima	骘	zhi	陟+马	13
maliu	骝	liu	马+留	19
machu	驺	zou	马+刍	23
mazao	骚	sao	马+蚤	1022
mashan	骟	shan	马+扇	22
malei	骡	luo	马+累	66
moma	蓦	mo	莫+马	30
aoma	骜	ao	敖+马	27
macan	骖	can	马+参	15
mapiao	骠	biao	马+票	38
macong	骢	cong	马+悤	32
mahua	骅	hua	马+华	109
mayao	骁	xiao	马+尧	119
machan	骣	chan	马+孱	2
maqiao	骄	jiao	马+乔	193
xinjing	惊	jing	心+京	1611
mayouere	驿	yi	马+又+二+丨	217
maju	骤	zhou	马+聚	190
mahu	驴	lv	马+户	1162
maxiang	骧	xiang	马+襄	34
maji	骥	ji	马+冀	147
mali	骊	li	马+丽	124
guwan	骫	wei	骨+丸	0
gugan	骭	gan	骨+干	1
gushu	骰	tou	骨+殳	48
gujie	骱	jie	骨+介	4
gupi	骳	bei	骨+皮	1
guci	骴	zhai	骨+此	1
gudi	骶	di	骨+氐	93
gugu	骷	ku	骨+古	11
guhai	骸	hai	骨+亥	62
gujiao	骹	xiao	骨+交	2
guhou	骺	hou	骨+后	17
gukua	骻	kua	骨+夸	1
guge	骼	ge	骨+各	10
gugeng	骾	geng	骨+更	0
gubing	骿	pian	骨+并	0
gubei	髀	bi	骨+卑	13
guguo	髁	ke	骨+果	48
guke	髂	qia	骨+客	52
guyou	髄	sui	骨+迶	1
gupo	髆	po	骨+尃	1
gugao	髇	xiao	骨+高	1
gucha	髊	cuo	骨+差	0
guma	髍	mo	骨+麻	0
gulou	髅	lou	骨+娄	5
renben	体	ti	人+本	5566
gubin	髌	bin	骨+宾	13
gukuan	髋	kuan	骨+宽	45
wenkoujiongkou	高	gao	亠+口+冂+口	45167
gaosheng	髜	qiao	高+昇	0
gaozao	髞	sao	高+喿	1
bianwu	髡	kun	髟+兀	14
bianye	髢	di	髟+也	0
bianfang	髣	fang	髟+方	0
bianmao	髦	mao	髟+毛	19
bianyou	髧	dan	髟+冘	1
bianyou	髪	fa	髟+友	8
bianzhao	髫	tiao	髟+召	4
bianpi	髬	pi	髟+丕	0
bianci	髭	zi	髟+此	13
pieba	发	fa	丿+犮	69515
bianran	髯	ran	髟+冉	67
bianbao	髱	bao	髟+包	0
bianpi	髲	bi	髟+皮	1
bianmao	髳	rou	髟+矛	0
bianfu	髴	fu	髟+弗	1
bianer	髶	rong	髟+耳	0
bianqu	髷	qu	髟+曲	1
bianxiu	髹	xiu	髟+休	7
bianshe	髺	yue	髟+舌	0
bianji	髻	ji	髟+吉	116
bianpang	髼	peng	髟+夆	0
bianzuo	髽	zhua	髟+坐	0
bianxiao	髾	shao	髟+肖	1
bianli	鬁	li	髟+利	0
bianzong	鬃	zong	髟+宗	72
bianyi	鬄	ti	髟+易	0
bianpeng	鬅	peng	髟+朋	1
bianjuan	鬈	quan	髟+卷	8
bianchun	鬊	shun	髟+春	0
bianqian	鬋	jian	髟+前	0
bianzuoyue	鬌	duo	髟+左+月	0
bianla	鬎	la	髟+剌	3
bianqiu	鬏	jiu	髟+秋	4
bianqi	鬐	qi	髟+耆	3
bianlian	鬑	lian	髟+廉	1
bianzhen	鬒	zhen	髟+真	1
bianmo	鬕	ma	髟+莫	1
biancan	鬖	san	髟+參	1
bianman	鬘	man	髟+曼	14
bianceng	鬙	seng	髟+曾	0
bianbin	鬓	bin	髟+宾	180
bianxiang	鬤	rang	髟+襄	0
mener	阋	xi	门+兒	8
dougan	鬫	han	鬥+敢	0
mengui	阄	jiu	门+龟	10
yikoujiongyayi	鬲	li	一+口+冂+丫+一	13
huli	鬳	yan	虎+鬲	0
jijili	鬵	xin	旡+旡+鬲	0
lixiongbaxi	鬷	zong	鬲+凶+八+夕	1
lixiongbadong	鬷	zong	鬲+凶+八+夂	1
lipieyiyang	鬺	shang	鬲+丿+一+昜	0
zhouli	鬻	yu	粥+鬲	25
diantianersi	鬼	gui	丶+田+儿+厶	6652
guizhi	鬾	qi	鬼+支	1
guijin	鬿	qi	鬼+斤	1
guidou	魁	kui	鬼+斗	318
yungui	魂	hun	云+鬼	1506
guiba	魃	ba	鬼+犮	15
baigui	魄	po	白+鬼	213
guiwei	魅	mei	鬼+未	313
guiyue	魆	xu	鬼+戉	1
guixiao	魈	xiao	鬼+肖	13
guihuo	魊	yu	鬼+或	2
guizhui	魋	tui	鬼+隹	2
guiqi	魌	qi	鬼+其	1
guiwang	魍	wang	鬼+罔	10
guiliang	魉	liang	鬼+两	18
weigui	魏	wei	委+鬼	2238
guili	魑	chi	鬼+离	9
guipiao	魒	piao	鬼+票	1
magui	魔	mo	麻+鬼	2922
guixu	魖	xu	鬼+虛	1
yangui	魇	yan	厌+鬼	41
guijian	魙	zhan	鬼+漸	1
daotianyi	鱼	yu	刀+田+一	9175
yuri	鲁	lu	鱼+日	2347
yufang	鲂	fang	鱼+方	12
yuyou	鱿	you	鱼+尤	17
yuba	鲅	ba	鱼+犮	5
yuping	鲆	ping	鱼+平	18
yuzhan	鲇	nian	鱼+占	19
yutai	鲐	tai	鱼+台	5
yubao	鲍	bao	鱼+包	607
yufu	鲋	fu	鱼+付	13
yuji	鲒	jie	鱼+吉	3
yuer	鲕	er	鱼+而	4
yuyou	鲔	wei	鱼+有	4
yujiao	鲛	jiao	鱼+交	35
yugui	鲑	gui	鱼+圭	24
yuyang	鲜	xian	鱼+羊	1571
yuxi	鲧	gun	鱼+系	25
yugeng	鲠	geng	鱼+更	27
yuwan	鲩	huan	鱼+完	7
yuli	鲤	li	鱼+里	109
shayu	鲨	sha	沙+鱼	138
yuzai	鲻	zi	鱼+甾	22
yuqing	鲭	qing	鱼+青	6
yuzhou	鲷	diao	鱼+周	33
yugu	鲴	gu	鱼+固	7
yufei	鲱	fei	鱼+非	3
yuer	鲵	ni	鱼+兒	19
yukun	鲲	kun	鱼+昆	79
yuchang	鲳	chang	鱼+昌	14
yujing	鲸	jing	鱼+京	206
yuling	鲮	ling	鱼+夌	5
yuqu	鲰	zou	鱼+取	2
yunian	鲶	nian	鱼+念	17
yushi	鲺	shi	鱼+虱	7
yuji	鲫	ji	鱼+即	42
yubian	鳊	bian	鱼+扁	4
yuhuang	鳇	huang	鱼+皇	2
yuqiu	鳅	qiu	鱼+秋	19
yue	鳄	e	鱼+咢	83
yufu	鳆	fu	鱼+复	2
yusi	鳃	sai	鱼+思	88
yuzao	鳋	sao	鱼+蚤	5
yushi	鲥	shi	鱼+时	5
yuriyu	鳎	ta	鱼+日+羽	14
yuzhuafou	鳐	yao	鱼+爪+缶	21
yuqi	鳍	qi	鱼+耆	133
yulian	鲢	lian	鱼+连	21
aoyu	鳌	ao	敖+鱼	88
yule	鳓	le	鱼+勒	19
minyu	鳘	min	敏+鱼	3
yutiao	鲦	tiao	鱼+条	4
yujian	鲣	jian	鱼+坚	4
yuman	鳗	man	鱼+曼	60
yupiao	鳔	biao	鱼+票	8
yuyong	鳙	yong	鱼+庸	19
yuxue	鳕	xue	鱼+雪	13
yubi	鳖	bie	鱼+敝	255
yuzun	鳟	zun	鱼+尊	6
yushan	鳝	shan	鱼+善	64
yujue	鳜	gui	鱼+厥	5
yuxun	鲟	xun	鱼+寻	29
yuben	鲼	fen	鱼+贲	9
yuli	鳢	li	鱼+豊	9
yuqi	鲚	ji	鱼+齐	4
yulu	鲈	lu	鱼+卢	28
yuli	鲡	li	鱼+丽	2
niaoji	凫	fu	鸟+几	39
jiuniao	鸠	jiu	九+鸟	146
buniao	鳪	bu	卜+鳥	3
daoniao	鳭	zhao	刀+鳥	0
jiyou	凤	feng	几+又	2210
kouniao	鸣	ming	口+鸟	1333
yiniao	鸢	yuan	弋+鸟	104
youniao	鸩	zhen	冘+鸟	27
bishiniao	鸨	bao	匕+十+鸟	10
yaniao	鸦	ya	牙+鸟	232
quniao	鸥	ou	区+鸟	208
lingniao	鸰	ling	令+鸟	1
niaota	鸵	tuo	鸟+它	17
yuanniao	鸳	yuan	夗+鸟	63
juniao	鸲	qu	句+鸟	5
diniao	鸱	chi	氐+鸟	14
danniao	鴠	dan	旦+鳥	1
guniao	鸪	gu	古+鸟	6
yangniao	鸯	yang	央+鸟	18
jianiao	鸭	ya	甲+鸟	1296
erniao	鸸	er	而+鸟	25
sheniao	鸹	gua	舌+鸟	5
shuigongniao	鸿	hong	水+工+鸟	1246
heniao	鸽	ge	合+鸟	240
xiuniao	鸺	xiu	休+鸟	3
yiniao	鸾	luan	亦+鸟	197
yuanniao	鹃	juan	肙+鸟	121
guniao	鹆	yu	谷+鸟	52
beiniao	鹁	bo	孛+鸟	3
diniao	鹈	ti	弟+鸟	14
woniao	鹅	e	我+鸟	871
gaoniao	鹄	gu	告+鸟	21
wuniao	鹉	wu	武+鸟	4
yanniao	鹌	an	奄+鸟	4
pengniao	鹏	peng	朋+鸟	1549
beiniao	鹎	bei	卑+鸟	4
xiniao	鹊	que	昔+鸟	99
dongniao	鸫	dong	东+鸟	9
xiangniao	鹑	chun	享+鸟	19
miaoniao	鹋	miao	苗+鸟	26
huniao	鹕	hu	胡+鸟	6
eniao	鹗	e	咢+鸟	17
meiniao	鹛	mei	眉+鸟	6
guniao	鹘	gu	骨+鸟	7
jianniao	鹣	jian	兼+鸟	7
ziniao	鹚	ci	兹+鸟	18
zhuafouniao	鹞	yao	爪+缶+鸟	28
gaoniao	鷎	gao	皋+鳥	0
chenniao	鷐	chen	晨+鳥	0
shuniao	鹧	zhe	庶+鸟	3
zhiniao	鸷	zhi	执+鸟	10
luniao	鹨	liu	翏+鸟	5
siniao	鸶	si	丝+鸟	5
jiaoniao	鹪	jiao	焦+鸟	12
liaoniao	鹩	liao	尞+鸟	7
jiuniao	鹫	jiu	就+鸟	59
xianniao	鹇	xian	闲+鸟	7
yuniao	鹬	yu	矞+鸟	17
maojiongniao	鹬	yu	矛+冏+鸟	17
guangrenzhuiniao	鹰	ying	广+人+隹+鸟	1133
guangsuiniao	鹰	ying	广+倠+鸟	1133
luniao	鹭	lu	路+鸟	184
luniao	鸬	lu	卢+鸟	23
yingniao	鹦	ying	婴+鸟	15
huanniao	鹳	guan	雚+鸟	20
liniao	鹂	li	丽+鸟	27
lucha	鹾	cuo	卤+差	16
lubi	麀	you	鹿+匕	2
daolu	麁	cu	刀+鹿	3
luji	麂	ji	鹿+几	26
luhuo	麃	pao	鹿+火	2
luqie	麆	zhu	鹿+且	0
luhe	麇	jun	鹿+禾	3
luzhu	麈	zhu	鹿+主	9
ganganlu	麉	jian	干+干+鹿	0
milu	麊	mi	米+鹿	0
lumi	麋	mi	鹿+米	14
luwu	麌	yu	鹿+吳	1
luwensichuan	麍	liu	鹿+亠+厶+川	0
luhuang	麍	liu	鹿+巟	0
luchen	麎	chen	鹿+辰	0
luer	麑	ni	鹿+兒	2
luqi	麒	qi	鹿+其	166
linlu	麓	lu	林+鹿	206
lujiu	麔	jiu	鹿+咎	0
luqun	麕	qun	鹿+囷	1
yijiongdianjiongdian	丽	li	一+冂+丶+冂+丶	3385
luxian	麙	yan	鹿+咸	0
lumi	麛	mi	鹿+弭	1
luli	麜	li	鹿+栗	0
lushe	麝	she	鹿+射	33
lujiang	麠	jing	鹿+畺	0
lululu	麤	cu	鹿+鹿+鹿	2
fengxi	麦	mai	丰+夕	2513
fengdong	麦	mai	丰+夂	2513
maiqi	麧	he	麥+乞	0
maifu	麸	fu	麦+夫	27
maiju	麹	qu	麦+匊	5
maimian	麺	mian	麦+面	2
piesi	么	me	丿+厶	110511
mamao	麾	hui	麻+毛	22
maqu	黀	zou	麻+取	0
caoyitianba	黄	huang	艹+一+田+八	16135
huangzhu	黈	tou	黄+主	1
herenshui	黍	shu	禾+人+水	56
shubaopie	黎	li	黍+勹+丿	2323
hebaopierenshui	黎	li	禾+勹+丿+人+水	2323
shuzhan	黏	nian	黍+占	232
shuli	黐	chi	黍+离	8
heige	黓	yi	黑+戈	1
heijin	黔	qian	黑+今	320
heiyou	黕	dan	黑+冘	0
heiji	黖	xi	黑+旡	0
heiquan	默	mo	黑+犬	840
liquanhuo	黙	mo	里+犬+火	9
heigan	黚	qian	黑+甘	0
daihei	黛	dai	代+黑	461
heichu	黜	chu	黑+出	27
heiyou	黝	you	黑+幼	17
zhanhuo	点	dian	占+火	137956
heiduo	黟	yi	黑+多	9
heiji	黠	xia	黑+吉	15
heiqun	黢	qu	黑+夋	30
heiyan	黤	yan	黑+奄	0
heijing	黥	qing	黑+京	16
heiwan	黦	yue	黑+宛	0
hebaopiehei	黧	li	禾+勹+丿+黑	7
shanger	党	dang	尚+儿	4354
heiyin	黫	yan	黑+垔	0
heiyan	黭	yan	黑+弇	1
heishen	黮	tan	黑+甚	1
heiyin	黯	an	黑+音	180
heizhen	黰	zhen	黑+真	0
heican	黪	can	黑+参	6
heizhan	黵	zhan	黑+詹	1
heimai	黩	du	黑+卖	6
yebajinba	黹	zhi	业+八+巾+八	8
zhifen	黺	fen	黹+分	1
zhiba	黻	fu	黹+犮	22
zhifu	黼	fu	黹+甫	18
koudian	黾	min	口+电	18
yuanmin	鼋	yuan	元+黾	21
mingmin	鼆	meng	冥+黽	4
aomin	鼇	ao	敖+黽	1
bimin	鼈	bie	敝+黽	1
koukoutianyimin	鼍	tuo	口+口+田+一+黾	11
bimin	鼊	bi	辟+黽	0
mupanpian	鼎	ding	目+爿+片	825
naiding	鼐	nai	乃+鼎	22
caiding	鼒	zi	才+鼎	1
shidouzhi	鼓	gu	十+豆+支	1232
gudong	鼕	dong	鼓+冬	1
shicaogu	鼖	fen	十+艹+鼓	0
zhaogu	鼗	tao	兆+鼓	5
gubei	鼙	pi	鼓+卑	11
guchukou	鼛	gao	鼓+处+口	1
guzao	鼜	qi	鼓+蚤	1
gutang	鼞	tang	鼓+堂	0
shufen	鼢	fen	鼠+分	28
shuquan	鼣	fei	鼠+犬	0
shuwen	鼤	wen	鼠+文	0
shuba	鼥	ba	鼠+犮	0
shudong	鼨	zhong	鼠+冬	0
shuju	鼩	qu	鼠+句	5
shusheng	鼪	sheng	鼠+生	0
shushi	鼫	shi	鼠+石	1
shuyou	鼬	you	鼠+由	85
shusi	鼭	shi	鼠+寺	1
shuting	鼮	ting	鼠+廷	0
shuwu	鼯	wu	鼠+吾	12
shuqing	鼱	jing	鼠+青	2
shuju	鼳	xi	鼠+狊	0
shutu	鼵	tu	鼠+突	0
shusi	鼶	si	鼠+虒	1
shuxi	鼷	xi	鼠+奚	3
shujian	鼸	xian	鼠+兼	0
bijiu	鼽	qiu	鼻+九	3
bigan	鼾	han	鼻+干	23
biwa	齀	wu	鼻+瓦	0
biju	齁	hou	鼻+句	4
bili	齂	xie	鼻+隶	0
bihe	齃	he	鼻+曷	0
bicha	齄	zha	鼻+查	5
biyong	齆	weng	鼻+邕	1
binang	齉	nang	鼻+囊	1
qihuo	齌	ji	齊+火	1
chibi	龀	chen	齿+匕	5
chibao	龅	bao	齿+包	9
chici	龇	zi	齿+此	15
chiqie	龃	ju	齿+且	6
chizhao	龆	tiao	齿+召	8
chiling	龄	ling	齿+令	582
chigen	龈	yin	齿+艮	32
chizu	龊	chuo	齿+足	18
chiwu	龉	yu	齿+吾	7
chiyu	龋	qu	齿+禹	79
chiwu	龌	wo	齿+屋	21
guanglong	庞	pang	广+龙	706
longgong	龚	gong	龙+共	843
helong	龛	kan	合+龙	53
daodian	龟	gui	刀+电	1054
renyikoukoukouce	龠	yue	人+一+口+口+口+冊	15
yuehe	龢	he	龠+禾	2
yuejie	龤	xie	龠+皆	0
koumu	呣	m	口+母	8
